basDt,srtnCd,isinCd,itmsNm,mrktCtg,clpr,vs,fltRt,mkp,hipr,lopr,trqu,trPrc,lstgStCnt,mrktTotAmt
20260901,900110,HK0000057197,딥커머스,KOSDAQ,1201,0,0,0,0,0,0,0,18437131,22142994331
20260901,900270,HK0000214814,헝셩그룹,KOSDAQ,3500,175,5.26,3400,4140,3195,3093709,11737502970,5112288,17893008000
20260901,900260,HK0000295359,로스웰,KOSDAQ,1695,45,2.73,1650,1814,1643,33876,59558690,46029706,78020351670
20260901,900290,HK0000307485,GRT,KOSDAQ,4200,-10,-.24,4210,4450,4105,455730,1962909454,83510544,350744284800
20260901,900300,HK0000312568,오가닉티코스메틱,KOSDAQ,4075,-145,-3.44,4235,4370,3955,618169,2575663828,20580097,83863895275
20260901,900310,HK0000341732,컬러레이,KOSDAQ,2240,40,1.82,2175,2290,2175,4160,9292427,12808335,28690670400
20260901,900340,HK0000449303,윙입푸드,KOSDAQ,1510,3,.2,1477,1585,1456,151537,229812686,12582732,18999925320
20260901,000020,KR7000020008,동화약품,KOSPI,5230,50,.97,5180,5250,5130,77171,401511430,27931470,146081588100
20260901,000040,KR7000040006,KR모터스,KOSPI,1459,3,.21,1463,1463,1420,40893,58891787,17275036,25204277524
20260901,000050,KR7000050005,경방,KOSPI,8350,90,1.09,8250,8350,8150,23973,197346050,27415270,228917504500
20260901,000070,KR7000070003,삼양홀딩스,KOSPI,61700,1300,2.15,60900,62500,60900,7692,474155450,7763191,478988884700
20260901,000080,KR7000080002,하이트진로,KOSPI,15600,50,.32,15430,15660,15380,81162,1259791590,70133611,1094084331600
20260901,000087,KR7000082008,하이트진로2우B,KOSPI,12380,10,.08,12510,12510,12300,403,5004950,1130138,13991108440
20260901,000100,KR7000100008,유한양행,KOSPI,82700,-1000,-1.19,83000,83600,82200,136338,11280785500,73615781,6088025088700
20260901,000105,KR7000101006,유한양행우,KOSPI,70700,300,.43,70400,71000,70000,234,16481200,1148340,81187638000
20260901,000120,KR7000120006,CJ대한통운,KOSPI,73500,0,0,73100,73700,72700,49894,3648367900,22812344,1676707284000
20260901,000140,KR7000140004,하이트진로홀딩스,KOSPI,8190,20,.24,8170,8220,8020,3663,29718435,23206765,190063405350
20260901,000145,KR7000141002,하이트진로홀딩스우,KOSPI,9180,90,.99,9090,9250,9060,362,3283860,470810,4322035800
20260901,000150,KR7000150003,두산,KOSPI,1206000,-57000,-4.51,1245000,1260000,1185000,37978,45764506500,16193835,19529765010000
20260901,000155,KR7000151001,두산우,KOSPI,427500,-12500,-2.84,437500,437500,423000,2826,1206593250,3996462,1708487505000
20260901,000157,KR7000152009,두산2우B,KOSPI,344000,-5500,-1.57,349500,350000,340500,75,25937500,893038,307205072000
20260901,000180,KR7000180000,성창기업지주,KOSPI,5210,-30,-.57,5300,5300,5160,9289,48443090,13950320,72681167200
20260901,0001A0,KR70001A0001,덕양에너젠,KOSDAQ,9430,30,.32,9400,9530,9210,42731,400205835,25468962,240172311660
20260901,000210,KR7000210005,DL,KOSPI,50600,200,.4,49900,52500,49150,76386,3845829650,20955884,1060367730400
20260901,000215,KR7000211003,DL우,KOSPI,23550,-150,-.63,23750,24000,23200,1509,35526450,1686115,39708008250
20260901,000220,KR7000220004,유유제약,KOSPI,3940,100,2.6,3840,4050,3815,163341,638898208,15747462,62045000280
20260901,000225,KR7000221002,유유제약1우,KOSPI,3760,80,2.17,3680,3795,3660,7852,29312940,2266930,8523656800
20260901,000227,KR7000222000,유유제약2우B,KOSPI,7620,-140,-1.8,7870,7870,7590,1558,11958560,322960,2460955200
20260901,000230,KR7000230003,일동홀딩스,KOSPI,6500,-70,-1.07,6570,6570,6400,4153,26836170,11540400,75012600000
20260901,000240,KR7000240002,한국앤컴퍼니,KOSPI,24600,-50,-.2,24450,24950,24350,40073,988392725,94935240,2335406904000
20260901,000250,KR7000250001,삼천당제약,KOSDAQ,165300,-2600,-1.55,166400,169300,162800,85971,14193033500,23457472,3877520121600
20260901,000270,KR7000270009,기아,KOSPI,131200,200,.15,129700,133000,129300,813483,106710036000,390412998,51222185337600
20260901,000300,KR7000300004,DH오토넥스,KOSPI,4200,0,0,0,0,0,0,0,41437055,174035631000
20260901,000320,KR7000320002,노루홀딩스,KOSPI,17190,-360,-2.05,17730,17730,17190,2963,51115100,13291151,228474885690
20260901,000325,KR7000321000,노루홀딩스우,KOSPI,27800,-100,-.36,27100,27800,27100,64,1758350,243559,6770940200
20260901,000370,KR7000370007,한화손해보험,KOSPI,8890,480,5.71,8410,8950,8310,1250155,11023991700,116738915,1037808954350
20260901,000390,KR7000390005,SP삼화,KOSPI,6600,-100,-1.49,6640,6730,6500,75010,493726785,27203469,179542895400
20260901,000400,KR7000400002,롯데손해보험,KOSPI,2155,90,4.36,2070,2190,2070,672998,1438353549,310336320,668774769600
20260901,000430,KR7000430009,대원강업,KOSPI,4370,-20,-.46,4390,4470,4325,41980,182617917,62000000,270940000000
20260901,000440,KR7000440008,중앙에너비스,KOSDAQ,11690,120,1.04,11830,12000,11570,47548,560517550,6227130,72795149700
20260901,000480,KR7000480004,CR홀딩스,KOSPI,4560,40,.88,4500,4560,4470,26846,120893035,46890490,213820634400
20260901,000490,KR7000490003,대동,KOSPI,8250,350,4.43,7890,8360,7870,715587,5869642260,28826865,237821636250
20260901,0004V0,KR70004V0003,엔비알모션,KOSDAQ,5550,-30,-.54,5750,5750,5410,90117,495499130,11010384,61107631200
20260901,0004Y0,KR70004Y0000,디비금융제14호스팩,KOSDAQ,1999,0,0,1999,1999,1999,5031,10056969,5315000,10624685000
20260901,000500,KR7000500009,가온전선,KOSPI,208500,-1500,-.71,210000,212000,203500,111900,23283044500,29777607,6208631059500
20260901,000520,KR7000520007,삼일제약,KOSPI,6200,50,.81,6150,6230,6080,34768,213782740,21691811,134489228200
20260901,000540,KR7000540005,흥국화재,KOSPI,3695,165,4.67,3530,3770,3500,100330,369079006,64242645,237376573275
20260901,000545,KR7000541003,흥국화재우,KOSPI,5750,-60,-1.03,5800,5990,5420,2902,16725040,768000,4416000000
20260901,000590,KR7000590000,CS홀딩스,KOSPI,66600,-1200,-1.77,67800,67900,66300,862,57648100,1154482,76888501200
20260901,000640,KR7000640003,동아쏘시오홀딩스,KOSPI,93200,-1000,-1.06,94000,95100,92300,13086,1220229750,6732527,627471516400
20260901,000650,KR7000650002,천일고속,KOSPI,150000,-3300,-2.15,152300,155000,146700,2584,386938500,1429220,214383000000
20260901,000660,KR7000660001,SK하이닉스,KOSPI,1693000,19000,1.14,1666000,1713000,1652000,2727724,4606423190500,730492365,1236723573945000
20260901,000670,KR7000670000,영풍,KOSPI,40350,350,.88,39700,40750,39200,25095,1002537050,18410683,742871059050
20260901,000680,KR7000680009,LS네트웍스,KOSPI,3040,-105,-3.34,3135,3150,3030,72680,223251870,78803016,239561168640
20260901,000700,KR7000700005,유수홀딩스,KOSPI,6610,10,.15,6575,6660,6520,16480,108444580,26041812,172136377320
20260901,000720,KR7000720003,현대건설,KOSPI,120700,-2600,-2.11,122100,124000,118000,475204,56869952950,111355765,13440640835500
20260901,000725,KR7000721001,현대건설우,KOSPI,53200,-1800,-3.27,55000,55000,52800,1682,89718400,1054693,56109667600
20260901,000760,KR7000760009,이화산업,KOSPI,13890,-170,-1.21,13980,14130,13420,1177,16491070,2800000,38892000000
20260901,0007C0,KR70007C0003,아크릴,KOSDAQ,17190,2120,14.07,15070,19000,14750,894393,15521414775,8030324,138041269560
20260901,0007J0,KR70007J0006,인벤테라,KOSDAQ,8280,-150,-1.78,8430,8500,7950,25541,207957170,7865714,65128111920
20260901,000810,KR7000810002,삼성화재,KOSPI,677000,12000,1.8,658000,682000,657000,68112,45924829500,44647473,30226339221000
20260901,000815,KR7000811000,삼성화재우,KOSPI,437000,11000,2.58,425000,440000,423000,12770,5573918750,3007020,1314067740000
20260901,000850,KR7000850008,화천기공,KOSPI,35700,-700,-1.92,36450,36450,35250,9310,331708050,2200000,78540000000
20260901,000860,KR7000860007,강남제비스코,KOSPI,12600,50,.4,12460,12650,12350,8786,109934420,13000000,163800000000
20260901,000880,KR7000880005,한화,KOSPI,128300,-7200,-5.31,133100,133500,118800,426059,52788349450,53328897,6842097485100
20260901,00088K,KR700088K015,한화3우B,KOSPI,39350,-1800,-4.37,41000,41150,37900,25399,983107250,14676613,577524721550
20260901,000890,KR7000890004,보해양조,KOSPI,1321,-17,-1.27,1350,1364,1310,157805,208962286,27624025,36491337025
20260901,0008Z0,KR70008Z0005,에스엔시스,KOSDAQ,24200,200,.83,24400,24450,23850,12182,293752675,9436564,228364848800
20260901,000910,KR7000910000,유니온,KOSPI,3000,-10,-.33,2985,3030,2975,15122,45229230,15611619,46834857000
20260901,000950,KR7000950006,전방,KOSPI,34250,1350,4.1,31950,34300,31900,492,16086150,1680000,57540000000
20260901,000970,KR7000970004,한국주철관,KOSPI,6710,-20,-.3,6700,6710,6620,18801,124854730,22800500,152991355000
20260901,000990,KR7000990002,DB하이텍,KOSPI,94400,-600,-.63,94500,95700,92400,201028,18787704850,43504588,4106833107200
20260901,0009K0,KR70009K0001,에임드바이오,KOSDAQ,23750,-750,-3.06,24300,24800,23500,105857,2523262925,64671161,1535940073750
20260901,001000,KR7001000009,신라섬유,KOSDAQ,462,0,0,0,0,0,0,0,24277540,11216223480
20260901,001020,KR7001020007,페이퍼코리아,KOSPI,2470,120,5.11,2335,2470,2335,17203,41782105,35596662,87923755140
20260901,001040,KR7001040005,CJ,KOSPI,133600,3700,2.85,128800,135800,127100,128290,16960819850,29176998,3898046932800
20260901,001045,KR7001041003,CJ우,KOSPI,69500,500,.72,69000,70300,68700,4337,300948350,2260223,157085498500
20260901,00104K,KR700104K010,CJ4우(전환),KOSPI,129900,3400,2.69,127000,130800,125400,4821,619517100,4226512,549023908800
20260901,001060,KR7001060003,JW중외제약,KOSPI,29000,800,2.84,28700,30100,28000,323277,9384232250,23285930,675291970000
20260901,001065,KR7001061001,JW중외제약우,KOSPI,22550,-250,-1.1,22500,22800,22500,771,17497750,341951,7710995050
20260901,001067,KR7001062009,JW중외제약2우B,KOSPI,48800,1000,2.09,47800,48800,47800,29,1404200,209973,10246682400
20260901,001070,KR7001070002,대한방직,KOSPI,6080,90,1.5,5990,6180,5910,2348,14020150,5300000,32224000000
20260901,001080,KR7001080001,만호제강,KOSPI,4055,40,1,4015,4180,3985,43210,175202662,35114960,142391162800
20260901,0010F0,KR70010F0005,보원케미칼,KOSDAQ,2110,-40,-1.86,2150,2150,2100,16932,35737030,11143601,23512998110
20260901,0010V0,KR70010V0005,제이피아이헬스케어,KOSDAQ,8820,30,.34,8720,8950,8450,4079,35066270,5105400,45029628000
20260901,001120,KR7001120005,LX인터내셔널,KOSPI,39700,750,1.93,38950,40400,38650,102151,4077571525,38760000,1538772000000
20260901,001130,KR7001130004,대한제분,KOSPI,11820,120,1.03,11700,11980,11660,13752,162395325,16900000,199758000000
20260901,0011A0,KR70011A0009,액스비스,KOSDAQ,8430,-150,-1.75,8510,8540,8300,17195,144736700,9333740,78683428200
20260901,0011T0,KR70011T0008,채비,KOSDAQ,4780,-165,-3.34,4910,5100,4730,87852,423244887,46949591,224419044980
20260901,001200,KR7001200005,유진투자증권,KOSPI,4445,55,1.25,4360,4445,4345,272896,1199094493,96866418,430571228010
20260901,001210,KR7001210004,금호전기,KOSPI,13070,590,4.73,13140,14350,12720,16252776,220796240765,12376016,161754529120
20260901,001230,KR7001230002,동국홀딩스,KOSPI,2025,-10,-.49,2035,2090,2005,165632,338176015,155507715,314903122875
20260901,001250,KR7001250000,GS글로벌,KOSPI,2700,25,.93,2670,2725,2645,262178,700469681,82533764,222841162800
20260901,001260,KR7001260009,남광토건,KOSPI,7630,-120,-1.55,7750,7900,7450,39167,298289430,9832572,75022524360
20260901,001270,KR7001270008,부국증권,KOSPI,55600,800,1.46,53700,55900,53700,1669,91864500,10369886,576565661600
20260901,001275,KR7001271006,부국증권우,KOSPI,30300,0,0,30400,30400,30300,632,19153900,3000000,90900000000
20260901,001290,KR7001290006,상상인증권,KOSPI,1010,0,0,0,0,0,0,0,108337120,109420491200
20260901,001340,KR7001340009,PKC,KOSPI,5190,-10,-.19,5170,5250,5100,46874,242650990,45028089,233695781910
20260901,001360,KR7001360007,삼성제약,KOSPI,1362,38,2.87,1324,1380,1312,395802,532525473,94162079,128248751598
20260901,001380,KR7001380005,SG글로벌,KOSPI,1315,-10,-.75,1322,1330,1310,11073,14614662,22482071,29563923365
20260901,001390,KR7001390004,KG케미칼,KOSPI,4490,15,.34,4445,4520,4440,104206,466738405,66403636,298152325640
20260901,0013V0,KR70013V0002,삼진식품,KOSDAQ,4985,-95,-1.87,4980,5080,4895,32863,162140887,9918656,49444500160
20260901,001420,KR7001420009,태원물산,KOSPI,2530,230,10,2300,2600,2085,119361,284367515,7600000,19228000000
20260901,001430,KR7001430008,세아베스틸지주,KOSPI,41350,350,.85,41000,42050,40600,66998,2758272175,35862119,1482898620650
20260901,001440,KR7001440007,대한전선,KOSPI,28650,-750,-2.55,29150,29300,28400,862525,24715773275,195992596,5615187875400
20260901,001450,KR7001450006,현대해상,KOSPI,53400,2500,4.91,50500,53700,50500,539884,28673603850,85248250,4552256550000
20260901,001460,KR7001460005,BYC,KOSPI,37850,-600,-1.56,38600,38600,37550,836,31838350,6246150,236416777500
20260901,001465,KR7001461003,BYC우,KOSPI,27150,50,.18,27300,27300,26800,2060,55529650,2153850,58477027500
20260901,001470,KR7001470004,삼부토건,KOSPI,5820,0,0,0,0,0,0,0,39139903,227794235460
20260901,001500,KR7001500008,현대차증권,KOSPI,8090,120,1.51,7980,8130,7950,81904,656708565,61833044,500229325960
20260901,001510,KR7001510007,SK증권,KOSPI,2535,-20,-.78,2530,2575,2485,2684493,6792340575,231295085,586333040475
20260901,001515,KR7001511005,SK증권우,KOSPI,4335,15,.35,4360,4360,4280,2099,9065145,1956257,8480374095
20260901,001520,KR7001520006,동양,KOSPI,1093,18,1.67,1064,1094,1064,110061,118405528,107122032,117084380976
20260901,001525,KR7001521004,동양우,KOSPI,8950,-100,-1.1,8850,8950,8850,143,1277050,262615,2350404250
20260901,001527,KR7001522002,동양2우B,KOSPI,6490,-160,-2.41,6500,6510,6400,2574,16646560,205705,1335025450
20260901,001530,KR7001530005,DI동일,KOSPI,27700,0,0,27800,29600,27200,91213,2570838400,20715621,573822701700
20260901,001540,KR7001540004,안국약품,KOSDAQ,11010,0,0,11040,11205,10830,26398,290083970,13042420,143597044200
20260901,001550,KR7001550003,조비,KOSPI,11110,240,2.21,11080,11400,10780,152257,1685630365,5192239,57685775290
20260901,001560,KR7001560002,제일연마,KOSPI,9170,80,.88,9040,9170,8980,978,8864900,7600000,69692000000
20260901,001570,KR7001570001,금양,KOSPI,9900,0,0,0,0,0,0,0,63967196,633275240400
20260901,0015G0,KR70015G0009,그린광학,KOSDAQ,14700,-10,-.07,14710,14800,14320,16855,244136790,11702541,172027352700
20260901,0015N0,KR70015N0000,아로마티카,KOSDAQ,10450,-390,-3.6,10850,11920,10430,821032,9155420565,12576922,131428834900
20260901,0015S0,KR70015S0005,페스카로,KOSDAQ,7260,140,1.97,7140,7400,7100,9607,69816280,9866730,71632459800
20260901,001620,KR7001620004,케이비아이동국실업,KOSPI,2160,5,.23,2170,2170,2135,7357,15788605,22258606,48078588960
20260901,001630,KR7001630003,종근당홀딩스,KOSPI,39450,200,.51,38950,39650,38950,1319,51907050,5009861,197639016450
20260901,001680,KR7001680008,대상,KOSPI,18740,430,2.35,18100,18820,18090,207990,3873764765,34648025,649303988500
20260901,001685,KR7001681006,대상우,KOSPI,14680,0,0,14680,14680,14600,1454,21270550,1370223,20114873640
20260901,001720,KR7001720002,신영증권,KOSPI,154000,-2400,-1.53,154700,156400,153100,3037,469519650,16440000,2531760000000
20260901,001740,KR7001740000,SK네트웍스,KOSPI,6640,70,1.07,6570,6710,6420,884001,5790464765,200593889,1331943422960
20260901,001750,KR7001750009,한양증권,KOSPI,19720,220,1.13,19740,19830,19550,8681,171154750,15109486,297959063920
20260901,001755,KR7001751007,한양증권우,KOSPI,19760,320,1.65,19640,19760,19270,9988,192901555,472870,9343911200
20260901,001770,KR7001770007,SHD,KOSPI,13960,740,5.6,13850,14500,13040,59855,826166960,1214878,16959696880
20260901,001780,KR7001780006,알루코,KOSPI,1641,-20,-1.2,1650,1662,1621,182421,298773604,96830132,158898246612
20260901,001790,KR7001790005,대한제당,KOSPI,2910,-15,-.51,2930,2965,2895,155902,455688476,86241915,250963972650
20260901,001795,KR7001791003,대한제당우,KOSPI,2205,15,.68,2175,2210,2175,15080,33135647,6482760,14294485800
20260901,0017J0,KR70017J0004,세미티에스,KOSDAQ,2695,-10,-.37,2700,2795,2665,157867,428532924,30151041,81257055495
20260901,001800,KR7001800002,오리온홀딩스,KOSPI,25500,-300,-1.16,25500,26000,25500,43902,1126200725,60156652,1533994626000
20260901,001810,KR7001810001,무림SP,KOSDAQ,1200,11,.93,1189,1200,1187,18970,22593063,22137500,26565000000
20260901,001820,KR7001820000,삼화콘덴서,KOSPI,112500,-200,-.18,112400,114200,108200,434207,48767226200,10395000,1169437500000
20260901,001840,KR7001840008,이화공영,KOSDAQ,2215,0,0,0,0,0,0,0,28256809,62588831935
20260901,001940,KR7001940006,KISCO홀딩스,KOSPI,27850,-500,-1.76,28300,28400,27700,25748,723081200,14176380,394812183000
20260901,002020,KR7002020006,코오롱,KOSPI,26350,500,1.93,26200,26450,25600,21879,569896075,12907680,340117368000
20260901,002025,KR7002021004,코오롱우,KOSPI,13440,60,.45,13380,13450,13150,1151,15401400,1160437,15596273280
20260901,002030,KR7002030005,아세아,KOSPI,214500,1500,.7,209000,218500,206000,3178,683714000,2058852,441623754000
20260901,002070,KR7002070001,비비안,KOSPI,4815,10,.21,4760,5150,4610,98904,482273189,4801800,23120667000
20260901,002100,KR7002100006,경농,KOSPI,9240,-50,-.54,9290,9300,9180,19253,177582700,19522575,180388593000
20260901,002140,KR7002140002,고려산업,KOSPI,2145,-35,-1.61,2180,2215,2115,373035,805473320,24939425,53495066625
20260901,002150,KR7002150001,도화엔지니어링,KOSPI,5260,-100,-1.87,5380,5380,5200,24424,128420395,33720000,177367200000
20260901,002170,KR7002170009,SYTS,KOSPI,57900,200,.35,57400,58100,55500,9939,567270100,3000000,173700000000
20260901,002200,KR7002200004,한국수출포장,KOSPI,2710,15,.56,2695,2740,2680,131493,355934297,33499941,90784840110
20260901,002210,KR7002210003,동성제약,KOSPI,1480,-13,-.87,1479,1502,1411,78629,115866616,96619507,142996870360
20260901,002220,KR7002220002,한일철강,KOSPI,3020,35,1.17,2995,3025,2930,63222,188213519,26697460,80626329200
20260901,002230,KR7002230001,피에스텍,KOSDAQ,5230,-40,-.76,5280,5300,5140,24345,126541940,18421070,96342196100
20260901,002240,KR7002240000,고려제강,KOSPI,17620,350,2.03,17510,17660,17270,8574,149365165,27000000,475740000000
20260901,002290,KR7002290005,삼일기업공사,KOSDAQ,3355,5,.15,3350,3385,3320,4993,16688375,12400000,41602000000
20260901,002310,KR7002310001,아세아제지,KOSPI,8610,70,.82,8460,8610,8410,45978,391630970,39449510,339660281100
20260901,002320,KR7002320000,한진,KOSPI,15160,230,1.54,14940,15190,14800,15416,230457595,15518616,235262218560
20260901,002350,KR7002350007,넥센타이어,KOSPI,6360,-60,-.93,6430,6470,6330,49269,314073545,97667877,621167697720
20260901,002355,KR7002351005,넥센타이어1우B,KOSPI,3920,20,.51,3900,3935,3850,8266,32366170,6500000,25480000000
20260901,002360,KR7002360006,SH에너지화학,KOSPI,1642,39,2.43,1603,1643,1560,21482,34816896,11113373,18248158466
20260901,002380,KR7002380004,KCC,KOSPI,493500,19500,4.11,474000,493500,474000,26383,12813660000,8592896,4240594176000
20260901,002390,KR7002390003,한독,KOSPI,9600,90,.95,9420,9600,9420,3793,36202365,13763533,132129916800
20260901,002410,KR7002410009,범양건영,KOSPI,1935,0,0,0,0,0,0,0,27479820,53173451700
20260901,002420,KR7002420008,우양피앤엘,KOSPI,5730,-140,-2.39,5870,5870,5730,4561,26265830,31167884,178591975320
20260901,002450,KR7002450005,삼익악기,KOSPI,1162,10,.87,1152,1163,1142,164035,188974305,90530915,105196923230
20260901,002460,KR7002460004,HS화성,KOSPI,10900,0,0,10910,10940,10700,6238,67584160,10150000,110635000000
20260901,002600,KR7002600005,조흥,KOSPI,137900,1600,1.17,138000,138000,137900,3,413900,600000,82740000000
20260901,002620,KR7002620003,제일파마홀딩스,KOSPI,7600,150,2.01,7390,8120,7190,20026,153016900,15973355,121397498000
20260901,002630,KR7002630002,오리엔트바이오,KOSPI,840,-33,-3.78,873,873,824,226296,191579628,59291502,49804861680
20260901,002680,KR7002680007,한탑,KOSDAQ,2560,0,0,2600,2700,2435,131113,337606761,6463359,16546199040
20260901,002690,KR7002690006,동일제강,KOSPI,1473,-29,-1.93,1500,1500,1457,51393,75757472,20300360,29902430280
20260901,002700,KR7002700003,신일전자,KOSPI,1001,1,.1,999,1004,989,373630,372289121,68547521,68616068521
20260901,002710,KR7002710002,TCC스틸,KOSPI,11570,150,1.31,11730,11750,11350,80822,936365200,26213697,303292474290
20260901,002720,KR7002720001,국제약품,KOSPI,3435,50,1.48,3350,3580,3310,181677,625245496,21159832,72684022920
20260901,002760,KR7002760007,보락,KOSPI,1026,-1,-.1,1027,1032,1015,57122,58633658,59900000,61457400000
20260901,002780,KR7002780005,진흥기업,KOSPI,782,0,0,0,0,0,0,0,145471745,113758904590
20260901,002785,KR7002781003,진흥기업우B,KOSPI,1336,0,0,0,0,0,0,0,857218,1145243248
20260901,002787,KR7002782001,진흥기업2우B,KOSPI,2895,0,0,0,0,0,0,0,294808,853469160
20260901,002790,KR7002790004,아모레퍼시픽홀딩스,KOSPI,27200,-50,-.18,26950,27700,26750,103209,2805272925,76458180,2079662496000
20260901,002795,KR7002791002,아모레퍼시픽홀딩스우,KOSPI,11230,-10,-.09,11230,11300,11070,5584,62207850,6381172,71660561560
20260901,00279K,KR700279K010,아모레퍼시픽홀딩스3우C,KOSPI,22350,-100,-.45,22450,22700,22100,6282,140881450,7092200,158510670000
20260901,002800,KR7002800001,신신제약,KOSDAQ,4700,35,.75,4700,5160,4610,1163714,5649300940,15170500,71301350000
20260901,002810,KR7002810000,삼영무역,KOSPI,22350,-100,-.45,22450,22450,21900,16316,360257525,18466948,412736287800
20260901,002820,KR7002820009,SUN&L,KOSPI,1733,63,3.77,1730,1760,1603,29127,49242730,12063204,20905532532
20260901,002840,KR7002840007,미원상사,KOSPI,138000,-300,-.22,134200,139300,134200,2529,345668800,4500000,621000000000
20260901,002870,KR7002870004,신풍,KOSPI,998,-37,-3.57,1035,1039,995,162191,163140982,34958700,34888782600
20260901,002880,KR7002880003,디와이에이,KOSPI,753,0,0,0,0,0,0,0,46773995,35220818235
20260901,002900,KR7002900009,TYM,KOSPI,6920,120,1.76,6790,6960,6750,109325,752359650,41400000,286488000000
20260901,002920,KR7002920007,유성기업,KOSPI,1795,25,1.41,1830,1830,1778,8209,14624594,25947500,46575762500
20260901,002960,KR7002960003,한국쉘석유,KOSPI,498000,-500,-.1,503000,506000,498000,741,371670500,1300000,647400000000
20260901,002990,KR7002990000,금호건설,KOSPI,16500,40,.24,16610,17250,15630,6464860,105953043975,37259974,614789571000
20260901,002995,KR7002991008,금호건설우,KOSPI,21050,-1150,-5.18,22250,22250,20900,14758,312564200,292266,6152199300
20260901,003000,KR7003000007,부광약품,KOSPI,4380,195,4.66,4190,4875,4140,4811517,22009847401,98664671,432151258980
20260901,003010,KR7003010006,혜인,KOSPI,10770,-1620,-13.08,12280,12380,10140,663173,7251040135,12712747,136916285190
20260901,003030,KR7003030004,세아제강지주,KOSPI,102300,1000,.99,100000,103600,100000,15766,1601836800,4141657,423691511100
20260901,003060,KR7003060001,에이프로젠바이오로직스,KOSPI,1738,-62,-3.44,1782,1813,1730,157224,275476010,15989317,27789432946
20260901,003070,KR7003070000,코오롱글로벌,KOSPI,9770,-50,-.51,9800,9890,9600,12262,119137830,25423959,248392079430
20260901,003075,KR7003071008,코오롱글로벌우,KOSPI,12840,-130,-1,12960,13060,12550,147,1876760,740737,9511063080
20260901,003080,KR7003080009,SB성보,KOSPI,2235,0,0,2260,2260,2230,3402,7593780,20020000,44744700000
20260901,003090,KR7003090008,대웅,KOSPI,17790,-250,-1.39,17680,17950,17560,52441,929358830,58141980,1034345824200
20260901,0030R0,KR70030R0007,대신밸류리츠,KOSPI,4000,30,.76,4000,4025,3950,17803,71303116,59780000,239120000000
20260901,003100,KR7003100005,선광,KOSDAQ,21000,150,.72,20850,21000,20700,3237,67593150,6600000,138600000000
20260901,003120,KR7003120003,일성아이에스,KOSPI,20600,150,.73,20200,20600,20100,7148,144396050,13300000,273980000000
20260901,003160,KR7003160009,디아이,KOSPI,26650,2450,10.12,26000,27700,25500,918402,24714325925,28300000,754195000000
20260901,003200,KR7003200003,일신방직,KOSPI,10840,-70,-.64,10770,10890,10700,18319,197723330,22960000,248886400000
20260901,003220,KR7003220001,대원제약,KOSPI,7970,40,.5,7950,8040,7880,18276,145423820,22427583,178747836510
20260901,003230,KR7003230000,삼양식품,KOSPI,1492000,-39000,-2.55,1532000,1537000,1461000,40748,60952954000,7533015,11239258380000
20260901,003240,KR7003240009,태광산업,KOSPI,953000,21000,2.25,919000,953000,918000,1765,1654653000,1113400,1061070200000
20260901,003280,KR7003280005,흥아해운,KOSPI,1689,-11,-.65,1700,1725,1681,2932549,4985712412,240424899,406077654411
20260901,003300,KR7003300001,한일홀딩스,KOSPI,18720,-200,-1.06,18870,18870,18540,14028,261501500,30831444,577164631680
20260901,003310,KR7003310000,대주산업,KOSDAQ,1675,-29,-1.7,1704,1716,1671,208932,352458220,35392350,59282186250
20260901,003350,KR7003350006,한국화장품제조,KOSPI,13940,-1030,-6.88,14970,15160,13640,895478,12703237575,22660000,315880400000
20260901,003380,KR7003380003,하림지주,KOSDAQ,10660,-150,-1.39,10650,10880,10610,219333,2343946130,112005621,1193979919860
20260901,003460,KR7003460003,유화증권,KOSPI,3095,5,.16,3065,3105,3045,38349,117699069,56702415,175493974425
20260901,003465,KR7003461001,유화증권우,KOSPI,3045,-30,-.98,3285,3285,3030,461,1399965,17476425,53215714125
20260901,003470,KR7003470002,유안타증권,KOSPI,4780,50,1.06,4730,4785,4670,168687,800210830,192680102,921010887560
20260901,003475,KR7003471000,유안타증권우,KOSPI,4340,70,1.64,4275,4370,4235,11445,49259258,12811370,55601345800
20260901,003480,KR7003480001,한진중공업홀딩스,KOSPI,4790,90,1.91,4705,4790,4700,22781,108230390,29529812,141447799480
20260901,003490,KR7003490000,대한항공,KOSPI,28750,650,2.31,27750,28950,27750,2274669,64700042700,368220661,10586344003750
20260901,003495,KR7003491008,대한항공우,KOSPI,21800,50,.23,21750,21850,21400,558,12087650,1110794,24215309200
20260901,003520,KR7003520004,영진약품,KOSPI,1148,15,1.32,1140,1148,1115,251058,284571747,182892731,209960855188
20260901,003530,KR7003530003,한화투자증권,KOSPI,4930,0,0,4935,4960,4795,1026299,4989629379,214547775,1057720530750
20260901,003535,KR7003531001,한화투자증권우,KOSPI,6870,50,.73,6820,6940,6580,29306,197826270,4800000,32976000000
20260901,003540,KR7003540002,대신증권,KOSPI,26900,-200,-.74,26800,27100,26600,26666,716001400,47666126,1282218789400
20260901,003545,KR7003541000,대신증권우,KOSPI,20600,100,.49,20500,20700,20375,20728,425679200,24383334,502296680400
20260901,003547,KR7003542008,대신증권2우B,KOSPI,19760,50,.25,19500,19810,19500,5722,112626385,9606666,189827720160
20260901,003550,KR7003550001,LG,KOSPI,120300,900,.75,117800,120300,114900,227855,27031228400,151192004,18188398081200
20260901,003555,KR7003551009,LG우,KOSPI,72100,0,0,72200,72300,71400,7816,562232700,3011199,217107447900
20260901,003570,KR7003570009,SNT다이내믹스,KOSPI,28900,-400,-1.37,29650,29800,28700,48190,1399474100,33252697,961002943300
20260901,003580,KR7003580008,HLB글로벌,KOSPI,1577,18,1.15,1710,1770,1560,164408,266873911,50663505,79896347385
20260901,003610,KR7003610003,방림,KOSPI,5500,10,.18,5540,5550,5440,42629,233501750,32110778,176609279000
20260901,003620,KR7003620002,KG모빌리티,KOSPI,2670,-30,-1.11,2695,2700,2660,234823,627836776,202374912,540341015040
20260901,003650,KR7003650009,미창석유,KOSPI,136300,-1200,-.87,137500,141700,133400,4305,582283500,1739672,237117293600
20260901,003670,KR7003670007,포스코퓨처엠,KOSPI,191300,-9200,-4.59,197100,198300,189300,424790,82144171900,88946220,17015411886000
20260901,003680,KR7003680006,한성기업,KOSPI,4920,70,1.44,4840,4940,4770,110028,534740329,6209515,30550813800
20260901,003690,KR7003690005,코리안리,KOSPI,14680,400,2.8,14390,14840,14290,145775,2135928245,176721031,2594264735080
20260901,003720,KR7003720000,삼영,KOSPI,6260,-160,-2.49,6400,6490,6180,156931,988154350,34000000,212840000000
20260901,003780,KR7003780004,진양산업,KOSPI,3915,20,.51,3895,3915,3850,21274,82710794,13000000,50895000000
20260901,0037T0,KR70037T0008,KB제32호스팩,KOSDAQ,1999,3,.15,1996,2000,1990,16876,33728273,6330000,12653670000
20260901,003800,KR7003800000,에이스침대,KOSDAQ,33000,-50,-.15,33050,33300,32750,2329,76813200,11090000,365970000000
20260901,003830,KR7003830007,대한화섬,KOSPI,116200,-1300,-1.11,118900,118900,114800,210,24330400,1328000,154313600000
20260901,003850,KR7003850005,보령,KOSPI,9060,-10,-.11,9000,9100,8950,92488,837617180,85787207,777232095420
20260901,003920,KR7003920006,남양유업,KOSPI,44650,250,.56,44150,44650,44050,1948,86439400,5673447,253319408550
20260901,003925,KR7003921004,남양유업우,KOSPI,29850,50,.17,29900,29900,29550,425,12672925,1891149,56450797650
20260901,003960,KR7003960002,사조대림,KOSPI,30950,-50,-.16,30850,31300,30400,7462,229484050,9164467,283640253650
20260901,0039P0,KR70039P0000,매드업,KOSDAQ,9180,1580,20.79,8260,9600,8110,6996657,63628546090,18807400,172651932000
20260901,004000,KR7004000006,롯데정밀화학,KOSPI,47700,-100,-.21,47350,49050,47150,40412,1935306500,25800000,1230660000000
20260901,004020,KR7004020004,현대제철,KOSPI,30800,400,1.32,30100,31950,30100,409971,12704909875,133445785,4110130178000
20260901,004060,KR7004060000,SG세계물산,KOSPI,2245,-15,-.66,2255,2285,2225,51536,115385949,20242496,45444403520
20260901,004080,KR7004080008,신흥,KOSPI,14090,10,.07,14050,14090,14010,1217,17113490,9300000,131037000000
20260901,004090,KR7004090007,한국석유,KOSPI,11210,0,0,11300,11430,11130,85868,969792470,12694120,142301085200
20260901,004100,KR7004100004,태양금속,KOSPI,2600,5,.19,2565,2625,2565,156311,406337548,36700000,95420000000
20260901,004105,KR7004101002,태양금속우,KOSPI,3215,-10,-.31,3255,3305,3190,9552,31057850,3300000,10609500000
20260901,004140,KR7004140000,동방,KOSPI,1822,-20,-1.09,1815,1841,1806,77802,141331996,47971766,87404557652
20260901,004150,KR7004150009,한솔홀딩스,KOSPI,3400,0,0,3355,3410,3355,46028,155803055,41026620,139490508000
20260901,004170,KR7004170007,신세계,KOSPI,436000,22000,5.31,410500,441500,402000,99509,42208497750,9445181,4118098916000
20260901,0041B0,KR70041B0002,교보18호스팩,KOSDAQ,2010,0,0,2015,2015,2005,16790,33698325,5040000,10130400000
20260901,0041J0,KR70041J0004,엘에스스팩1호,KOSDAQ,1997,10,.5,1994,1999,1987,6526,13016243,4110000,8207670000
20260901,0041L0,KR70041L0000,하나35호스팩,KOSDAQ,1997,0,0,1998,1998,1990,7896,15738726,6030000,12041910000
20260901,004250,KR7004250007,NPC,KOSPI,3030,25,.83,3005,3030,2995,12767,38474030,36720000,111261600000
20260901,004255,KR7004251005,NPC우,KOSPI,1874,39,2.13,1865,1875,1827,22164,41261078,5280000,9894720000
20260901,004270,KR7004270005,남성,KOSPI,4950,15,.3,4950,5010,4905,7024,34977430,4560128,22572633600
20260901,004310,KR7004310009,현대약품,KOSPI,8290,1910,29.94,6390,8290,6300,19592352,149850654310,32000000,265280000000
20260901,004360,KR7004360004,세방,KOSPI,13630,110,.81,13600,13670,13510,9943,135188840,19115603,260545668890
20260901,004365,KR7004361002,세방우,KOSPI,9360,-20,-.21,9330,9390,9280,146,1358240,3689250,34531380000
20260901,004370,KR7004370003,농심,KOSPI,441500,-2000,-.45,440500,458000,425500,21786,9601414500,6082642,2685486443000
20260901,004380,KR7004380002,삼익THK,KOSPI,8200,-60,-.73,8110,8260,8000,20506,165985120,20700000,169740000000
20260901,004410,KR7004410007,서울식품,KOSPI,1259,4,.32,1260,1268,1202,160960,199545801,39455013,49673861367
20260901,004415,KR7004411005,서울식품우,KOSPI,5350,200,3.88,5300,5440,5300,1142,6168600,222450,1190107500
20260901,004430,KR7004430005,송원산업,KOSPI,11650,190,1.66,11360,12010,11360,157719,1844230910,24000000,279600000000
20260901,004440,KR7004440004,삼일씨엔에스,KOSPI,5360,-10,-.19,5350,5450,5240,22324,119548560,12731947,68243235920
20260901,004450,KR7004450003,삼화왕관,KOSPI,26750,200,.75,26250,26950,26000,1057,28004400,2154379,57629638250
20260901,004490,KR7004490009,세방전지,KOSPI,67100,-1100,-1.61,68200,68700,65600,104269,6982864700,13860000,930006000000
20260901,0044K0,KR70044K0008,삼성스팩10호,KOSDAQ,1993,-2,-.1,1994,1996,1980,966,1918585,7520000,14987360000
20260901,004540,KR7004540001,깨끗한나라,KOSPI,1239,48,4.03,1191,1250,1173,205046,247485717,37240693,46141218627
20260901,004545,KR7004541009,깨끗한나라우,KOSPI,4545,0,0,0,0,0,0,0,366160,1664197200
20260901,004560,KR7004560009,현대비앤지스틸,KOSPI,11620,-70,-.6,11680,11790,11530,19547,227940650,15078811,175215783820
20260901,004590,KR7004590006,한국가구,KOSDAQ,5040,115,2.34,4925,5180,4905,39940,200736785,15000000,75600000000
20260901,004650,KR7004650008,창해에탄올,KOSDAQ,9450,10,.11,9440,9450,9350,11407,107033600,9190885,86853863250
20260901,004690,KR7004690004,삼천리,KOSPI,134500,1100,.82,132800,135400,132800,5635,757189150,3626777,487801506500
20260901,004700,KR7004700001,조광피혁,KOSPI,64500,-1300,-1.98,65800,65900,64500,2646,171526900,6649138,428869401000
20260901,004710,KR7004710000,한솔테크닉스,KOSPI,6640,-190,-2.78,6750,6830,6540,363329,2405932670,53119817,352715584880
20260901,004720,KR7004720009,팜젠사이언스,KOSPI,3250,5,.15,3115,3270,3115,14478,46560950,22654365,73626686250
20260901,004770,KR7004770004,써니전자,KOSPI,2375,5,.21,2445,2590,2275,5548980,13472771329,35507438,84330165250
20260901,004780,KR7004780003,대륙제관,KOSDAQ,4160,15,.36,4175,4175,4115,16678,69241455,15903199,66157307840
20260901,004800,KR7004800009,효성,KOSPI,172500,5700,3.42,165800,173000,163900,16987,2868507950,16740407,2887720207500
20260901,004830,KR7004830006,덕성,KOSPI,3400,10,.29,3365,3410,3335,27975,94294945,15680000,53312000000
20260901,004835,KR7004831004,덕성우,KOSPI,4225,20,.48,4220,4245,4140,2843,11958460,1392000,5881200000
20260901,004840,KR7004840005,DRB동일,KOSPI,4275,-10,-.23,4280,4280,4200,24707,104327870,19272364,82389356100
20260901,004870,KR7004870002,티웨이홀딩스,KOSPI,1146,16,1.42,1130,1180,1118,63771,72965804,22632698,25937071908
20260901,004890,KR7004890000,동일산업,KOSPI,36800,1200,3.37,35650,36800,35650,460,16760600,2425215,89247912000
20260901,004910,KR7004910006,조광페인트,KOSPI,3610,15,.42,3590,3610,3505,8349,29630930,12800000,46208000000
20260901,004920,KR7004920005,씨아이테크,KOSPI,925,-4,-.43,930,930,910,106903,98296131,52179872,48266381600
20260901,004960,KR7004960001,한신공영,KOSPI,11800,-260,-2.16,12000,12000,11560,20921,245199345,11570702,136534283600
20260901,004970,KR7004970000,신라교역,KOSPI,9340,-60,-.64,9360,9390,9220,22066,204318860,16000000,149440000000
20260901,004980,KR7004980009,성신양회,KOSPI,8540,-140,-1.61,8680,8680,8420,56257,479985550,24516073,209367263420
20260901,004985,KR7004981007,성신양회우,KOSPI,8440,-10,-.12,8740,8740,8320,834,6993250,735645,6208843800
20260901,004990,KR7004990008,롯데지주,KOSPI,24250,350,1.46,23750,24500,23750,115925,2807556675,99663776,2416846568000
20260901,00499K,KR700499K014,롯데지주우,KOSPI,24450,50,.2,24450,25300,23800,673,16845150,805603,19696993350
20260901,005010,KR7005010004,휴스틸,KOSPI,3750,0,0,3785,3790,3685,191622,713074570,56188075,210705281250
20260901,005030,KR7005030002,부산주공,KOSPI,486,0,0,0,0,0,0,0,92782988,45092532168
20260901,005070,KR7005070008,코스모신소재,KOSPI,40200,-1250,-3.02,41400,41900,39950,67641,2758370000,33214571,1335225754200
20260901,005090,KR7005090006,SGC에너지,KOSPI,52000,-3500,-6.31,55500,55500,50900,348126,18198837100,14409333,749285316000
20260901,005110,KR7005110002,한창,KOSPI,1254,0,0,0,0,0,0,0,21106407,26467434378
20260901,005160,KR7005160007,동국산업,KOSDAQ,2570,-10,-.39,2590,2620,2550,22253,57104100,54244482,139408318740
20260901,005180,KR7005180005,빙그레,KOSPI,91500,900,.99,91200,94500,90300,83164,7686602150,9269031,848116336500
20260901,005250,KR7005250006,녹십자홀딩스,KOSPI,9970,-60,-.6,9930,10060,9930,33278,332760180,47028210,468871253700
20260901,005257,KR7005252002,녹십자홀딩스2우,KOSPI,17530,-240,-1.35,17900,17900,17510,54,958660,845990,14830204700
20260901,005290,KR7005290002,동진쎄미켐,KOSDAQ,41900,-700,-1.64,42150,42500,41500,192796,8071957925,50970126,2135648279400
20260901,005300,KR7005300009,롯데칠성,KOSPI,99100,-700,-.7,99400,100000,98400,14115,1396705450,9278884,919537404400
20260901,005305,KR7005301007,롯데칠성우,KOSPI,67600,-400,-.59,68200,68300,67500,761,51484200,775310,52410956000
20260901,005320,KR7005320007,온타이드,KOSPI,1040,240,30,820,1040,798,1496940,1470040200,34187845,35555358800
20260901,005360,KR7005360003,모나미,KOSPI,1365,-28,-2.01,1390,1405,1350,269479,367439052,18897307,25794824055
20260901,005380,KR7005380001,현대차,KOSPI,400500,-3000,-.74,404000,408000,396500,383747,153323487000,204757766,82005485283000
20260901,005385,KR7005381009,현대차우,KOSPI,190800,1100,.58,190500,192200,188200,32628,6196940500,23340960,4453455168000
20260901,005387,KR7005382007,현대차2우B,KOSPI,190800,200,.1,191300,192800,188400,59109,11237005150,34963930,6671117844000
20260901,005389,KR7005383005,현대차3우B,KOSPI,187900,-400,-.21,188300,189600,185600,6058,1133542300,2327452,437328230800
20260901,005420,KR7005420005,코스모화학,KOSPI,11380,-330,-2.82,11640,11900,11340,133513,1541821290,38408228,437085634640
20260901,005430,KR7005430004,한국공항,KOSPI,80400,-300,-.37,80700,82000,79400,5670,455843200,3166355,254574942000
20260901,005440,KR7005440003,현대지에프홀딩스,KOSPI,12110,130,1.09,11970,12210,11800,154749,1862275880,183397199,2220940079890
20260901,005490,KR7005490008,POSCO홀딩스,KOSPI,341000,2500,.74,339000,351000,337500,303526,104647684750,79241527,27021360707000
20260901,0054V0,KR70054V0002,엔에이치스팩32호,KOSDAQ,2010,5,.25,2005,2020,2005,3511,7040540,6216500,12495165000
20260901,005500,KR7005500004,삼진제약,KOSPI,18820,20,.11,18860,18890,18650,25087,469952550,13320000,250682400000
20260901,005610,KR7005610001,삼립,KOSPI,41450,150,.36,41000,41750,40650,4506,185379900,8629009,357672423050
20260901,005670,KR7005670005,푸드웰,KOSDAQ,6370,30,.47,6340,6380,6250,7901,49902000,10000000,63700000000
20260901,005680,KR7005680004,삼영전자,KOSPI,12210,-120,-.97,12280,12500,12150,12922,157501710,20000000,244200000000
20260901,005690,KR7005690003,파미셀,KOSPI,10930,-180,-1.62,11110,11190,10810,316524,3461317105,60004014,655843873020
20260901,005710,KR7005710009,대원산업,KOSDAQ,10950,290,2.72,11290,11290,10770,43159,475411055,20037600,219411720000
20260901,005720,KR7005720008,넥센,KOSPI,6210,60,.98,6170,6210,6100,3776,23171940,52543977,326298097170
20260901,005725,KR7005721006,넥센우,KOSPI,4340,30,.7,0,0,0,0,0,3600600,15626604000
20260901,005740,KR7005740006,크라운해태홀딩스,KOSPI,5680,-100,-1.73,5780,5850,5610,27813,156796430,14847347,84332930960
20260901,005745,KR7005741004,크라운해태홀딩스우,KOSPI,5350,80,1.52,5200,5400,5200,145,779110,600726,3213884100
20260901,005750,KR7005750005,대림바스,KOSPI,4750,-50,-1.04,4805,4870,4675,41713,198554794,16592240,78813140000
20260901,005800,KR7005800008,신영와코루,KOSPI,13480,20,.15,13460,13480,13360,1033,13893930,9000000,121320000000
20260901,005810,KR7005810007,풍산홀딩스,KOSPI,38050,300,.79,37750,38050,37550,11073,418460950,14417292,548577960600
20260901,005820,KR7005820006,원림,KOSPI,15540,110,.71,15430,15620,15270,4902,75940480,2297970,35710453800
20260901,005830,KR7005830005,DB손해보험,KOSPI,192600,11500,6.35,180100,196400,179600,278149,53631403900,65500349,12615367217400
20260901,005850,KR7005850003,에스엘,KOSPI,52900,-300,-.56,53200,53800,52100,35647,1877715400,46448520,2457126708000
20260901,005860,KR7005860002,한일사료,KOSDAQ,2450,-40,-1.61,2490,2545,2450,314593,777808153,39403685,96539028250
20260901,005870,KR7005870001,휴니드,KOSPI,4555,-30,-.65,4590,4600,4450,35736,160621733,14116015,64298448325
20260901,005880,KR7005880000,대한해운,KOSPI,2060,-30,-1.44,2085,2115,2030,1027046,2120578762,322747340,664859520400
20260901,005930,KR7005930003,삼성전자,KOSPI,261000,1000,.38,256500,262500,254000,15319615,3975422357250,5846278608,1525878716688000
20260901,005935,KR7005931001,삼성전자우,KOSPI,190300,3800,2.04,186500,190500,184500,2015205,380566546950,802371203,152691239930900
20260901,005940,KR7005940002,NH투자증권,KOSPI,26500,-50,-.19,26400,26600,26000,313723,8254411175,369206105,9783961782500
20260901,005945,KR7005941000,NH투자증권우,KOSPI,23600,200,.85,23500,23600,23300,18424,431271825,18870968,445354844800
20260901,005950,KR7005950001,이수화학,KOSPI,12610,420,3.45,12190,12920,11960,600124,7537062765,26294169,331569471090
20260901,005960,KR7005960000,동부건설,KOSPI,7500,60,.81,7500,7590,7300,68448,507536660,22946663,172099972500
20260901,005965,KR7005961008,동부건설우,KOSPI,17320,20,.12,17070,17350,17070,192,3324540,225732,3909678240
20260901,005990,KR7005990007,매일홀딩스,KOSDAQ,10800,-40,-.37,10850,10850,10770,598,6459850,13298304,143621683200
20260901,006040,KR7006040000,동원산업,KOSPI,37950,-500,-1.3,38050,38650,37800,36495,1389669950,44140819,1675144081050
20260901,006050,KR7006050009,국영지앤엠,KOSDAQ,4880,-50,-1.01,4890,4890,4705,10335,49221105,3489524,17028877120
20260901,006060,KR7006060008,화승인더,KOSPI,2525,0,0,2495,2525,2485,39850,99903460,55320000,139683000000
20260901,006090,KR7006090005,사조오양,KOSPI,9260,110,1.2,9150,9370,8910,24457,225928370,9422739,87254563140
20260901,006110,KR7006110001,삼아알미늄,KOSPI,70900,-600,-.84,72500,75500,67500,187967,13347717250,15123455,1072252959500
20260901,006120,KR7006120000,SK디스커버리,KOSPI,52900,1900,3.73,50300,53600,50300,23813,1256919750,17413751,921187427900
20260901,006125,KR7006121008,SK디스커버리우,KOSPI,41100,500,1.23,40100,41600,40100,8017,330990800,1231705,50623075500
20260901,006140,KR7006140008,피제이전자,KOSDAQ,4710,-55,-1.15,4780,4880,4650,34682,163027065,14865000,70014150000
20260901,006200,KR7006200000,한국전자홀딩스,KOSPI,1947,0,0,1951,1969,1876,18613,35948414,9360627,18225140769
20260901,006220,KR7006220008,제주은행,KOSPI,10150,-20,-.2,10200,10440,10050,292658,2986849015,37798557,383655353550
20260901,006260,KR7006260004,LS,KOSPI,310000,-1500,-.48,308000,312500,300500,68724,21062269750,31200000,9672000000000
20260901,006280,KR7006280002,녹십자,KOSPI,128100,-1000,-.77,127900,129300,127200,13517,1732125500,11686538,1497045517800
20260901,006340,KR7006340004,대원전선,KOSPI,13280,-340,-2.5,13620,13780,13160,1270141,16968384585,78414416,1041343444480
20260901,006345,KR7006341002,대원전선우,KOSPI,9790,-200,-2,10000,10000,9770,10640,104476795,2621200,25661548000
20260901,006360,KR7006360002,GS건설,KOSPI,33300,-3000,-8.26,36100,36350,32850,2305031,78057862825,85581490,2849863617000
20260901,006370,KR7006370001,대구백화점,KOSPI,3940,115,3.01,3795,3960,3790,60372,234297715,10821611,42637147340
20260901,006380,KR7006380000,카프로,KOSPI,3660,0,0,0,0,0,0,0,168999996,618539985360
20260901,006400,KR7006400006,삼성SDI,KOSPI,569000,-8000,-1.39,576000,600000,563000,579230,336996770500,80585530,45853166570000
20260901,006405,KR7006401004,삼성SDI우,KOSPI,225500,-3500,-1.53,230000,234500,223000,6390,1464351000,1617896,364835548000
20260901,006490,KR7006490007,프리티,KOSPI,898,0,0,0,0,0,0,0,29577223,26560346254
20260901,006570,KR7006570006,대림통상,KOSPI,1888,-7,-.37,1890,1949,1864,43392,82928484,15225000,28744800000
20260901,006620,KR7006620009,동구바이오제약,KOSDAQ,3625,45,1.26,3570,3630,3530,69576,249367054,28464992,103185596000
20260901,006650,KR7006650006,대한유화,KOSPI,98600,2400,2.49,95000,101400,94100,67786,6703128200,6500000,640900000000
20260901,006660,KR7006660005,삼성공조,KOSPI,12730,-170,-1.32,12900,12930,12600,102873,1308556730,8126314,103447977220
20260901,006730,KR7006730006,서부T&D,KOSDAQ,10980,-150,-1.35,11020,11280,10770,245946,2697674495,64276923,705760614540
20260901,006740,KR7006740005,블루산업개발,KOSPI,5270,-70,-1.31,5400,5450,5250,4744,25114845,4747965,25021775550
20260901,006800,KR7006800007,미래에셋증권,KOSPI,34900,200,.58,34700,35000,34000,891922,30699303750,543021051,18951434679900
20260901,006805,KR7006801005,미래에셋증권우,KOSPI,12500,-20,-.16,12320,12630,12150,41091,507394775,13454133,168176662500
20260901,00680K,KR700680K019,미래에셋증권2우B,KOSPI,11180,-110,-.97,11280,11320,10950,190309,2118934750,127271150,1422891457000
20260901,006840,KR7006840003,AK홀딩스,KOSPI,7500,0,0,7500,7550,7430,1842,13794680,13247561,99356707500
20260901,006880,KR7006880009,신송홀딩스,KOSPI,4450,-105,-2.31,4555,4555,4415,15582,69494220,11828858,52638418100
20260901,006890,KR7006890008,태경케미컬,KOSPI,5240,30,.58,5210,5290,5170,7694,40229585,11600000,60784000000
20260901,0068Y0,KR70068Y0003,비엔케이제3호스팩,KOSDAQ,1985,5,.25,1988,1997,1975,3799,7521384,4310000,8555350000
20260901,006910,KR7006910004,보성파워텍,KOSDAQ,7140,-160,-2.19,7220,7250,7050,452338,3217721400,49129824,350786943360
20260901,006920,KR7006920003,모헨즈,KOSDAQ,3325,-25,-.75,3355,3430,3280,29094,96761545,10920000,36309000000
20260901,006980,KR7006980007,우성,KOSPI,15790,40,.25,15750,15790,15700,830,13040650,3090000,48791100000
20260901,007070,KR7007070006,GS리테일,KOSPI,26350,0,0,26150,26400,25750,95899,2503571300,83607415,2203055385250
20260901,0070X0,KR70070X0000,에스테크엠,KONEX,10250,250,2.5,11400,11400,9710,83,808700,1510000,15477500000
20260901,007110,KR7007110000,일신석재,KOSPI,602,-5,-.82,601,647,587,1442564,889438653,77456610,46628879220
20260901,007120,KR7007120009,미래아이앤지,KOSPI,1204,-1,-.08,1263,1263,1181,18328,22193635,27323114,32897029256
20260901,007160,KR7007160005,사조산업,KOSPI,51700,200,.39,52000,52000,50300,2564,130204400,5000000,258500000000
20260901,0071M0,KR70071M0002,삼성스팩11호,KOSDAQ,1983,-4,-.2,1986,1994,1983,5428,10775231,5760000,11422080000
20260901,007210,KR7007210008,벽산,KOSPI,1449,5,.35,1449,1450,1430,34852,50242009,65360000,94706640000
20260901,007280,KR7007280001,한국특강,KOSPI,2360,35,1.51,2310,2360,2310,5658,13242275,28646540,67605834400
20260901,0072Z0,KR70072Z0006,KB제33호스팩,KOSDAQ,1981,1,.05,1980,1985,1980,3668,7276071,7885000,15620185000
20260901,007310,KR7007310006,오뚜기,KOSPI,336500,0,0,335000,340000,332000,2900,972402500,4007830,1348634795000
20260901,007330,KR7007330004,푸른저축은행,KOSDAQ,10150,-30,-.29,10180,10210,10010,2134,21613340,15082800,153090420000
20260901,007340,KR7007340003,DN오토모티브,KOSPI,46200,-1000,-2.12,46800,47250,45750,99220,4606328525,58510865,2703201963000
20260901,007370,KR7007370000,진양제약,KOSDAQ,4050,-10,-.25,4060,4090,4000,8170,33028575,14134587,57245077350
20260901,007390,KR7007390008,네이처셀,KOSDAQ,25800,-200,-.77,25400,26350,25150,253398,6506411125,64435056,1662424444800
20260901,007460,KR7007460009,에이프로젠,KOSPI,2160,-180,-7.69,2320,2320,2140,601028,1321652219,24825953,53624058480
20260901,007530,KR7007530009,와이엠,KOSDAQ,1538,16,1.05,1522,1550,1503,10924,16647984,22254231,34227007278
20260901,007540,KR7007540008,샘표,KOSPI,44200,300,.68,43950,44200,43750,1598,70197850,2875800,127110360000
20260901,007570,KR7007570005,일양약품,KOSPI,8590,80,.94,8450,8600,8400,13833,118434560,19085664,163945853760
20260901,007575,KR7007571003,일양약품우,KOSPI,8290,50,.61,8200,8290,8200,23,189680,445080,3689713200
20260901,007590,KR7007590003,동방아그로,KOSPI,5600,-10,-.18,5600,5610,5570,5122,28619530,13617577,76258431200
20260901,007610,KR7007610009,선도전기,KOSPI,4020,-20,-.5,4045,4200,3975,109324,439461623,18000000,72360000000
20260901,007660,KR7007660004,이수페타시스,KOSPI,111100,-2900,-2.54,112600,113800,110200,269221,29997498650,73409219,8155764230900
20260901,007680,KR7007680002,대원,KOSDAQ,3430,-35,-1.01,3540,3540,3300,8222,27680755,13222738,45353991340
20260901,007690,KR7007690001,국도화학,KOSPI,39950,1450,3.77,38900,40500,38550,32308,1294261950,9260832,369970238400
20260901,007700,KR7007700008,F&F홀딩스,KOSPI,14460,100,.7,14360,14640,14280,7810,112455790,39114367,565593746820
20260901,007720,KR7007720006,소노스퀘어,KOSDAQ,1297,3,.23,1294,1311,1275,16501,21295255,20160090,26147636730
20260901,007770,KR7007770001,한일화학,KOSDAQ,8060,220,2.81,8010,8110,7930,8464,68254910,3510000,28290600000
20260901,007810,KR7007810005,코리아써키트,KOSPI,59400,-1900,-3.1,60700,60700,58500,144443,8567626200,23982620,1424567628000
20260901,007815,KR7007811003,코리아써우,KOSPI,19100,-530,-2.7,19630,19630,18850,606,11536310,2964690,56625579000
20260901,00781K,KR700781K015,코리아써키트2우B,KOSPI,14100,-110,-.77,14000,14150,13860,283,3956220,783699,11050155900
20260901,007820,KR7007820004,엠엑스로보틱스,KOSDAQ,3915,-105,-2.61,3965,4035,3850,154964,607535135,20033946,78432898590
20260901,007860,KR7007860000,서연,KOSPI,8030,70,.88,7900,8050,7885,18995,151231175,23479844,188543147320
20260901,007980,KR7007980006,TP,KOSPI,1739,2,.12,1737,1741,1721,40458,69931339,46897350,81554491650
20260901,008040,KR7008040008,사조동아원,KOSPI,654,0,0,0,0,0,0,0,141144600,92308568400
20260901,008060,KR7008060006,대덕,KOSPI,15990,-200,-1.24,16200,16330,15670,29619,470380710,31287098,500280697020
20260901,00806K,KR700806K010,대덕1우,KOSPI,11050,0,0,11050,11050,10930,929,10231000,1212357,13396544850
20260901,008250,KR7008250003,이건산업,KOSPI,3105,-145,-4.46,3205,3240,3090,151386,473830655,10952635,34007931675
20260901,008260,KR7008260002,NI스틸,KOSPI,3580,125,3.62,3465,3625,3420,188592,667686105,28600117,102388418860
20260901,008290,KR7008290009,원풍물산,KOSDAQ,758,66,9.54,750,898,750,3515530,2893719598,20346839,15422903962
20260901,0082N0,KR70082N0008,카나프테라퓨틱스,KOSDAQ,16310,-1090,-6.26,17600,18140,16170,80815,1371166515,13300580,216932459800
20260901,008350,KR7008350001,남선알미늄,KOSPI,1048,-5,-.47,1043,1059,1033,718102,751540628,129079090,135274886320
20260901,008355,KR7008351009,남선알미우,KOSPI,7700,-120,-1.53,7600,7700,7590,253,1924170,307890,2370753000
20260901,008370,KR7008370009,원풍,KOSDAQ,5050,0,0,5050,5080,5030,1441,7296660,12000000,60600000000
20260901,008420,KR7008420002,문배철강,KOSPI,2180,15,.69,2165,2195,2150,28377,61652525,20503505,44697640900
20260901,008470,KR7008470007,부스타,KOSDAQ,1701,-9,-.53,1694,1750,1679,36453,61998656,16809600,28593129600
20260901,008490,KR7008490005,서흥,KOSPI,22300,-550,-2.41,23000,23000,22150,9216,205628725,11569113,257991219900
20260901,008600,KR7008600009,윌비스,KOSPI,2620,0,0,0,0,0,0,0,6723603,17615839860
20260901,008700,KR7008700007,아남전자,KOSPI,1226,-15,-1.21,1236,1254,1221,134864,166732348,77124820,94555029320
20260901,008730,KR7008730004,율촌화학,KOSPI,16300,-570,-3.38,16820,16880,16210,54194,894266805,24800000,404240000000
20260901,008770,KR7008770000,호텔신라,KOSPI,44800,700,1.59,43700,45500,43200,277950,12313150500,39248121,1758315820800
20260901,008775,KR7008771008,호텔신라우,KOSPI,29200,0,0,29350,29350,29050,597,17443200,751879,21954866800
20260901,008830,KR7008830002,대동기어,KOSDAQ,6450,10,.16,6430,6480,6300,240670,1537409515,19181916,123723358200
20260901,008870,KR7008870008,금비,KOSPI,39650,-250,-.63,38700,39800,38600,341,13273400,1000000,39650000000
20260901,0088D0,KR70088D0004,메리츠제1호스팩,KOSDAQ,2075,-10,-.48,2080,2080,2055,289,599445,5795000,12024625000
20260901,0088M0,KR70088M0003,메쥬,KOSDAQ,12860,-100,-.77,12960,13400,12580,22601,288849970,9881750,127079305000
20260901,008930,KR7008930000,한미사이언스,KOSPI,45800,1000,2.23,44800,46050,44600,188373,8589417400,68391550,3132332990000
20260901,008970,KR7008970006,KBI동양철관,KOSPI,1078,-11,-1.01,1080,1090,1066,236327,254276891,103766907,111860725746
20260901,009070,KR7009070004,KCTC,KOSPI,4110,50,1.23,4060,4145,4040,99168,405614426,30000000,123300000000
20260901,009140,KR7009140005,경인전자,KOSPI,22650,0,0,22650,22700,22150,741,16606750,1570797,35578552050
20260901,009150,KR7009150004,삼성전기,KOSPI,1430000,-28000,-1.92,1440000,1475000,1408000,595818,856017223500,74693696,106811985280000
20260901,009155,KR7009151002,삼성전기우,KOSPI,524000,2000,.38,516000,528000,505000,22206,11554169000,2906984,1523259616000
20260901,009160,KR7009160003,SIMPAC,KOSPI,5120,-140,-2.66,5260,5330,5060,74864,385100780,65370968,334699356160
20260901,009180,KR7009180001,한솔로지스틱스,KOSPI,2825,40,1.44,2775,2855,2735,74561,207953566,28155825,79540205625
20260901,009190,KR7009190000,대양금속,KOSPI,1370,-56,-3.93,1426,1429,1348,290636,400037708,43986275,60261196750
20260901,0091W0,KR70091W0006,신영스팩11호,KOSDAQ,2015,0,0,2015,2015,2010,3195,6435415,6068000,12227020000
20260901,009200,KR7009200007,무림페이퍼,KOSPI,1542,16,1.05,1530,1554,1516,22897,34888648,41609310,64161556020
20260901,009240,KR7009240003,한샘,KOSPI,38400,-800,-2.04,38750,39350,38300,26940,1045740750,23533928,903702835200
20260901,009270,KR7009270000,신원,KOSPI,1137,14,1.25,1116,1159,1115,806552,918201561,114770393,130493936841
20260901,009290,KR7009290008,광동제약,KOSPI,6430,40,.63,6390,6440,6270,87405,554019110,49799808,320212765440
20260901,009300,KR7009300005,삼아제약,KOSDAQ,13960,150,1.09,13850,13960,13850,1579,21917250,6370000,88925200000
20260901,009310,KR7009310004,참엔지니어링,KOSPI,5330,0,0,0,0,0,0,0,4377014,23329484620
20260901,009320,KR7009320003,아진전자부품,KOSPI,969,9,.94,975,983,957,43009,41960234,49299770,47771477130
20260901,0093G0,KR70093G0004,미래에셋비전스팩8호,KOSDAQ,1989,11,.56,1978,1989,1978,4070,8088809,6400000,12729600000
20260901,009410,KR7009410002,태영건설,KOSPI,1671,-38,-2.22,1709,1709,1651,276029,461299849,297590078,497273020338
20260901,009415,KR7009411000,태영건설우,KOSPI,6480,-80,-1.22,6760,6760,6430,2840,18389950,649974,4211831520
20260901,009420,KR7009420001,한올바이오파마,KOSPI,55100,-4600,-7.71,58800,59500,54300,466953,25969036750,52240638,2878459153800
20260901,009440,KR7009440009,KC그린홀딩스,KOSPI,756,0,0,0,0,0,0,0,23239141,17568790596
20260901,009450,KR7009450008,경동나비엔,KOSPI,61800,-800,-1.28,62700,63100,61000,27084,1673349850,14568592,900338985600
20260901,009460,KR7009460007,한창제지,KOSPI,2780,-90,-3.14,2850,2890,2780,9066,25519740,11933497,33175121660
20260901,009470,KR7009470006,삼화전기,KOSPI,23000,-450,-1.92,23150,23550,22800,18780,432833675,6613820,152117860000
20260901,009520,KR7009520008,포스코엠텍,KOSDAQ,12950,-50,-.38,13010,13270,12840,175837,2294638900,41642703,539273003850
20260901,009540,KR7009540006,HD한국조선해양,KOSPI,353500,5000,1.43,352000,356000,343000,103730,36294445000,70773116,25018296506000
20260901,009580,KR7009580002,무림P&P,KOSPI,1641,-32,-1.91,1670,1677,1637,29013,47744598,62368324,102346419684
20260901,009620,KR7009620006,삼보산업,KOSDAQ,870,0,0,0,0,0,0,0,17473048,15201551760
20260901,009680,KR7009680000,모토닉,KOSPI,10390,150,1.46,10250,10400,10250,9296,96117045,21733094,225806846660
20260901,0096B0,KR70096B0006,삼성스팩12호,KOSDAQ,1981,1,.05,1982,1982,1979,1300,2575921,6580000,13034980000
20260901,0096D0,KR70096D0004,미래에셋비전스팩9호,KOSDAQ,1980,4,.2,1976,1981,1976,5212,10306264,5500000,10890000000
20260901,009730,KR7009730003,이렘,KOSDAQ,1993,48,2.47,2085,2085,1926,19067,37586550,7975503,15895177479
20260901,009770,KR7009770009,삼정펄프,KOSPI,27750,0,0,27750,27950,27450,874,24175500,2499971,69374195250
20260901,009780,KR7009780008,엠에스씨,KOSDAQ,7340,10,.14,7360,7410,7310,11826,87061005,17600000,129184000000
20260901,0097F0,KR70097F0001,미래에셋비전스팩10호,KOSDAQ,1987,11,.56,1976,1994,1976,107,212802,6500000,12915500000
20260901,009810,KR7009810003,MDS스피어,KOSPI,1929,29,1.53,1884,1957,1884,2355,4539911,15749602,30380982258
20260901,009830,KR7009830001,한화솔루션,KOSPI,33100,-750,-2.22,34300,34650,32300,1647376,55149692925,224892536,7443942941600
20260901,009835,KR7009831009,한화솔루션우,KOSPI,17600,-40,-.23,17620,17800,17280,3603,63042615,2544616,44785241600
20260901,0098T0,KR70098T0004,교보19호스팩,KOSDAQ,1992,-3,-.15,1984,1994,1982,8427,16750569,5400000,10756800000
20260901,009900,KR7009900002,명신산업,KOSPI,8500,530,6.65,8300,8650,8290,573413,4850951010,52470133,445996130500
20260901,009970,KR7009970005,영원무역홀딩스,KOSPI,167000,-1500,-.89,166800,171100,163800,11738,1970014100,12953817,2163287439000
20260901,0099W0,KR70099W0008,미래에셋비전스팩11호,KOSDAQ,1998,13,.65,2035,2035,1985,821,1631433,7000000,13986000000
20260901,0099X0,KR70099X0007,IBKS제25호스팩,KOSDAQ,2180,0,0,0,0,0,0,0,5980000,13036400000
20260901,010040,KR7010040004,한국내화,KOSPI,1598,23,1.46,1575,1615,1574,9624,15242711,41067062,65625165076
20260901,010060,KR7010060002,OCI홀딩스,KOSPI,263500,-14000,-5.05,281500,282500,260000,194710,52181090000,18670232,4919606132000
20260901,010100,KR7010100006,한국무브넥스,KOSPI,3650,20,.55,3630,3650,3575,27848,100577570,30450420,111144033000
20260901,010120,KR7010120004,LS ELECTRIC,KOSPI,204500,-3000,-1.45,207000,208000,199500,371147,75243193700,150000000,30675000000000
20260901,010130,KR7010130003,고려아연,KOSPI,1251000,-26000,-2.04,1273000,1277000,1236000,21939,27290820500,20872969,26112084219000
20260901,010140,KR7010140002,삼성중공업,KOSPI,21000,100,.48,20750,21050,20550,1717861,35704273925,880000000,18480000000000
20260901,010170,KR7010170009,대한광통신,KOSDAQ,13310,-650,-4.66,13920,13920,13200,3932742,52404959950,155485660,2069514134600
20260901,0101C0,KR70101C0008,하나36호스팩,KOSDAQ,1987,9,.46,1982,1988,1977,2603,5153008,7740000,15379380000
20260901,010240,KR7010240000,흥국,KOSDAQ,5460,-10,-.18,5470,5480,5360,9942,53741325,11706000,63914760000
20260901,010280,KR7010280006,아이티센엔텍,KOSDAQ,5400,-140,-2.53,5530,5620,5380,17273,94020920,13024757,70333687800
20260901,010400,KR7010400000,우진아이엔에스,KOSPI,4645,465,11.12,4180,5180,4175,214096,994594835,7622000,35404190000
20260901,010470,KR7010470003,오리콤,KOSDAQ,4800,75,1.59,4725,4800,4725,2993,14246030,11975050,57480240000
20260901,010580,KR7010580009,에스엠벡셀,KOSPI,1796,149,9.05,1647,2000,1620,3277666,6076343350,111251760,199808160960
20260901,0105P0,KR70105P0009,유진스팩12호,KOSDAQ,2005,7,.35,2005,2010,1991,50326,101152640,5660000,11348300000
20260901,010640,KR7010640001,진양폴리,KOSPI,2105,-90,-4.1,2140,2195,2085,145994,310498195,16700000,35153500000
20260901,010660,KR7010660009,화천기계,KOSPI,2890,-25,-.86,2890,2965,2875,91232,265397100,22000000,63580000000
20260901,010690,KR7010690006,화신,KOSPI,7940,-80,-1,8030,8100,7880,160555,1275783940,34920410,277268055400
20260901,010770,KR7010770006,평화홀딩스,KOSPI,3625,-10,-.28,3635,3655,3620,21398,77677610,14625466,53017314250
20260901,010780,KR7010780005,아이에스동서,KOSPI,15790,-280,-1.74,16220,16220,15620,106566,1678938425,30186976,476652351040
20260901,010820,KR7010820009,퍼스텍,KOSPI,5660,-130,-2.25,5830,5920,5570,233473,1326006870,48771938,276049169080
20260901,010950,KR7010950004,S-Oil,KOSPI,151700,1600,1.07,150400,160000,150300,420904,64918694100,112582792,17078809546400
20260901,010955,KR7010951002,S-Oil우,KOSPI,69900,100,.14,69200,72600,69200,27530,1950521300,4021927,281132697300
20260901,010960,KR7010960003,삼호개발,KOSPI,3090,0,0,3085,3115,3030,126604,388988610,24120000,74530800000
20260901,011000,KR7011000007,진원생명과학,KOSPI,2670,0,0,0,0,0,0,0,18176581,48531471270
20260901,011040,KR7011040003,경동제약,KOSDAQ,5080,0,0,5090,5090,5000,26244,132363545,30768766,156305331280
20260901,011070,KR7011070000,LG이노텍,KOSPI,590000,-52000,-8.1,632000,632000,582000,392919,233967952500,23667107,13963593130000
20260901,011080,KR7011080009,형지I&C,KOSDAQ,885,22,2.55,863,945,841,201444,178582787,7096262,6280191870
20260901,011090,KR7011090008,에넥스,KOSPI,1500,0,0,0,0,0,0,0,11857054,17785581000
20260901,011150,KR7011150000,CJ씨푸드,KOSPI,2050,0,0,2030,2060,2025,28144,57469470,35930773,73658084650
20260901,011155,KR7011151008,CJ씨푸드1우,KOSPI,6740,-290,-4.13,7000,7000,6660,4335,29068370,200000,1348000000
20260901,011170,KR7011170008,롯데케미칼,KOSPI,60000,900,1.52,58500,62100,58500,160313,9686242600,42775419,2566525140000
20260901,011200,KR7011200003,HMM,KOSPI,21350,-100,-.47,21650,22150,21200,1036458,22326281200,943237970,20138130659500
20260901,011210,KR7011210002,현대위아,KOSPI,59000,-1000,-1.67,59500,60100,58100,46617,2737994700,27195083,1604509897000
20260901,011230,KR7011230000,삼화전자,KOSPI,2585,-25,-.96,2615,2685,2555,147452,382150271,19165785,49543554225
20260901,011280,KR7011280005,태림포장,KOSPI,1650,18,1.1,1634,1683,1615,18431,30106713,70805940,116829801000
20260901,011300,KR7011300001,우성머티리얼스,KOSPI,2335,135,6.14,2200,2480,2060,356116,811457071,17238905,40252843175
20260901,011320,KR7011320009,유니크,KOSDAQ,3820,15,.39,3805,3850,3750,9831,36994500,19320695,73805054900
20260901,011330,KR7011330008,유니켐,KOSPI,4430,20,.45,4415,4520,4320,70050,309542385,10018783,44383208690
20260901,011370,KR7011370004,서한,KOSDAQ,3835,-80,-2.04,4020,4020,3705,59088,224317830,20178973,77386361455
20260901,011390,KR7011390002,부산산업,KOSPI,50700,2600,5.41,47900,52600,46550,27423,1370340250,1056000,53539200000
20260901,011420,KR7011420007,갤럭시아에스엠,KOSPI,1510,11,.73,1549,1549,1487,16344,24579287,27549644,41599962440
20260901,011500,KR7011500006,한농화성,KOSPI,14140,-20,-.14,14170,15290,13930,170919,2476880730,15637042,221107773880
20260901,011560,KR7011560000,세보엠이씨,KOSDAQ,25100,-950,-3.65,26050,26150,25050,65220,1657739450,10084872,253130287200
20260901,0115H0,KR70115H0007,삼성스팩13호,KOSDAQ,2005,5,.25,2000,2010,2000,6983,13977301,7350000,14736750000
20260901,011690,KR7011690005,와이투솔루션,KOSPI,3370,-80,-2.32,3405,3505,3315,54292,181737712,36704394,123693807780
20260901,011700,KR7011700002,한신기계,KOSPI,2395,-45,-1.84,2440,2440,2380,61481,147393915,32446151,77708531645
20260901,011760,KR7011760006,현대코퍼레이션,KOSPI,25750,100,.39,25700,25900,25300,16677,426282550,13228966,340645874500
20260901,011780,KR7011780004,금호석유화학,KOSPI,130100,2600,2.04,125900,134500,125700,109314,14360397950,25157325,3272967982500
20260901,011785,KR7011781002,금호석유화학우,KOSPI,51500,300,.59,51700,52500,51200,3352,174245200,3023486,155709529000
20260901,011790,KR7011790003,SKC,KOSPI,88700,-1600,-1.77,88600,91300,88200,83678,7467881650,49598298,4399369032600
20260901,0117P0,KR70117P0005,피스피스스튜디오,KOSDAQ,5500,500,10,5000,6110,4980,4667566,26519671805,14168911,77929010500
20260901,011810,KR7011810009,STX,KOSPI,3530,0,0,0,0,0,0,0,31017927,109493282310
20260901,011930,KR7011930005,신성이엔지,KOSPI,16850,-220,-1.29,17020,17020,16580,85261,1429659990,20306182,342159166700
20260901,012030,KR7012030003,DB,KOSPI,1571,-29,-1.81,1600,1610,1529,587443,914336065,201173933,316044248743
20260901,0120G0,KR70120G0001,삼양바이오팜,KOSPI,53500,-1800,-3.25,54000,54200,52100,50236,2662663900,7435870,397819045000
20260901,012160,KR7012160008,영흥,KOSPI,2505,-50,-1.96,2555,2680,2505,25240,63950751,15620703,39129861015
20260901,012170,KR7012170007,아센디오,KOSPI,3045,-80,-2.56,3150,3295,2965,34087,104470411,7296721,22218515445
20260901,012200,KR7012200002,계양전기,KOSPI,3620,-170,-4.49,3790,3795,3555,317598,1156267637,27222829,98546640980
20260901,012205,KR7012201000,계양전기우,KOSPI,5510,-240,-4.17,5650,5650,5350,20247,112099850,1169079,6441625290
20260901,012210,KR7012210001,삼미금속,KOSDAQ,8460,-340,-3.86,8800,8800,8280,126505,1074059335,23051579,195016358340
20260901,012280,KR7012280004,영화금속,KOSPI,4100,-60,-1.44,4130,4155,4065,19181,78785936,9904901,40610094100
20260901,012320,KR7012320008,경동인베스트,KOSPI,47800,-50,-.1,48350,48350,46600,2502,117877300,2365023,113048099400
20260901,012330,KR7012330007,현대모비스,KOSPI,443500,-10000,-2.21,455500,460000,438500,287607,127550934750,89820585,39835429447500
20260901,012340,KR7012340006,뉴인텍,KOSDAQ,578,-21,-3.51,599,605,571,266405,155479994,22044793,12741890354
20260901,012450,KR7012450003,한화에어로스페이스,KOSPI,1058000,-44000,-3.99,1111000,1123000,1050000,113852,121175676500,51563401,54554078258000
20260901,012610,KR7012610002,경인양행,KOSPI,3220,5,.16,3215,3240,3175,72214,231138408,41616365,134004695300
20260901,012620,KR7012620001,원일특강,KOSDAQ,7020,10,.14,7010,7080,7000,7006,49269550,4400000,30888000000
20260901,012630,KR7012630000,HDC,KOSPI,22350,-250,-1.11,22350,22900,22050,56522,1260705950,59741721,1335227464350
20260901,012690,KR7012690004,모나리자,KOSPI,1537,22,1.45,1516,1621,1470,2061996,3187636389,36571255,56210018935
20260901,0126Z0,KR70126Z0002,삼성에피스홀딩스,KOSPI,377500,-9500,-2.45,387500,390000,375500,48812,18540209750,24883049,9393350997500
20260901,012700,KR7012700001,리드코프,KOSDAQ,3010,-5,-.17,3000,3025,2995,20645,62021730,26194852,78846504520
20260901,012750,KR7012750006,에스원,KOSPI,81400,-300,-.37,80700,82100,80300,50279,4089822900,37999178,3093133089200
20260901,012790,KR7012790002,신일제약,KOSDAQ,6080,90,1.5,6000,6080,5930,33486,201960560,11986415,72877403200
20260901,012800,KR7012800009,대창,KOSPI,1190,-1,-.08,1193,1208,1180,139330,165941759,91140499,108457193810
20260901,012860,KR7012860003,모베이스전자,KOSDAQ,2235,-25,-1.11,2255,2265,2205,198610,440963948,73233457,163676776395
20260901,0129K0,KR70129K0006,신한제18호스팩,KOSDAQ,1974,-5,-.25,1979,1985,1974,1236,2441919,5620000,11093880000
20260901,013000,KR7013000005,세우글로벌,KOSPI,1209,-41,-3.28,1238,1251,1209,27640,33816000,28705031,34704382479
20260901,013030,KR7013030002,하이록코리아,KOSDAQ,34000,400,1.19,33850,34200,33500,29992,1016850750,11768144,400116896000
20260901,0130D0,KR70130D0002,신한제17호스팩,KOSDAQ,1978,8,.41,1970,1979,1970,788,1558629,5340000,10562520000
20260901,0130H0,KR70130H0008,엔에이치스팩33호,KOSDAQ,2005,0,0,2005,2010,2000,2318,4644190,7700000,15438500000
20260901,013120,KR7013120001,동원개발,KOSDAQ,2190,-15,-.68,2195,2215,2175,42709,93700625,90808100,198869739000
20260901,0131D0,KR70131D0001,키움히어로제2호스팩,KOSDAQ,1969,-1,-.05,1986,1986,1969,1224,2415177,6310000,12424390000
20260901,0132G0,KR70132G0007,교보20호스팩,KOSDAQ,1993,2,.1,1991,1995,1991,226,450382,5970000,11898210000
20260901,013310,KR7013310008,아진산업,KOSDAQ,2390,-35,-1.44,2430,2435,2375,49998,119835470,38806582,92747730980
20260901,013360,KR7013360003,일성건설,KOSPI,1494,-6,-.4,1485,1550,1473,286524,428458722,54024880,80713170720
20260901,0134X0,KR70134X0004,대신밸런스제20호스팩,KOSDAQ,1978,-3,-.15,1981,1981,1976,1480,2930323,6740000,13331720000
20260901,013520,KR7013520002,화승코퍼레이션,KOSPI,2650,-40,-1.49,2690,2725,2630,77948,206480370,50051252,132635817800
20260901,013570,KR7013570007,디와이,KOSPI,4330,-105,-2.37,4430,4445,4320,47270,206507350,26319633,113964010890
20260901,013580,KR7013580006,계룡건설,KOSPI,21300,-250,-1.16,21550,21600,20500,67618,1420318950,8930907,190228319100
20260901,013700,KR7013700000,까뮤이앤씨,KOSPI,1693,149,9.65,1523,2005,1515,8730254,15671413233,59750830,101158155190
20260901,013720,KR7013720008,청보,KOSDAQ,2310,30,1.32,2280,2310,2240,5545,12557250,12165628,28102600680
20260901,013810,KR7013810007,스페코,KOSDAQ,1576,-44,-2.72,1620,1620,1500,46414,72773420,14655470,23097020720
20260901,013870,KR7013870001,지엠비코리아,KOSPI,3990,85,2.18,3955,3990,3905,6478,25521305,19072280,76098397200
20260901,013890,KR7013890009,지누스,KOSPI,7700,450,6.21,7390,7840,7340,35448,270457620,21925813,168828760100
20260901,013990,KR7013990007,아가방컴퍼니,KOSDAQ,4670,295,6.74,4505,4835,4330,147231,682837411,32887536,153584793120
20260901,014100,KR7014100002,메디앙스,KOSDAQ,1685,-15,-.88,1780,1780,1652,18619,31550942,11800000,19883000000
20260901,014130,KR7014130009,한익스프레스,KOSPI,2465,25,1.02,2470,2470,2415,5686,13839445,11817883,29131081595
20260901,014160,KR7014160006,대영포장,KOSPI,687,1,.15,698,699,678,72418,49530277,108394549,74467055163
20260901,014190,KR7014190003,원익큐브,KOSDAQ,1233,38,3.18,1217,1233,1180,34412,41546043,35395071,43642122543
20260901,014280,KR7014280002,금강공업,KOSPI,4290,5,.12,4265,4305,4190,37965,160690108,29329357,125822941530
20260901,014285,KR7014281000,금강공업우,KOSPI,5710,390,7.33,5390,5710,5390,368,2071110,589875,3368186250
20260901,014440,KR7014440002,영보화학,KOSPI,4700,5,.11,4695,4705,4650,11080,51831585,20000000,94000000000
20260901,014470,KR7014470009,부방,KOSDAQ,999,39,4.06,970,999,956,175069,171436795,60052260,59992207740
20260901,014530,KR7014530000,극동유화,KOSPI,3230,5,.16,3240,3245,3200,59772,192482029,34869420,112628226600
20260901,014570,KR7014570006,고려제약,KOSDAQ,3500,25,.72,3475,3520,3470,3250,11346075,11000000,38500000000
20260901,014580,KR7014580005,태경비케이,KOSPI,3900,-5,-.13,3935,3935,3865,30171,117458050,27583100,107574090000
20260901,014620,KR7014620009,성광벤드,KOSDAQ,30500,-1600,-4.98,31950,32350,30100,147699,4553571975,26557364,809999602000
20260901,014680,KR7014680003,한솔케미칼,KOSPI,205500,-1500,-.72,203000,207000,201500,20076,4108810000,10794036,2218174398000
20260901,014710,KR7014710008,사조씨푸드,KOSPI,10450,-50,-.48,10500,10610,10390,5196,54428840,17218543,179933774350
20260901,014790,KR7014790000,HL D&I,KOSPI,2570,-15,-.58,2585,2605,2530,48340,123599206,37858601,97296604570
20260901,014820,KR7014820005,동원시스템즈,KOSPI,22950,-250,-1.08,23000,23850,22850,50993,1189101325,28991282,665349921900
20260901,014825,KR7014821003,동원시스템즈우,KOSPI,13910,290,2.13,13890,13910,13890,289,4016310,264111,3673784010
20260901,014830,KR7014830004,유니드,KOSPI,66400,100,.15,65900,67300,65700,10149,674673200,6767600,449368640000
20260901,014910,KR7014910004,성문전자,KOSPI,2080,20,.97,2060,2200,2030,312376,659664904,21857257,45463094560
20260901,014915,KR7014911002,성문전자우,KOSPI,5380,400,8.03,4900,5430,4800,5425,26626625,600000,3228000000
20260901,014940,KR7014940001,오리엔탈정공,KOSDAQ,4745,-15,-.32,4760,4820,4685,82570,390803110,45573661,216247021445
20260901,014950,KR7014950000,삼익제약,KOSDAQ,6830,1440,26.72,5410,7000,5290,6253571,40757267435,10067588,68761626040
20260901,014970,KR7014970008,삼륭물산,KOSDAQ,4460,20,.45,4445,4530,4380,9680,42993637,14825000,66119500000
20260901,014990,KR7014990006,인디에프,KOSPI,4010,925,29.98,3115,4010,3090,2625568,9806636974,15022599,60240621990
20260901,015020,KR7015020001,이스타코,KOSPI,928,0,0,0,0,0,0,0,21425800,19883142400
20260901,015230,KR7015230006,대창단조,KOSPI,6240,-20,-.32,6260,6260,6090,36104,221918850,27143620,169376188800
20260901,015260,KR7015260003,에이엔피,KOSPI,308,-11,-3.45,316,340,293,1160711,363270334,47116894,14512003352
20260901,015360,KR7015360001,INVENI,KOSPI,14250,150,1.06,14070,14250,14050,14376,203275930,27250000,388312500000
20260901,015590,KR7015590003,DKME,KOSPI,1470,21,1.45,1440,1480,1429,25077,36121861,53396308,78492572760
20260901,0155E0,KR70155E0001,해치텍,KOSDAQ,14100,-990,-6.56,15160,15620,14070,1143055,17036456140,5487150,77368815000
20260901,0156T0,KR70156T0003,에이치엘지노믹스,KOSDAQ,9280,10,.11,9250,9690,9190,126785,1196312060,7782161,72218454080
20260901,015710,KR7015710007,코콤,KOSDAQ,2955,0,0,2905,2960,2875,12492,36453165,17530500,51802627500
20260901,015750,KR7015750003,성우하이텍,KOSDAQ,6050,-10,-.17,6040,6140,6030,154112,934539960,80000000,484000000000
20260901,015760,KR7015760002,한국전력,KOSPI,32350,450,1.41,31950,32500,31850,852247,27422279600,641964077,20767537890950
20260901,015860,KR7015860000,일진홀딩스,KOSPI,6670,-40,-.6,6690,6780,6630,44048,294057490,49347483,329147711610
20260901,015890,KR7015890007,태경산업,KOSPI,4830,30,.63,4845,4845,4790,16017,76973410,29228750,141174862500
20260901,016090,KR7016090003,대현,KOSPI,1470,-5,-.34,1475,1479,1458,84979,124495381,44282310,65094995700
20260901,016100,KR7016100000,리더스코스메틱,KOSDAQ,1154,-18,-1.54,1238,1239,1145,13435,15874308,19100894,22042431676
20260901,016250,KR7016250003,SGC E&C,KOSDAQ,12000,-130,-1.07,12130,12130,11860,2204,26393775,5036986,60443832000
20260901,016360,KR7016360000,삼성증권,KOSPI,88300,300,.34,87200,88500,86300,280715,24552687350,89300000,7885190000000
20260901,016380,KR7016380008,KG스틸,KOSPI,5520,-40,-.72,5580,5600,5480,130715,723797775,100008897,552049111440
20260901,016450,KR7016450009,한세예스24홀딩스,KOSPI,4535,-70,-1.52,4605,4650,4495,26749,122102487,40000000,181400000000
20260901,0164H0,KR70164H0007,한국제16호스팩,KOSDAQ,1958,0,0,1952,1959,1951,28682,56141657,6750000,13216500000
20260901,016580,KR7016580003,환인제약,KOSPI,10290,60,.59,10240,10310,10150,20591,210511500,18600070,191394720300
20260901,016590,KR7016590002,신대양제지,KOSPI,10550,180,1.74,10290,10650,10290,11946,125291300,40297820,425142001000
20260901,0165X0,KR70165X0006,메리츠제2호스팩,KOSDAQ,1950,1,.05,1948,1950,1946,6249,12177887,7240000,14118000000
20260901,016600,KR7016600009,큐캐피탈,KOSDAQ,2575,-60,-2.28,2615,2675,2475,51334,130244755,13961601,35951122575
20260901,016610,KR7016610008,DB증권,KOSPI,10020,200,2.04,9820,10020,9750,62555,623354230,42446389,425312817780
20260901,016670,KR7016670002,디모아,KOSDAQ,2400,35,1.48,2350,2420,2300,8372,19994710,10194234,24466161600
20260901,016710,KR7016710006,대성홀딩스,KOSPI,7040,-10,-.14,7040,7050,6940,5861,41037655,16089459,113269791360
20260901,016740,KR7016740003,두올,KOSPI,3705,100,2.77,3610,3800,3575,17841,64989185,28674024,106237258920
20260901,016790,KR7016790008,현대사료,KOSDAQ,994,0,0,0,0,0,0,0,188471729,187340898626
20260901,016800,KR7016800005,퍼시스,KOSPI,27800,-200,-.71,27800,27900,27450,167,4632400,11500000,319700000000
20260901,016880,KR7016880007,웅진,KOSPI,2095,-20,-.95,2115,2120,2015,114511,234573092,79927080,167447232600
20260901,016920,KR7016920001,카스,KOSDAQ,1058,-3,-.28,1069,1112,1029,195397,206687489,25698732,27189258456
20260901,017000,KR7017000001,신원종합개발,KOSDAQ,2500,100,4.17,2420,2500,2355,57553,138201914,11668027,29170067500
20260901,017040,KR7017040007,광명전기,KOSPI,932,0,0,0,0,0,0,0,43337615,40390657180
20260901,017180,KR7017180001,명문제약,KOSPI,1286,90,7.53,1196,1366,1196,1216069,1572079376,33953454,43664141844
20260901,017250,KR7017250002,인터엠,KOSDAQ,1040,12,1.17,1036,1040,990,36549,37621827,21045467,21887285680
20260901,017370,KR7017370008,우신시스템,KOSPI,3670,-50,-1.34,3720,3825,3605,14974,54637685,18314054,67212578180
20260901,017390,KR7017390006,서울가스,KOSPI,57200,1100,1.96,56400,57200,55900,6349,359901100,4950000,283140000000
20260901,017480,KR7017480005,삼현철강,KOSDAQ,4740,40,.85,4745,4745,4650,27270,127601460,15442890,73199298600
20260901,017510,KR7017510009,세명전기,KOSDAQ,7380,-10,-.14,7380,7450,7220,60429,441821360,15246000,112515480000
20260901,017550,KR7017550005,수산세보틱스,KOSPI,1836,-58,-3.06,1861,1882,1812,311744,573727841,62399130,114564802680
20260901,017650,KR7017650003,대림제지,KOSDAQ,10830,30,.28,10800,10850,10700,2672,28812130,8785000,95141550000
20260901,017670,KR7017670001,SK텔레콤,KOSPI,94600,400,.42,94400,94900,92500,751318,70327565050,214790053,20319139013800
20260901,017800,KR7017800004,현대엘리베이터,KOSPI,74800,600,.81,73600,75300,73300,102597,7632861200,39092385,2924110398000
20260901,017810,KR7017810003,풀무원,KOSPI,9910,50,.51,9770,9920,9770,35426,349035620,38120542,377774571220
20260901,017860,KR7017860008,DS단석,KOSPI,12000,-20,-.17,12020,12240,11850,32601,391828970,17759139,213109668000
20260901,017890,KR7017890005,한국알콜,KOSDAQ,14280,-340,-2.33,14570,14680,14140,24170,346712360,20673506,295217665680
20260901,017900,KR7017900002,광전자,KOSPI,7310,-190,-2.53,7510,7510,7310,371634,2735150735,57943763,423568907530
20260901,017940,KR7017940008,E1,KOSPI,98000,900,.93,97400,99400,97100,7811,768647300,6860000,672280000000
20260901,017960,KR7017960006,한국카본,KOSPI,23850,-300,-1.24,24200,24600,23550,236642,5651791550,51676486,1232484191100
20260901,018000,KR7018000000,유니슨,KOSDAQ,1244,30,2.47,1210,1260,1174,2808043,3458943202,259498284,322815865296
20260901,018120,KR7018120006,진로발효,KOSDAQ,16550,60,.36,16500,16640,16440,5066,83503710,6621120,109579536000
20260901,018250,KR7018250001,애경산업,KOSPI,12060,150,1.26,11900,13120,11820,610019,7596417675,26409935,318503816100
20260901,018260,KR7018260000,삼성에스디에스,KOSPI,245000,5000,2.08,238000,246000,234000,159555,38550567750,77377800,18957561000000
20260901,018290,KR7018290007,브이티,KOSDAQ,12710,-220,-1.7,12800,12990,12440,196729,2500932545,34941838,444110760980
20260901,018310,KR7018310003,삼목에스폼,KOSDAQ,13790,-110,-.79,13900,13910,13670,2277,31433230,14700000,202713000000
20260901,018470,KR7018470005,조일알미늄,KOSPI,973,0,0,0,0,0,0,0,126631721,123212664533
20260901,018500,KR7018500009,동원모빌리티,KOSPI,1457,3,.21,1455,1470,1434,25883,37400854,46754933,68121937381
20260901,018620,KR7018620005,우진비앤지,KOSDAQ,2840,65,2.34,2755,2840,2725,11751,32533808,6932982,19689668880
20260901,018670,KR7018670000,SK가스,KOSPI,235000,7000,3.07,230000,237000,228000,13711,3211083500,9269244,2178272340000
20260901,018680,KR7018680009,서울제약,KOSDAQ,1950,-5,-.26,1956,2055,1950,3573,7003317,11659319,22735672050
20260901,018700,KR7018700005,졸스,KOSDAQ,1375,-28,-2,1403,1419,1350,5236,7228827,16722260,22993107500
20260901,018880,KR7018880005,한온시스템,KOSPI,3540,30,.85,3505,3545,3455,1866113,6550338878,1026262552,3632969434080
20260901,019010,KR7019010008,베뉴지,KOSDAQ,4575,95,2.12,4480,4600,4325,196027,878349484,48200000,220515000000
20260901,019170,KR7019170000,신풍제약,KOSPI,10500,90,.86,10770,10830,10000,1082373,11302586585,52418522,550394481000
20260901,019175,KR7019171008,신풍제약우,KOSPI,15700,820,5.51,15050,15830,14890,8064,124635330,1991230,31262311000
20260901,019180,KR7019180009,티에이치엔,KOSPI,5250,-170,-3.14,5380,5400,5230,92448,487949845,18000000,94500000000
20260901,019210,KR7019210004,와이지-원,KOSDAQ,13720,-580,-4.06,14200,14330,13470,648150,8894108680,37193728,510297948160
20260901,019490,KR7019490002,엑시큐어하이트론,KOSPI,541,0,0,0,0,0,0,0,76432270,41349858070
20260901,019540,KR7019540004,일지테크,KOSDAQ,5420,40,.74,5360,5430,5310,29856,160131990,13513500,73243170000
20260901,019550,KR7019550003,SBI인베스트먼트,KOSDAQ,1028,-19,-1.81,1043,1043,1018,174086,178630522,81033287,83302219036
20260901,019570,KR7019570001,GMI벤처,KOSDAQ,2830,10,.35,2775,2950,2775,5367,15159635,9545004,27012361320
20260901,019660,KR7019660000,글로본,KOSDAQ,1525,-14,-.91,1525,1529,1442,49444,72923731,13944333,21265107825
20260901,019680,KR7019680008,대교,KOSPI,1000,0,0,0,0,0,0,0,80467700,80467700000
20260901,019685,KR7019681006,대교우B,KOSPI,598,0,0,0,0,0,0,0,19426990,11617340020
20260901,019770,KR7019770007,서연탑메탈,KOSDAQ,3265,-25,-.76,3265,3310,3250,3236,10562385,11650000,38037250000
20260901,019990,KR7019990001,에너토크,KOSDAQ,5040,-40,-.79,5180,5180,5000,15903,79949270,9756088,49170683520
20260901,020000,KR7020000006,한섬,KOSPI,15900,90,.57,15810,16000,15650,73137,1159125125,21476994,341484204600
20260901,020120,KR7020120002,키다리스튜디오,KOSPI,7340,350,5.01,7340,7340,6990,473719,3434112700,37063766,272048042440
20260901,020150,KR7020150009,롯데에너지머티리얼즈,KOSPI,39850,2050,5.42,37200,42650,36250,811219,32725545075,52365463,2086763700550
20260901,020180,KR7020180006,대신정보통신,KOSDAQ,4000,-10,-.25,3930,4010,3910,27258,107590419,7685783,30743132000
20260901,0203K0,KR70203K0005,송우인포텍,KONEX,10850,0,0,0,0,0,0,0,3000000,32550000000
20260901,020400,KR7020400008,대동금속,KOSDAQ,2920,45,1.57,2875,2935,2850,8842,25504092,6073532,17734713440
20260901,020560,KR7020560009,아시아나항공,KOSPI,7710,100,1.31,7600,7750,7480,180321,1380668790,205990711,1588188381810
20260901,020710,KR7020710000,시공테크,KOSDAQ,3665,50,1.38,3670,3700,3600,59326,216378330,20047970,73475810050
20260901,020760,KR7020760005,일진디스플,KOSPI,902,0,0,0,0,0,0,0,61533781,55503470462
20260901,021040,KR7021040001,대호특수강,KOSDAQ,930,-2,-.21,930,989,930,17062,16177474,21704774,20185439820
20260901,021045,KR7021041009,대호특수강우,KOSDAQ,2580,-15,-.58,2630,2630,2500,177,445940,848492,2189109360
20260901,021050,KR7021050000,서원,KOSPI,1134,0,0,1133,1137,1113,144858,162919322,47474590,53836185060
20260901,021080,KR7021080007,에이티넘인베스트,KOSDAQ,2285,15,.66,2275,2295,2225,137870,311501240,48000000,109680000000
20260901,021240,KR7021240007,코웨이,KOSPI,97800,900,.93,96000,98950,94500,81940,8046332750,70767426,6921054262800
20260901,021320,KR7021320007,KCC건설,KOSDAQ,5560,0,0,5580,5690,5480,8781,48569540,21400000,118984000000
20260901,021650,KR7021650007,한국큐빅,KOSDAQ,2025,5,.25,2020,2050,2015,1458,2952865,16350563,33109890075
20260901,021820,KR7021820006,세원정공,KOSPI,10100,110,1.1,10000,10190,9930,4969,49674710,10000000,101000000000
20260901,021880,KR7021880000,메이슨캐피탈,KOSDAQ,1328,-23,-1.7,1398,1398,1319,34864,46550164,21218440,28178088320
20260901,0218L0,KR70218L0007,네오뷰,KOSDAQ,13860,30,.22,13700,14000,13440,23323,319456130,5276175,73127785500
20260901,0220W0,KR70220W0000,한화머시너리앤서비스홀딩스,KOSPI,7310,-10,-.14,7360,7740,7060,3879270,28764410010,84515535,617808560850
20260901,0220WL,KR70220WK021,한화머시너리앤서비스홀딩스3우B,KOSPI,3040,-15,-.49,3070,3155,3020,779146,2393573066,23639140,71862985600
20260901,022100,KR7022100002,포스코DX,KOSPI,21700,50,.23,21450,22100,21200,214492,4642355750,152034729,3299153619300
20260901,022220,KR7022220008,티케이지애강,KOSDAQ,893,113,14.49,894,896,893,3016690,2695531059,51794579,46252559047
20260901,023000,KR7023000003,삼원강재,KOSPI,2210,0,0,2210,2230,2190,26269,58006683,39739956,87825302760
20260901,023150,KR7023150006,MH에탄올,KOSPI,4155,20,.48,4135,4200,4105,2751,11365715,7378526,30657775530
20260901,023160,KR7023160005,태광,KOSDAQ,25300,-950,-3.62,26200,26800,24900,128896,3277323050,25867242,654441222600
20260901,023350,KR7023350002,한국종합기술,KOSPI,4040,10,.25,3980,4065,3955,8481,33882630,10950000,44238000000
20260901,023410,KR7023410004,유진기업,KOSDAQ,3230,-40,-1.22,3270,3280,3200,436805,1410097449,77310863,249714087490
20260901,023440,KR7023440001,제이스코홀딩스,KOSDAQ,521,0,0,0,0,0,0,0,90142761,46964378481
20260901,023450,KR7023450000,동남합성,KOSPI,31600,100,.32,31500,32100,31150,779,24542475,3500000,110600000000
20260901,023530,KR7023530009,롯데쇼핑,KOSPI,113300,6900,6.48,106400,114300,104500,217413,24076682400,28288755,3205115941500
20260901,023590,KR7023590003,다우기술,KOSPI,39450,450,1.15,39000,39450,38250,15196,592187100,43287312,1707684458400
20260901,023600,KR7023600000,삼보판지,KOSDAQ,9460,-110,-1.15,9590,9650,9440,9708,92055425,16008300,151438518000
20260901,023760,KR7023760002,한국캐피탈,KOSDAQ,1420,2,.14,1418,1421,1401,85117,119875374,157804788,224082798960
20260901,023770,KR7023770001,플레이위드,KOSDAQ,2590,270,11.64,2330,2665,2325,324734,812536480,8946495,23171422050
20260901,023790,KR7023790009,동일스틸럭스,KOSDAQ,1324,-3,-.23,1327,1350,1292,74660,98053335,13069808,17304425792
20260901,023800,KR7023800006,인지컨트롤스,KOSPI,5460,0,0,5460,5480,5360,18440,99982370,15809197,86318215620
20260901,023810,KR7023810005,인팩,KOSPI,5150,-30,-.58,5230,5230,5110,7530,38792110,10000000,51500000000
20260901,023900,KR7023900004,풍국주정,KOSDAQ,7300,20,.27,7280,7330,7240,2546,18561060,12600000,91980000000
20260901,023910,KR7023910003,대한약품,KOSDAQ,27150,-50,-.18,27250,27500,26900,1370,37149325,6000000,162900000000
20260901,023960,KR7023960008,에쓰씨엔지니어링,KOSPI,1035,10,.98,1034,1035,1005,97091,98607519,38035973,39367232055
20260901,024060,KR7024060006,흥구석유,KOSDAQ,10210,150,1.49,10180,10630,10180,1279748,13279095275,15000000,153150000000
20260901,024070,KR7024070005,WISCOM,KOSPI,1966,-23,-1.16,1970,1976,1958,18290,35960614,15326438,30131777108
20260901,024090,KR7024090003,디씨엠,KOSPI,11300,50,.44,11250,11300,11220,436,4905790,11400000,128820000000
20260901,024110,KR7024110009,기업은행,KOSPI,20900,200,.97,20550,20950,20450,912251,18993899425,797425869,16666200662100
20260901,024120,KR7024120008,KB오토시스,KOSDAQ,3080,-65,-2.07,3080,3110,3080,13197,40736234,11500000,35420000000
20260901,024720,KR7024720005,콜마홀딩스,KOSPI,10150,-180,-1.74,10330,10350,10020,37033,374994915,34296259,348107028850
20260901,024740,KR7024740003,한일단조,KOSDAQ,2075,-20,-.95,2080,2110,2050,48816,100865815,32897049,68261376675
20260901,024800,KR7024800005,유성티엔에스,KOSDAQ,4500,5,.11,4500,4500,4445,15277,68485749,35225370,158514165000
20260901,024830,KR7024830002,세원물산,KOSDAQ,8520,-50,-.58,8570,8710,8200,8063,67188050,8350000,71142000000
20260901,024840,KR7024840001,KBI메탈,KOSDAQ,6160,220,3.7,6020,6750,6020,12414465,78942798530,43291236,266674013760
20260901,024850,KR7024850000,HLB이노베이션,KOSDAQ,13810,-100,-.72,14650,14680,13210,182370,2491347335,31753544,438516442640
20260901,024880,KR7024880007,케이피에프,KOSDAQ,3795,-65,-1.68,3860,3860,3780,126060,478757254,19941624,75678463080
20260901,024890,KR7024890006,대원화성,KOSPI,1741,9,.52,1735,1874,1735,93601,166782641,8249830,14362954030
20260901,024900,KR7024900003,디와이덕양,KOSPI,1714,18,1.06,1717,1718,1685,7715,13132109,32564980,55816375720
20260901,024910,KR7024910002,경창산업,KOSDAQ,1615,-13,-.8,1628,1631,1605,17999,28991546,35819005,57847693075
20260901,024940,KR7024940009,PN풍년,KOSDAQ,1940,6,.31,1930,1950,1924,19020,36857658,10000000,19400000000
20260901,024950,KR7024950008,삼천리자전거,KOSDAQ,4655,15,.32,4640,4675,4600,23171,107438274,12400000,57722000000
20260901,025000,KR7025000001,KPX케미칼,KOSPI,55100,-500,-.9,56200,56200,54600,3055,168320700,4378709,241266865900
20260901,025320,KR7025320003,시노펙스,KOSDAQ,4000,5,.13,4155,4155,3970,638230,2578551381,92202203,368808812000
20260901,025440,KR7025440009,DH오토웨어,KOSDAQ,3425,-25,-.72,3445,3445,3350,1344,4538570,9756244,33415135700
20260901,025530,KR7025530007,SJM홀딩스,KOSPI,3620,0,0,3620,3650,3590,7886,28518595,14934008,54061108960
20260901,025540,KR7025540006,한국단자,KOSPI,55500,700,1.28,54800,56100,54300,27218,1507461600,10115000,561382500000
20260901,025550,KR7025550005,한국선재,KOSDAQ,2175,-15,-.68,2190,2205,2165,35241,76805735,25514004,55492958700
20260901,025560,KR7025560004,미래산업,KOSPI,6500,-80,-1.22,6580,6590,6300,379145,2431747475,27778678,180561407000
20260901,025620,KR7025620006,차AI헬스케어,KOSPI,5020,-180,-3.46,5300,5600,4960,15672,80056155,18203973,91383944460
20260901,025750,KR7025750001,한솔홈데코,KOSPI,1915,-1,-.05,1916,1924,1884,16220,30855737,16113029,30856450535
20260901,025770,KR7025770009,한국정보통신,KOSDAQ,8050,50,.63,8050,8080,7900,10928,86902330,37444271,301426381550
20260901,025820,KR7025820002,이구산업,KOSPI,4410,-70,-1.56,4480,4530,4350,142293,630460912,33442000,147479220000
20260901,025860,KR7025860008,남해화학,KOSPI,6480,170,2.69,6360,6560,6320,625363,4037047335,49678843,321918902640
20260901,025870,KR7025870007,신라에스지,KOSDAQ,1993,-302,-13.16,2295,2295,1969,62247,126860057,4000000,7972000000
20260901,025880,KR7025880006,케이씨피드,KOSDAQ,2390,5,.21,2415,2415,2355,59143,140248754,16715858,39950900620
20260901,025890,KR7025890005,한국주강,KOSPI,2530,25,1,2480,2530,2480,8603,21631505,11144616,28195878480
20260901,025900,KR7025900002,동화기업,KOSDAQ,7450,-330,-4.24,7730,7810,7420,135524,1027535500,50557285,376651773250
20260901,025950,KR7025950007,동신건설,KOSDAQ,10380,-50,-.48,10430,10560,10150,20712,213371205,8400000,87192000000
20260901,025980,KR7025980004,아난티,KOSDAQ,5340,190,3.69,5130,5540,5020,9783548,52246571190,97300990,519587286600
20260901,026040,KR7026040006,제이에스티나,KOSDAQ,2225,195,9.61,2030,2385,1971,773218,1720324987,16503790,36720932750
20260901,026150,KR7026150003,특수건설,KOSDAQ,3850,-50,-1.28,3900,3950,3815,16113,61972867,17546331,67553374350
20260901,026890,KR7026890004,스틱인베스트먼트,KOSPI,8480,-20,-.24,8440,8570,8420,53899,457188270,38770837,328776697760
20260901,026910,KR7026910000,광진실업,KOSDAQ,3580,-20,-.56,3575,3635,3250,63324,219108540,7928326,28383407080
20260901,026940,KR7026940007,부국철강,KOSPI,2155,-10,-.46,2195,2210,2105,272706,585993450,20000000,43100000000
20260901,026960,KR7026960005,동서,KOSPI,25650,-200,-.77,25600,25850,25400,63183,1616644950,99700000,2557305000000
20260901,027040,KR7027040005,서울전자통신,KOSDAQ,1935,-7,-.36,1942,2085,1918,55151,108922938,13917769,26930883015
20260901,027050,KR7027050004,코리아나,KOSDAQ,1408,-14,-.98,1424,1424,1399,64283,90291622,40000000,56320000000
20260901,027360,KR7027360007,아주IB투자,KOSDAQ,3260,-100,-2.98,3360,3375,3160,1545268,4985480119,121145406,394934023560
20260901,027410,KR7027410000,BGF,KOSPI,3930,5,.13,3890,3950,3880,54903,214407885,95716791,376166988630
20260901,027580,KR7027580000,상보,KOSDAQ,1630,9,.56,1639,1787,1621,43437,72373711,11836255,19293095650
20260901,027710,KR7027710003,팜스토리,KOSDAQ,1084,-6,-.55,1090,1093,1078,147257,159476355,111416600,120775594400
20260901,027740,KR7027740000,마니커,KOSPI,1566,42,2.76,1513,1570,1503,220577,341176327,31755614,49729291524
20260901,027830,KR7027830009,대성창투,KOSDAQ,930,-16,-1.69,944,955,915,47212,43957142,54000000,50220000000
20260901,027970,KR7027970003,한국제지,KOSPI,2740,-25,-.9,2775,2780,2725,11625,31831530,38030144,104202594560
20260901,028050,KR7028050003,삼성E&A,KOSPI,45800,-1300,-2.76,46750,47000,45250,939375,43107140175,196000000,8976800000000
20260901,028080,KR7028080000,휴맥스홀딩스,KOSDAQ,5080,90,1.8,4990,5140,4880,2952,14973455,2530346,12854157680
20260901,028100,KR7028100006,동아지질,KOSPI,17680,60,.34,17690,17690,17370,16296,287035570,11222117,198407028560
20260901,028260,KR7028260008,삼성물산,KOSPI,390500,14000,3.72,374000,392000,369500,300801,115761209250,162167581,63326440380500
20260901,02826K,KR702826K016,삼성물산우B,KOSPI,248500,8500,3.54,240500,249500,235000,4600,1122549500,1467590,364696115000
20260901,028300,KR7028300002,HLB,KOSDAQ,34050,-1550,-4.35,38500,38800,34050,1978375,70286608400,133198223,4535399493150
20260901,028670,KR7028670008,팬오션,KOSPI,5600,-70,-1.23,5670,5860,5490,3288729,18422226735,534569512,2993589267200
20260901,029460,KR7029460003,케이씨,KOSPI,39150,-1850,-4.51,41000,41000,38100,26345,1031034800,11020535,431453945250
20260901,029480,KR7029480001,광무,KOSDAQ,1484,-9,-.6,1493,1520,1472,26670,39888994,59719132,88623191888
20260901,029530,KR7029530003,신도리코,KOSPI,41050,400,.98,40650,41300,40650,3694,151164100,9715729,398830675450
20260901,029780,KR7029780004,삼성카드,KOSPI,46050,-900,-1.92,46600,46800,45850,146208,6744570100,115858891,5335301930550
20260901,030000,KR7030000004,제일기획,KOSPI,19180,-10,-.05,19240,19360,19130,158939,3056047440,115041225,2206490695500
20260901,030190,KR7030190003,NICE평가정보,KOSPI,16080,50,.31,15960,16390,15960,242589,3910958670,58911527,947297354160
20260901,030200,KR7030200000,KT,KOSPI,54000,600,1.12,53100,54000,53100,138182,7405356798,252021685,13609170990000
20260901,030210,KR7030210009,다올투자증권,KOSPI,3915,95,2.49,3830,3915,3820,54854,212392460,60911106,238466979990
20260901,030350,KR7030350003,드래곤플라이,KOSDAQ,973,0,0,0,0,0,0,0,15592079,15171092867
20260901,030520,KR7030520001,한컴,KOSDAQ,17990,-10,-.06,17840,18290,17840,133595,2408006535,24179744,434993594560
20260901,030530,KR7030530000,원익홀딩스,KOSDAQ,17730,-1050,-5.59,18600,18920,17730,902012,16223315295,77237981,1369429403130
20260901,030610,KR7030610000,교보증권,KOSPI,10330,140,1.37,10260,10350,10120,25788,264495250,113962961,1177237387130
20260901,030720,KR7030720007,동원수산,KOSPI,5510,90,1.66,5100,5530,5030,112315,598201160,4653805,25642465550
20260901,030960,KR7030960009,양지사,KOSDAQ,4520,0,0,4520,4530,4470,14731,66435620,15980000,72229600000
20260901,031210,KR7031210008,서울보증보험,KOSPI,43650,150,.34,43450,44150,42800,19970,873124100,69821598,3047712752700
20260901,031310,KR7031310006,아이즈비전,KOSDAQ,971,21,2.21,949,983,949,43756,42091355,29746651,28883998121
20260901,031330,KR7031330004,에스에이엠티,KOSDAQ,8100,0,0,8100,8150,7870,424532,3397451860,99995067,809960042700
20260901,031430,KR7031430002,신세계인터내셔날,KOSPI,10850,20,.18,10910,11050,10670,57749,624061340,34986000,379598100000
20260901,031510,KR7031510001,오스템,KOSDAQ,1096,-6,-.54,1102,1109,1053,115822,126260756,28000000,30688000000
20260901,031820,KR7031820004,아이티센씨티에스,KOSPI,5920,0,0,5920,5970,5800,55857,327797385,12105146,71662464320
20260901,031860,KR7031860000,디에이치엑스컴퍼니,KOSDAQ,6930,0,0,0,0,0,0,0,2700542,18714756060
20260901,031980,KR7031980006,피에스케이홀딩스,KOSDAQ,123200,-1600,-1.28,122300,125400,120200,78615,9673549950,21562395,2656487064000
20260901,032080,KR7032080004,아즈텍WB,KOSDAQ,1073,9,.85,1064,1076,1049,2579,2746540,21491029,23059874117
20260901,032190,KR7032190001,다우데이타,KOSDAQ,20200,50,.25,20150,20400,19980,48766,982226395,38300000,773660000000
20260901,032280,KR7032280000,삼일,KOSDAQ,1362,33,2.48,1340,1365,1329,28747,38865805,16213590,22082909580
20260901,032300,KR7032300006,한국파마,KOSDAQ,7990,40,.5,7990,8020,7830,4398,34848980,10906701,87144540990
20260901,032350,KR7032350001,롯데관광개발,KOSPI,13190,-90,-.68,13400,13480,12820,235091,3066983560,79725458,1051578791020
20260901,032500,KR7032500001,케이엠더블유,KOSDAQ,14620,-590,-3.88,14830,14970,14330,229687,3334480870,42191701,616842668620
20260901,032540,KR7032540007,TJ미디어,KOSDAQ,3110,-20,-.64,3120,3120,3080,885,2745940,20897413,64990954430
20260901,032560,KR7032560005,황금에스티,KOSPI,5670,-10,-.18,5630,5720,5630,12247,69248460,17000000,96390000000
20260901,032580,KR7032580003,피델릭스,KOSDAQ,4710,-115,-2.38,4785,5050,4650,809187,3893561023,33132064,156052021440
20260901,032620,KR7032620007,GC메디아이,KOSDAQ,3110,-5,-.16,3095,3125,3080,41899,129708055,52197139,162333102290
20260901,032640,KR7032640005,LG유플러스,KOSPI,15220,230,1.53,14890,15230,14890,604927,9166473025,424427732,6459790081040
20260901,032680,KR7032680001,소프트센,KOSDAQ,953,3,.32,957,958,917,43765,41211725,20855881,19875654593
20260901,032685,KR7032681009,소프트센우,KOSDAQ,8700,-20,-.23,8600,8820,8600,3053,26420560,71362,620849400
20260901,032750,KR7032750002,삼진,KOSDAQ,2975,-60,-1.98,3060,3060,2975,14341,43230040,9031122,26867587950
20260901,032790,KR7032790008,엠젠솔루션,KOSDAQ,1178,-2,-.17,1200,1200,1102,38548,44381407,25680106,30251164868
20260901,032800,KR7032800005,판타지오,KOSDAQ,1530,-10,-.65,1540,1540,1501,3473,5329632,15107024,23113746720
20260901,032820,KR7032820003,우리기술,KOSDAQ,10750,-850,-7.33,11600,11610,10550,4242963,45518836865,172784612,1857434579000
20260901,032830,KR7032830002,삼성생명,KOSPI,309500,3500,1.14,300000,310500,296000,306643,93625284000,200000000,61900000000000
20260901,032850,KR7032850000,비트컴퓨터,KOSDAQ,3945,-55,-1.38,3995,3995,3905,24825,97604360,16623293,65578890885
20260901,032860,KR7032860009,더라미,KOSDAQ,2770,-570,-17.07,3315,3315,2730,135031,396868280,8079172,22379306440
20260901,032940,KR7032940009,원익,KOSDAQ,7600,-400,-5,8100,8700,7550,5296962,43654920380,18193181,138268175600
20260901,032960,KR7032960007,동일기연,KOSDAQ,2050,10,.49,2040,2050,2000,4978,10076410,17592975,36065598750
20260901,033050,KR7033050006,제이엠아이,KOSDAQ,836,-7,-.83,850,850,824,27000,22447456,31839328,26617678208
20260901,033100,KR7033100009,제룡전기,KOSDAQ,46300,-1250,-2.63,47600,47650,46150,88720,4135935075,16062409,743689536700
20260901,033130,KR7033130006,디지틀조선,KOSDAQ,1946,17,.88,1931,1956,1925,24049,46815281,37115267,72226309582
20260901,033160,KR7033160003,엠케이전자,KOSDAQ,14100,-140,-.98,14260,14410,13600,415120,5812172610,24564058,346353217800
20260901,033170,KR7033170002,시그네틱스,KOSDAQ,1986,-74,-3.59,2040,2045,1979,78876,157585117,17145663,34051286718
20260901,033200,KR7033200007,모아텍,KOSDAQ,2535,10,.4,2525,2535,2500,606,1527205,9204529,23333481015
20260901,033230,KR7033230004,인성정보,KOSDAQ,1135,-9,-.79,1162,1162,1112,106422,120099981,50515380,57334956300
20260901,033240,KR7033240003,자화전자,KOSPI,30000,-250,-.83,30700,30700,29000,70479,2087619225,21605502,648165060000
20260901,033250,KR7033250002,체시스,KOSPI,4670,10,.21,4700,4800,4630,64148,303089755,6400000,29888000000
20260901,033270,KR7033270000,유나이티드제약,KOSPI,18160,380,2.14,17800,18290,17800,33505,604469265,15910775,288939674000
20260901,033290,KR7033290008,로젠,KOSDAQ,1521,-5,-.33,1530,1530,1509,14101,21371880,56156301,85413733821
20260901,033310,KR7033310004,엠투엔,KOSDAQ,1445,-1,-.07,1446,1454,1416,55042,78984685,39972456,57760198920
20260901,033320,KR7033320003,제이씨현시스템,KOSDAQ,3125,-25,-.79,3145,3160,3085,34444,107287965,19114432,59732600000
20260901,033340,KR7033340001,좋은사람들,KOSDAQ,481,88,22.39,394,510,385,22790505,10673702291,96950558,46633218398
20260901,033500,KR7033500000,동성화인텍,KOSDAQ,17750,-270,-1.5,17940,18190,17590,77670,1379879815,29989494,532313518500
20260901,033530,KR7033530007,SJG세종,KOSPI,7030,20,.29,7010,7100,6830,31661,221658610,27052299,190177661970
20260901,033540,KR7033540006,파라텍,KOSDAQ,3370,80,2.43,3290,3385,3215,15662,51416020,10449266,35214026420
20260901,033560,KR7033560004,블루콤,KOSDAQ,4660,-65,-1.38,4690,4785,4460,15030,69516410,17100000,79686000000
20260901,033640,KR7033640004,네패스,KOSDAQ,22650,-50,-.22,22500,22950,21800,79913,1788878550,23059202,522290925300
20260901,033780,KR7033780008,KT&G,KOSPI,174900,-3200,-1.8,175400,176900,174200,114540,20063662900,103810456,18156448754400
20260901,033790,KR7033790007,피노,KOSDAQ,8280,430,5.48,7980,8770,7730,5955413,49673225550,83321887,689905224360
20260901,033830,KR7033830001,티비씨,KOSDAQ,1670,0,0,1625,1689,1625,21909,36607202,18907130,31574907100
20260901,033920,KR7033920000,무학,KOSPI,7900,-40,-.5,7940,7950,7800,16825,132198425,28500000,225150000000
20260901,034020,KR7034020008,두산에너빌리티,KOSPI,81400,-1100,-1.33,82600,83100,80100,1522827,123638000600,640561146,52141677284400
20260901,034120,KR7034120006,SBS,KOSPI,12340,120,.98,12130,12340,12070,6185,75506730,18551238,228922276920
20260901,034220,KR7034220004,LG디스플레이,KOSPI,9280,-160,-1.69,9440,9750,9210,5382723,50806839570,500000000,4640000000000
20260901,034230,KR7034230003,파라다이스,KOSPI,10210,10,.1,10220,10400,9970,423675,4313234310,92629382,945745990220
20260901,034310,KR7034310003,NICE,KOSPI,13250,50,.38,13200,13320,13060,46727,614866870,36757157,487032330250
20260901,034590,KR7034590000,인천도시가스,KOSPI,26750,100,.38,26750,26750,26600,1156,30887400,4374754,117024669500
20260901,034730,KR7034730002,SK,KOSPI,586000,41000,7.52,543000,587000,539000,166124,95263763000,72502703,42486583958000
20260901,03473K,KR703473K016,SK우,KOSPI,415000,21500,5.46,393500,429000,388000,3751,1566778500,566135,234946025000
20260901,034810,KR7034810002,해성산업,KOSDAQ,6160,-20,-.32,6170,6190,5990,62285,377433605,31580152,194533736320
20260901,03481K,KR703481K019,해성산업1우,KOSDAQ,6150,100,1.65,6050,6200,6050,202,1230260,1377453,8471335950
20260901,034830,KR7034830000,한국토지신탁,KOSPI,1180,16,1.37,1169,1180,1159,364404,424738727,252489230,297937291400
20260901,034940,KR7034940007,조아제약,KOSDAQ,2945,5,.17,2940,3355,2930,466028,1428003564,6195965,18247116925
20260901,034950,KR7034950006,한국기업평가,KOSDAQ,105000,1200,1.16,104900,105000,103900,1007,105400000,4540514,476753970000
20260901,035000,KR7035000009,HS애드,KOSPI,6520,90,1.4,6440,6520,6420,47520,307237495,16207644,105673838880
20260901,035080,KR7035080001,그래디언트,KOSDAQ,11890,-70,-.59,11920,11950,11770,19561,232054160,11431284,135917966760
20260901,035150,KR7035150002,백산,KOSPI,10950,90,.83,10800,10970,10760,9325,101236850,19771079,216493315050
20260901,035200,KR7035200005,프럼파스트,KOSDAQ,2760,30,1.1,2705,2760,2680,16904,45832940,9219981,25447147560
20260901,035250,KR7035250000,강원랜드,KOSPI,14750,100,.68,14610,14810,14560,196382,2887474245,213940500,3155622375000
20260901,035290,KR7035290006,골드앤에스,KOSDAQ,2705,190,7.55,2485,2975,2445,161577,444378616,4767648,12896487840
20260901,035420,KR7035420009,NAVER,KOSPI,215000,-2000,-.92,217000,218500,213500,382061,82408444750,152076491,32696445565000
20260901,035460,KR7035460005,기산텔레콤,KOSDAQ,2395,-5,-.21,2400,2425,2360,32099,76820316,14920340,35734214300
20260901,035510,KR7035510007,신세계 I&C,KOSPI,13170,-190,-1.42,13200,13340,13050,28257,372523105,13980900,184128453000
20260901,035600,KR7035600006,KG이니시스,KOSDAQ,10610,100,.95,10630,10650,10420,41365,435594200,27554434,292352544740
20260901,035610,KR7035610005,솔본,KOSDAQ,4980,-60,-1.19,5040,5070,4980,14600,73336405,27345997,136183065060
20260901,035620,KR7035620004,바른손이앤에이,KOSDAQ,707,8,1.14,707,779,706,43659,31212765,18609918,13157212026
20260901,035720,KR7035720002,카카오,KOSPI,36500,-50,-.14,36200,37100,36200,1086928,39762053525,442981070,16168809055000
20260901,035760,KR7035760008,CJ ENM,KOSDAQ,33950,50,.15,33400,34800,33300,85701,2916308350,21929154,744494778300
20260901,035810,KR7035810001,이지홀딩스,KOSDAQ,4680,40,.86,4605,4695,4605,192996,901254180,64516185,301935745800
20260901,035890,KR7035890003,서희건설,KOSDAQ,2260,-30,-1.31,2325,2325,2230,191328,432778803,207588536,469150091360
20260901,035900,KR7035900000,JYP Ent.,KOSDAQ,39700,-150,-.38,39500,40350,39450,147852,5883106600,35532492,1410639932400
20260901,036000,KR7036000008,예림당,KOSDAQ,2995,65,2.22,2925,2995,2920,15443,45522827,23034277,68987659615
20260901,036010,KR7036010007,아비코전자,KOSDAQ,6910,-140,-1.99,6970,7110,6850,60337,417426475,13292934,91854173940
20260901,036030,KR7036030005,케이티알파,KOSDAQ,4700,5,.11,4695,4705,4660,15120,70867942,49019141,230389962700
20260901,036090,KR7036090009,위지트,KOSDAQ,1323,-12,-.9,1350,1350,1304,102338,134559774,42550514,56294330022
20260901,036120,KR7036120004,서울평가정보,KOSDAQ,1624,32,2.01,1592,1627,1588,98634,159619833,35145000,57075480000
20260901,036170,KR7036170009,에이치엠넥스,KOSDAQ,2275,-15,-.66,2300,2335,2215,149387,336171029,61365626,139606799150
20260901,036190,KR7036190007,금화피에스시,KOSDAQ,34650,0,0,35050,35050,34100,3242,111507400,6000000,207900000000
20260901,036200,KR7036200004,유니셈,KOSDAQ,8960,-80,-.88,8910,9030,8760,111954,994242735,30664223,274751438080
20260901,036220,KR7036220002,오상헬스케어,KOSDAQ,6780,-130,-1.88,6910,6910,6640,6130,41119190,14309416,97017840480
20260901,036420,KR7036420008,콘텐트리중앙,KOSPI,1597,-11,-.68,1606,1606,1558,25133,39479046,19262308,30761905876
20260901,036460,KR7036460004,한국가스공사,KOSPI,37500,50,.13,37100,37850,37100,99593,3727673950,92313000,3461737500000
20260901,036480,KR7036480002,대성미생물,KOSDAQ,6220,-40,-.64,6170,6410,6170,279,1734210,3800000,23636000000
20260901,036530,KR7036530004,SNT홀딩스,KOSPI,45750,-100,-.22,45850,46250,45400,8088,370786700,16303886,745902784500
20260901,036540,KR7036540003,SFA반도체,KOSDAQ,5860,160,2.81,5790,6050,5650,2141642,12501506350,164460303,963737375580
20260901,036560,KR7036560001,KZ정밀,KOSDAQ,12280,-90,-.73,12370,12440,12210,3361,41178560,15750000,193410000000
20260901,036570,KR7036570000,NC,KOSPI,224000,-500,-.22,222000,228000,221500,43974,9842327500,21544022,4825860928000
20260901,036580,KR7036580009,팜스코,KOSPI,2525,-10,-.39,2545,2580,2470,12742,32079665,36727943,92738056075
20260901,036620,KR7036620003,감성코퍼레이션,KOSDAQ,3775,0,0,3735,3800,3625,537521,1991536102,89862944,339232613600
20260901,036630,KR7036630002,세종텔레콤,KOSDAQ,8330,-170,-2,8500,8700,8080,5520,45513500,14000000,116620000000
20260901,036640,KR7036640001,HRS,KOSDAQ,4940,-30,-.6,4980,4980,4900,11382,56110187,16354800,80792712000
20260901,036670,KR7036670008,삼양케이씨아이,KOSDAQ,5130,-40,-.77,5170,5170,5120,3483,17961420,10760200,55199826000
20260901,036690,KR7036690006,코맥스,KOSDAQ,2885,0,0,0,0,0,0,0,43567455,125692107675
20260901,036710,KR7036710002,심텍홀딩스,KOSDAQ,4090,-65,-1.56,4115,4115,3950,102313,413275293,52827754,216065513860
20260901,036800,KR7036800001,나이스정보통신,KOSDAQ,7960,460,6.13,7510,8060,7470,356116,2800734315,45500000,362180000000
20260901,036810,KR7036810000,에프에스티,KOSDAQ,28100,1200,4.46,26350,28250,25500,242783,6546314700,21649789,608359070900
20260901,036830,KR7036830008,솔브레인홀딩스,KOSDAQ,44000,300,.69,44900,45800,43750,80487,3588435100,20503981,902175164000
20260901,036890,KR7036890002,진성티이씨,KOSDAQ,12940,-10,-.08,13000,13150,12830,34817,450512155,22032623,285102141620
20260901,036930,KR7036930006,주성엔지니어링,KOSDAQ,173000,-4000,-2.26,175600,177700,171800,418115,72658653900,46481121,8041233933000
20260901,037030,KR7037030004,파워넷,KOSDAQ,3240,-50,-1.52,3270,3290,3160,219730,705650135,25512992,82662094080
20260901,037070,KR7037070000,파세코,KOSDAQ,6080,30,.5,6000,6180,6000,172839,1053906165,20000000,121600000000
20260901,037230,KR7037230000,한국팩키지,KOSDAQ,1398,-16,-1.13,1422,1422,1394,12497,17494097,29800327,41660857146
20260901,037270,KR7037270006,YG PLUS,KOSPI,3215,-5,-.16,3190,3250,3170,102442,327380610,63663110,204676898650
20260901,037330,KR7037330008,인지디스플레,KOSDAQ,719,1,.14,710,747,689,110131,78683888,43885224,31553476056
20260901,037350,KR7037350006,성도이엔지,KOSDAQ,7300,-170,-2.28,7470,7490,7230,124379,908602890,15210000,111033000000
20260901,037370,KR7037370004,EG,KOSDAQ,3700,90,2.49,3485,3885,3485,9002,32854575,8624972,31912396400
20260901,037400,KR7037400009,우리엔터프라이즈,KOSDAQ,632,0,0,0,0,0,0,0,26223346,16573154672
20260901,037440,KR7037440005,희림,KOSDAQ,4180,-80,-1.88,4245,4245,4080,277516,1147789345,13922475,58195945500
20260901,037460,KR7037460003,삼지전자,KOSDAQ,30800,0,0,30800,30950,30150,38052,1165351900,16318522,502610477600
20260901,037560,KR7037560000,LG헬로비전,KOSPI,1648,7,.43,1629,1648,1626,58190,95172547,77446865,127632433520
20260901,037710,KR7037710001,광주신세계,KOSPI,37000,-100,-.27,36750,37000,36300,28328,1038368250,7627172,282205364000
20260901,037760,KR7037760006,쎄니트,KOSDAQ,2390,-5,-.21,2390,2400,2365,26218,62758605,33832921,80860681190
20260901,037950,KR7037950003,엘컴텍,KOSDAQ,2890,10,.35,2920,2920,2805,10438,30033200,16889503,48810663670
20260901,038010,KR7038010005,제일테크노스,KOSDAQ,5530,40,.73,5560,5560,5420,7225,39374740,9000000,49770000000
20260901,038060,KR7038060000,루멘스,KOSDAQ,849,-13,-1.51,880,880,847,76965,65763929,48103069,40839505581
20260901,038070,KR7038070009,서린바이오,KOSDAQ,4355,-25,-.57,4345,4390,4260,27738,118843952,9300676,40504443980
20260901,038110,KR7038110003,에코플라스틱,KOSDAQ,2020,26,1.3,1989,2025,1960,141301,281238969,41169370,83162127400
20260901,038290,KR7038290003,마크로젠,KOSDAQ,12700,-140,-1.09,12730,13000,12530,19705,248940850,10841400,137685780000
20260901,038390,KR7038390001,레드캡투어,KOSDAQ,10060,30,.3,9930,10070,9930,8744,87722585,16720822,168211469320
20260901,038460,KR7038460002,바이오스마트,KOSDAQ,2715,5,.18,2675,2725,2655,67631,181671715,25274542,68620381530
20260901,038500,KR7038500005,삼표시멘트,KOSDAQ,7560,-230,-2.95,7730,7780,7520,308695,2348585435,107916306,815847273360
20260901,038530,KR7038530002,케이바이오랩스,KOSDAQ,999,0,0,0,0,0,0,0,25890122,25864231878
20260901,038540,KR7038540001,상상인,KOSDAQ,2015,-60,-2.89,2060,2075,2010,13317,27116665,55328313,111486550695
20260901,038620,KR7038620001,위즈코프,KOSDAQ,1980,60,3.13,1920,1984,1863,23293,44503776,15145893,29988868140
20260901,038680,KR7038680005,에스넷,KOSDAQ,4000,-40,-.99,4030,4030,3915,49583,196744525,19912642,79650568000
20260901,038870,KR7038870002,에코심플렉스,KOSDAQ,1842,11,.6,1832,1843,1795,2328,4271385,14014949,25815536058
20260901,038880,KR7038880001,아이에이,KOSDAQ,3050,-35,-1.13,3345,3345,3045,8214,25177511,7514423,22918990150
20260901,038950,KR7038950002,파인디지털,KOSDAQ,3130,25,.81,3105,3220,3105,1010,3143185,10210765,31959694450
20260901,039010,KR7039010004,현대에이치티,KOSDAQ,7590,-30,-.39,7600,7680,7450,13522,102156130,8625000,65463750000
20260901,039020,KR7039020003,이건홀딩스,KOSDAQ,2705,-45,-1.64,2740,2740,2700,16379,44411151,22584709,61091637845
20260901,039030,KR7039030002,이오테크닉스,KOSDAQ,394000,-10000,-2.48,399000,408000,390500,83376,32980450250,12319550,4853902700000
20260901,039130,KR7039130000,하나투어,KOSPI,33200,550,1.68,32500,33300,32400,27720,910889200,15489932,514265742400
20260901,039200,KR7039200001,오스코텍,KOSDAQ,37000,1950,5.56,35150,37200,35150,161788,5897600200,38258176,1415552512000
20260901,039240,KR7039240007,경남스틸,KOSDAQ,1933,0,0,1920,1946,1920,12195,23540109,26979604,52151574532
20260901,039290,KR7039290002,인포뱅크,KOSDAQ,3835,-75,-1.92,3985,3985,3815,1431,5564150,8693978,33341405630
20260901,039310,KR7039310008,세중,KOSDAQ,1413,25,1.8,1388,1433,1374,25915,36146769,18121667,25605915471
20260901,039340,KR7039340005,한국경제TV,KOSDAQ,4880,-40,-.81,4920,4920,4835,53077,257778125,22000000,107360000000
20260901,039420,KR7039420005,케이엘넷,KOSDAQ,2790,15,.54,2750,2790,2700,31918,87126765,22946994,64022113260
20260901,039440,KR7039440003,에스티아이,KOSDAQ,19980,-270,-1.33,20050,20100,19720,44192,878028895,15507047,309830799060
20260901,039490,KR7039490008,키움증권,KOSPI,282000,4500,1.62,278500,284500,273000,58120,16211413000,26228316,7396385112000
20260901,039560,KR7039560008,다산네트웍스,KOSDAQ,2420,-20,-.82,2440,2440,2385,85272,204958768,42888468,103790092560
20260901,039570,KR7039570007,HDC랩스,KOSPI,7670,-10,-.13,7620,7680,7540,3688,28037900,25957601,199094799670
20260901,039610,KR7039610001,화성밸브,KOSDAQ,5670,60,1.07,5550,5680,5470,49457,276736375,10410400,59026968000
20260901,039740,KR7039740006,한국정보공학,KOSDAQ,3095,-70,-2.21,3115,3170,3080,20621,64296150,8018397,24816938715
20260901,039830,KR7039830005,오로라,KOSDAQ,17490,-220,-1.24,17530,17900,17310,12153,212717860,10762890,188242946100
20260901,039840,KR7039840004,디오,KOSDAQ,11070,-90,-.81,11170,11200,10890,12666,139236785,13415828,148513215960
20260901,039860,KR7039860002,나노엔텍,KOSDAQ,4170,245,6.24,3925,4550,3860,1864303,7959295969,38093053,158848031010
20260901,039980,KR7039980008,폴라리스AI,KOSDAQ,5270,-90,-1.68,5350,5420,5220,75769,399751710,14381214,75788997780
20260901,040160,KR7040160004,누리플렉스,KOSDAQ,6700,0,0,6700,6860,6620,7266,48853510,12055535,80772084500
20260901,040300,KR7040300006,YTN,KOSDAQ,1986,-5,-.25,1999,2015,1986,6919,13790821,47676980,94686482280
20260901,040350,KR7040350001,크레오에스지,KOSDAQ,4875,-1585,-24.54,5400,5780,4865,603385,3073062634,19856196,96798955500
20260901,040420,KR7040420002,정상제이엘에스,KOSDAQ,5830,20,.34,5830,5850,5800,10974,63959500,15677552,91400128160
20260901,040610,KR7040610008,SG&G,KOSDAQ,3205,-25,-.77,3250,3250,3180,15315,49017235,17043598,54624731590
20260901,040910,KR7040910002,아이씨디,KOSDAQ,4550,0,0,4520,4590,4490,7035,31916645,18174275,82692951250
20260901,041020,KR7041020009,폴라리스오피스,KOSDAQ,2990,-5,-.17,2975,3030,2945,166674,496589692,49683793,148554541070
20260901,041190,KR7041190000,우리기술투자,KOSDAQ,6190,130,2.15,6160,6300,5950,3865180,23687805955,84000000,519960000000
20260901,041440,KR7041440009,현대에버다임,KOSDAQ,6550,-30,-.46,6600,6600,6420,47902,310109090,17841712,116863213600
20260901,041460,KR7041460007,한국전자인증,KOSDAQ,3585,-5,-.14,3590,3600,3540,10900,38958621,19000000,68115000000
20260901,041510,KR7041510009,에스엠,KOSDAQ,73900,-900,-1.2,74100,76100,73700,91472,6838098400,22894690,1691917591000
20260901,041520,KR7041520008,이엘씨,KOSDAQ,11240,0,0,11390,11390,11010,4646,51928990,12188730,137001325200
20260901,041590,KR7041590001,플래스크,KOSDAQ,2370,0,0,0,0,0,0,0,48972158,116064014460
20260901,041650,KR7041650003,상신브레이크,KOSPI,2250,-20,-.88,2270,2275,2235,4957,11170320,21471450,48310762500
20260901,041830,KR7041830001,인바디,KOSDAQ,61100,900,1.5,59700,63300,56700,223475,13328847650,13480882,823681890200
20260901,041910,KR7041910001,폴라리스AI파마,KOSDAQ,5440,40,.74,5320,5480,5300,15683,84263460,13283350,72261424000
20260901,041920,KR7041920000,메디아나,KOSDAQ,8670,-100,-1.14,8710,8750,8430,34521,295549080,18598223,161246593410
20260901,041930,KR7041930009,SY동아,KOSDAQ,4960,105,2.16,4800,4990,4800,22908,112990897,15200000,75392000000
20260901,041960,KR7041960006,코미팜,KOSDAQ,9310,0,0,9310,9450,9150,106627,994491395,73886495,687883268450
20260901,042000,KR7042000000,카페24,KOSDAQ,16740,-250,-1.47,16750,17080,16610,47207,791570100,24178169,404742549060
20260901,042040,KR7042040006,케이피엠테크,KOSDAQ,4475,120,2.76,4355,4550,4285,5571,24599932,8670991,38802684725
20260901,042110,KR7042110007,에스씨디,KOSDAQ,1109,1,.09,1108,1113,1063,239499,260011705,48329564,53597486476
20260901,042370,KR7042370007,비츠로테크,KOSDAQ,8350,-150,-1.76,8500,8570,8310,64662,541763305,26200025,218770208750
20260901,042420,KR7042420000,네오위즈홀딩스,KOSDAQ,24300,100,.41,23800,24400,23800,9167,220303450,8142283,197857476900
20260901,042500,KR7042500009,링네트,KOSDAQ,4455,-5,-.11,4460,4470,4380,48067,212509618,22291144,99307046520
20260901,042510,KR7042510008,라온시큐어,KOSDAQ,8850,-80,-.9,9060,9200,8700,222007,1987607135,11105828,98286577800
20260901,042520,KR7042520007,한스바이오메드,KOSDAQ,20200,-200,-.98,20550,20950,19900,91136,1850386905,14261367,288079613400
20260901,042600,KR7042600007,새로닉스,KOSDAQ,13080,-800,-5.76,13850,13870,12760,35094,467680130,12423574,162500347920
20260901,042660,KR7042660001,한화오션,KOSPI,87900,-100,-.11,87400,88400,85800,521854,45359816450,306413394,26933737332600
20260901,042700,KR7042700005,한미반도체,KOSPI,215000,-5500,-2.49,218500,219000,210500,375771,80513230000,95312200,20492123000000
20260901,042940,KR7042940007,상지건설,KOSDAQ,6350,340,5.66,6130,6450,6000,138501,868070975,6828712,43362321200
20260901,043100,KR7043100007,알파AI,KOSDAQ,520,0,0,0,0,0,0,0,20110080,10457241600
20260901,043150,KR7043150002,바텍,KOSDAQ,19140,340,1.81,18880,19140,18750,21328,403929885,14854256,284310459840
20260901,043200,KR7043200005,파루,KOSDAQ,1260,-33,-2.55,1295,1329,1180,902591,1142879615,20902157,26336717820
20260901,043220,KR7043220003,티에스넥스젠,KOSDAQ,1710,0,0,0,0,0,0,0,16486023,28191099330
20260901,043260,KR7043260009,성호전자,KOSDAQ,16490,-490,-2.89,16980,17130,16100,485937,8033826010,73433552,1210919272480
20260901,043340,KR7043340009,에쎈테크,KOSDAQ,827,7,.85,820,836,812,109791,90157439,47500000,39282500000
20260901,043360,KR7043360007,디지아이,KOSDAQ,2225,65,3.01,2195,2410,2170,22922,51557527,9000000,20025000000
20260901,043370,KR7043370006,피에이치에이,KOSDAQ,11150,-180,-1.59,11330,11330,11100,3785,42158245,21000000,234150000000
20260901,043590,KR7043590009,웰킵스하이텍,KOSDAQ,1460,0,0,1444,1460,1416,7210,10447453,13568381,19809836260
20260901,043610,KR7043610005,KT지니뮤직,KOSDAQ,1193,21,1.79,1160,1195,1143,90684,105385201,58115438,69331717534
20260901,043650,KR7043650001,국순당,KOSDAQ,3555,-5,-.14,3560,3575,3515,9038,31964970,17858304,63486270720
20260901,043710,KR7043710003,코스리거글로벌,KOSDAQ,3255,275,9.23,2985,3260,2970,1641,4958790,17312502,56352194010
20260901,043910,KR7043910009,자연과환경,KOSDAQ,3640,-80,-2.15,3690,3775,3600,97017,354069557,11339145,41274487800
20260901,044180,KR7044180008,KD,KOSDAQ,205,0,0,0,0,0,0,0,26717799,5477148795
20260901,044340,KR7044340008,위닉스,KOSDAQ,3400,-40,-1.16,3410,3425,3330,68563,230126441,17873425,60769645000
20260901,044380,KR7044380004,주연테크,KOSPI,1084,-31,-2.78,1115,1190,1014,474248,515327190,13896316,15063606544
20260901,044450,KR7044450005,KSS해운,KOSPI,9960,20,.2,9970,10040,9800,26677,263350940,22577525,224872149000
20260901,044480,KR7044480002,빌리언스,KOSDAQ,820,0,0,0,0,0,0,0,33250916,27265751120
20260901,044490,KR7044490001,태웅,KOSDAQ,33350,2100,6.72,30850,33550,30050,162119,5171042500,20007381,667246156350
20260901,044780,KR7044780005,에이치케이,KOSDAQ,1331,-29,-2.13,1314,1355,1310,21052,27842556,18505787,24631202497
20260901,044820,KR7044820009,코스맥스비티아이,KOSPI,25600,-1200,-4.48,26800,27500,25350,23594,614556525,9603921,245860377600
20260901,044960,KR7044960003,이글벳,KOSDAQ,3115,-5,-.16,3070,3125,3070,23704,73580368,12641883,39379465545
20260901,044990,KR7044990000,에이치엔에스하이텍,KOSDAQ,11180,-190,-1.67,11500,11680,11020,3483,38942740,7685425,85923051500
20260901,045060,KR7045060001,오공,KOSDAQ,2190,40,1.86,2150,2190,2095,49352,106297342,16941974,37102923060
20260901,045100,KR7045100005,한양이엔지,KOSDAQ,30150,100,.33,29900,30250,29400,44989,1338978600,17500000,527625000000
20260901,045300,KR7045300001,성우테크론,KOSDAQ,2740,50,1.86,2690,2760,2665,17699,47989017,10547012,28898812880
20260901,045340,KR7045340007,토탈소프트,KOSDAQ,6830,-90,-1.3,6870,6870,6740,9954,67528450,8558040,58451413200
20260901,045390,KR7045390002,대아티아이,KOSDAQ,3545,470,15.28,3075,3625,3015,5981248,20299647701,70473377,249828121465
20260901,045510,KR7045510005,정원엔시스,KOSDAQ,1115,-21,-1.85,1167,1167,1103,29046,32444832,31479957,35100152055
20260901,045520,KR7045520004,크린앤사이언스,KOSDAQ,2385,-10,-.42,2390,2390,2310,10359,24475900,6500000,15502500000
20260901,045660,KR7045660008,에이텍,KOSDAQ,9280,-440,-4.53,9720,9720,9270,13619,127849730,8260000,76652800000
20260901,045970,KR7045970001,코아시아,KOSDAQ,3215,-70,-2.13,3385,3385,3185,63306,204399507,26314876,84602326340
20260901,046070,KR7046070009,코다코,KOSDAQ,10280,0,0,0,0,0,0,0,15486089,159196994920
20260901,046120,KR7046120002,오르비텍,KOSDAQ,4450,-180,-3.89,4630,4645,4400,136017,609437327,33855433,150656676850
20260901,046210,KR7046210001,HLB파나진,KOSDAQ,1130,17,1.53,1220,1220,1114,200091,228342623,45527960,51446594800
20260901,046310,KR7046310009,백금T&A,KOSDAQ,2300,-55,-2.34,2355,2355,2275,22911,52471265,16418641,37762874300
20260901,046390,KR7046390001,삼화네트웍스,KOSDAQ,2080,-45,-2.12,2100,2205,2070,40815,86734503,17269173,35919879840
20260901,046440,KR7046440004,KG파이낸셜,KOSDAQ,4255,40,.95,4210,4255,4165,37807,158938515,36250386,154245392430
20260901,046890,KR7046890000,서울반도체,KOSDAQ,9740,-100,-1.02,9850,9930,9680,124780,1221680540,58305400,567894596000
20260901,046940,KR7046940003,우원개발,KOSDAQ,2980,-65,-2.13,3055,3055,2955,82331,245230155,18074350,53861563000
20260901,046970,KR7046970000,우리로,KOSDAQ,5140,185,3.73,4975,5300,4785,1044560,5333760173,43824999,225260494860
20260901,047040,KR7047040001,대우건설,KOSPI,16820,-1370,-7.53,18150,18250,16680,6292742,107652329120,410907638,6911466471160
20260901,047050,KR7047050000,포스코인터내셔널,KOSPI,55300,1600,2.98,53800,56700,53800,1055754,58904438000,175922788,9728530176400
20260901,047080,KR7047080007,한빛소프트,KOSDAQ,1107,111,11.14,996,1111,970,524008,557243192,24822362,27478354734
20260901,047310,KR7047310008,파워로직스,KOSDAQ,3050,-15,-.49,3040,3080,3025,46519,141724885,36610755,111662802750
20260901,047400,KR7047400007,유니온머티리얼,KOSPI,951,-1,-.11,973,973,938,50918,48761872,42000000,39942000000
20260901,047560,KR7047560008,이스트소프트,KOSDAQ,7660,-250,-3.16,7910,7910,7610,19695,150899425,11753082,90028608120
20260901,047770,KR7047770003,코데즈컴바인,KOSDAQ,3950,440,12.54,3485,4190,3410,16135727,63371812321,37842602,149478277900
20260901,047810,KR7047810007,한국항공우주,KOSPI,127200,-3800,-2.9,134100,139800,125500,543734,70135514350,97475107,12398833610400
20260901,047820,KR7047820006,초록뱀미디어,KOSDAQ,3095,-40,-1.28,3135,3165,3095,4157,12965490,24453930,75684913350
20260901,047920,KR7047920004,HLB제약,KOSDAQ,7770,660,9.28,8650,8690,7690,993602,7994906620,32799356,254850996120
20260901,048410,KR7048410005,현대바이오,KOSDAQ,6390,-190,-2.89,6520,6550,6330,627297,4009745310,96505572,616670605080
20260901,048430,KR7048430003,유라테크,KOSDAQ,5970,80,1.36,5900,6030,5860,2456,14561520,11520000,68774400000
20260901,048470,KR7048470009,대동스틸,KOSDAQ,2885,130,4.72,2770,2885,2690,23838,65434535,9650000,27840250000
20260901,048530,KR7048530000,인트론바이오,KOSDAQ,2850,50,1.79,2800,2875,2770,45348,128141965,30891758,88041510300
20260901,048550,KR7048550008,SM C&C,KOSDAQ,1253,-90,-6.7,1343,1345,1250,775677,1001918453,96714620,121183418860
20260901,048770,KR7048770002,TPC로보틱스,KOSDAQ,2875,50,1.77,2825,2910,2815,41075,116804978,15697991,45131724125
20260901,048830,KR7048830004,엔피케이,KOSDAQ,1022,-22,-2.11,1018,1053,1000,34100,34928655,18723923,19135849306
20260901,048870,KR7048870000,시너지이노베이션,KOSDAQ,1640,-6,-.36,1665,1665,1614,143044,232566615,88106963,144495419320
20260901,048910,KR7048910004,대원미디어,KOSDAQ,6260,190,3.13,6080,6340,6010,77298,478881645,12578946,78744201960
20260901,049070,KR7049070006,인탑스,KOSDAQ,17940,-140,-.77,18090,18130,17760,32383,579746245,15742300,282416862000
20260901,049080,KR7049080005,기가레인,KOSDAQ,7830,-270,-3.33,7960,7970,7740,118177,925256815,8488334,66463655220
20260901,049120,KR7049120009,파인디앤씨,KOSDAQ,3225,-75,-2.27,3345,3445,3140,14127,46600516,10601663,34190363175
20260901,049180,KR7049180003,셀루메드,KOSDAQ,1009,0,0,0,0,0,0,0,83226192,83975227728
20260901,049430,KR7049430002,코메론,KOSDAQ,20800,-150,-.72,20800,21300,20550,15822,330410400,9048000,188198400000
20260901,049470,KR7049470008,비트플래닛,KOSDAQ,2600,-40,-1.52,2605,2740,2510,49627,129522865,23544899,61216737400
20260901,049480,KR7049480007,오픈베이스,KOSDAQ,1873,-13,-.69,1884,1894,1850,94897,177221551,31422383,58854123359
20260901,049520,KR7049520000,유아이엘,KOSDAQ,3945,40,1.02,3925,4005,3900,314041,1237947885,30842625,121674155625
20260901,049550,KR7049550007,잉크테크,KOSDAQ,3485,-5,-.14,3485,3485,3435,1432,4967360,19606277,68327875345
20260901,049630,KR7049630007,재영솔루텍,KOSDAQ,7210,60,.84,7120,7650,6940,474133,3396419515,23365139,168462652190
20260901,049720,KR7049720006,고려신용정보,KOSDAQ,9190,0,0,9200,9220,9100,27741,254053715,14300000,131417000000
20260901,049800,KR7049800006,우진플라임,KOSPI,1785,-64,-3.46,1846,1846,1780,14156,25299339,20000000,35700000000
20260901,049830,KR7049830003,승일,KOSDAQ,6310,-40,-.63,6300,6520,6280,1661,10471340,6132112,38693626720
20260901,049950,KR7049950009,미래컴퍼니,KOSDAQ,10770,-60,-.55,10990,10990,10630,14305,153054000,8817884,94968610680
20260901,049960,KR7049960008,쎌바이오텍,KOSDAQ,15980,130,.82,15840,16100,15640,10855,173210030,9400000,150212000000
20260901,050090,KR7050090000,비케이홀딩스,KOSDAQ,771,-55,-6.66,827,827,731,155096,119146282,23534735,18145280685
20260901,050110,KR7050110006,캠시스,KOSDAQ,1083,2,.19,1100,1205,1071,511701,582445562,29224823,31650483309
20260901,050120,KR7050120005,ES큐브,KOSDAQ,3470,155,4.68,3315,3485,3265,906,2989480,13564086,47067378420
20260901,050760,KR7050760008,에스폴리텍,KOSDAQ,1178,7,.6,1161,1185,1141,154888,179143389,16334678,19242250684
20260901,050860,KR7050860006,아세아텍,KOSDAQ,1698,10,.59,1688,1706,1667,27099,45608932,22500000,38205000000
20260901,050890,KR7050890003,쏠리드,KOSDAQ,8860,-20,-.23,8800,8890,8620,458734,4022928910,60756534,538302891240
20260901,050960,KR7050960004,수산아이앤티,KOSDAQ,8510,-470,-5.23,8980,8980,8220,9424,80908550,6751000,57451010000
20260901,051160,KR7051160000,지어소프트,KOSDAQ,9470,140,1.5,9350,9505,9250,25946,242963160,15474430,146542852100
20260901,051360,KR7051360006,토비스,KOSDAQ,11290,70,.62,11420,11440,11130,20028,225442405,9641668,108854431720
20260901,051370,KR7051370005,인터플렉스,KOSDAQ,6760,600,9.74,6180,6920,6160,304934,2035446940,23327472,157693710720
20260901,051380,KR7051380004,피씨디렉트,KOSDAQ,1562,-3,-.19,1566,1583,1530,20195,31540803,15340072,23961192464
20260901,051390,KR7051390003,YW,KOSDAQ,3875,-135,-3.37,3995,4035,3830,5075,19829140,11355368,44002051000
20260901,051490,KR7051490001,나라엠앤디,KOSDAQ,2665,-30,-1.11,2675,2760,2655,43490,117247820,14200000,37843000000
20260901,051500,KR7051500007,CJ프레시웨이,KOSDAQ,24300,100,.41,24250,24300,23800,2463,59549925,11871586,288479539800
20260901,051600,KR7051600005,한전KPS,KOSPI,45350,-450,-.98,45700,46100,45100,69613,3157212950,45000000,2040750000000
20260901,051630,KR7051630002,진양화학,KOSPI,1415,29,2.09,1370,1415,1340,553023,768096324,21200000,29998000000
20260901,051780,KR7051780005,큐로홀딩스,KOSDAQ,2730,-20,-.73,2775,2775,2630,12841,34421650,7600024,20748065520
20260901,051900,KR7051900009,LG생활건강,KOSPI,306000,-7000,-2.24,314500,327000,302500,83330,26073400593,14975523,4582510038000
20260901,051905,KR7051901007,LG생활건강우,KOSPI,109000,900,.83,108800,112600,108300,15794,1736524950,2096259,228492231000
20260901,051910,KR7051910008,LG화학,KOSPI,282000,2000,.71,281500,300000,280000,224021,64912648250,70592343,19907040726000
20260901,051915,KR7051911006,LG화학우,KOSPI,131100,3700,2.9,127400,134200,127000,25788,3393126400,7688800,1008001680000
20260901,051980,KR7051980001,중앙첨단소재,KOSDAQ,1008,9,.9,1005,1098,982,703988,720770671,111091709,111980442672
20260901,052020,KR7052020005,에스티큐브,KOSDAQ,8320,60,.73,8270,8350,8120,74003,612019650,67983291,565620981120
20260901,052220,KR7052220001,iMBC,KOSDAQ,1799,-1,-.06,1800,1821,1789,9149,16435306,23000000,41377000000
20260901,052260,KR7052260007,현대바이오랜드,KOSDAQ,4035,-5,-.12,4010,4140,4005,55831,227073464,30000000,121050000000
20260901,052300,KR7052300001,오션인더블유,KOSDAQ,1497,-19,-1.25,1516,1533,1480,179366,269009547,16244128,24317459616
20260901,052330,KR7052330008,코텍,KOSDAQ,11930,130,1.1,11830,11930,11690,8034,95057220,17761589,211895756770
20260901,052400,KR7052400009,코나아이,KOSDAQ,39550,100,.25,40000,42400,39350,69119,2808171800,14563291,575978159050
20260901,052420,KR7052420007,오성첨단소재,KOSDAQ,10290,-450,-4.19,10980,11050,10000,126627,1319820990,9742009,100245272610
20260901,052460,KR7052460003,아이크래프트,KOSDAQ,5230,-1800,-25.6,6970,7000,5130,1804122,10077045525,14607936,76399505280
20260901,052600,KR7052600004,한네트,KOSDAQ,3030,-50,-1.62,3080,3097,3010,11469,34996154,11563700,35038011000
20260901,052690,KR7052690005,한전기술,KOSPI,110500,-5900,-5.07,115000,115500,109000,291937,32403524700,38220000,4223310000000
20260901,052710,KR7052710001,아모텍,KOSDAQ,10700,-190,-1.74,10940,10940,10410,142587,1512827945,16982546,181713242200
20260901,052770,KR7052770005,아이톡시,KOSDAQ,312,0,0,0,0,0,0,0,14568774,4545457488
20260901,052790,KR7052790003,액토즈소프트,KOSDAQ,4170,60,1.46,4105,4180,4060,7924,32517707,10924547,45555360990
20260901,052860,KR7052860004,아이앤씨,KOSDAQ,6300,-250,-3.82,6550,6570,6120,101656,642274345,17866854,112561180200
20260901,052900,KR7052900008,KX하이텍,KOSDAQ,948,-29,-2.97,960,977,934,802885,759808555,76668090,72681349320
20260901,052960,KR7052960002,태양3C,KONEX,3460,-35,-1,3210,3475,3185,660,2117280,4887078,16909289880
20260901,053030,KR7053030003,바이넥스,KOSDAQ,7140,160,2.29,7000,7280,6920,46885,332601300,32684188,233365102320
20260901,053050,KR7053050001,지에스이,KOSDAQ,1860,11,.59,1853,1901,1850,99553,185768249,29987597,55776930420
20260901,053060,KR7053060000,세동,KOSDAQ,1255,-2,-.16,1257,1269,1228,105200,130445256,17657419,22160060845
20260901,053080,KR7053080008,케이엔솔,KOSDAQ,8960,-100,-1.1,9040,9140,8850,25298,226355850,12999807,116478270720
20260901,053160,KR7053160008,프리엠스,KOSDAQ,9800,150,1.55,9730,9800,9470,4320,41644495,6000000,58800000000
20260901,053210,KR7053210001,스카이라이프,KOSPI,4130,20,.49,4110,4150,4085,23041,94741950,47522955,196269804150
20260901,053260,KR7053260006,금강철강,KOSDAQ,5430,100,1.88,5330,5500,5310,82140,443119550,18720000,101649600000
20260901,053270,KR7053270005,구영테크,KOSDAQ,2055,0,0,2090,2090,2025,20557,41899890,27410405,56328382275
20260901,053280,KR7053280004,예스24,KOSDAQ,3170,5,.16,3165,3180,3155,6547,20741485,25000000,79250000000
20260901,053290,KR7053290003,NE능률,KOSDAQ,1711,-4,-.23,1670,1797,1670,9328,15873964,16526307,28276511277
20260901,053300,KR7053300000,한국정보인증,KOSDAQ,5020,30,.6,4990,5060,4955,48354,241907940,40591096,203767301920
20260901,053350,KR7053350005,이니텍,KOSDAQ,4180,80,1.95,4110,4340,4065,139279,585464432,22021065,92048051700
20260901,053450,KR7053450003,세코닉스,KOSDAQ,3155,-30,-.94,3160,3200,3130,20370,64113834,14792803,46671293465
20260901,053580,KR7053580007,웹케시,KOSDAQ,7030,30,.43,7000,7040,6910,8135,56612890,12954436,91069685080
20260901,053610,KR7053610002,프로텍,KOSDAQ,58700,-2000,-3.29,61000,61000,57800,22967,1347526750,9000000,528300000000
20260901,053620,KR7053620001,태양,KOSDAQ,6960,40,.58,7000,7020,6950,7972,55685890,8600000,59856000000
20260901,053690,KR7053690004,한미글로벌,KOSPI,21700,-1050,-4.62,22550,22850,21400,219657,4820982150,10957550,237778835000
20260901,053700,KR7053700001,삼보모터스,KOSDAQ,4025,-20,-.49,4030,4030,3905,147032,585634888,26715757,107530921925
20260901,053800,KR7053800009,안랩,KOSDAQ,59100,0,0,58600,59600,58500,15868,936614150,11126506,657576504600
20260901,053950,KR7053950002,경남제약,KOSDAQ,1703,33,1.98,1669,1720,1625,30463,51002041,19619649,33412262247
20260901,053980,KR7053980009,오상자이엘,KOSDAQ,2550,0,0,2540,2555,2510,58975,149248177,18982783,48406096650
20260901,054040,KR7054040001,한국컴퓨터,KOSDAQ,4565,5,.11,4560,4630,4505,31364,143292425,16071290,73365438850
20260901,054050,KR7054050000,NH농우바이오,KOSDAQ,6950,10,.14,6900,7020,6900,11062,77155510,16030561,111412398950
20260901,054090,KR7054090006,삼진엘앤디,KOSDAQ,1000,10,1.01,983,1010,965,41515,40966673,24959232,24959232000
20260901,054180,KR7054180005,메디콕스,KOSDAQ,2295,0,0,0,0,0,0,0,5527981,12686716395
20260901,054210,KR7054210000,이랜텍,KOSDAQ,7020,-10,-.14,7050,7050,6860,39100,271882650,25291210,177544294200
20260901,054220,KR7054220009,비츠로시스,KOSDAQ,1528,-49,-3.11,1573,1573,1481,58965,89581700,12590616,19238461248
20260901,054300,KR7054300009,팬스타엔터프라이즈,KOSDAQ,1063,-6,-.56,1069,1070,1017,231510,241315376,57870945,61516814535
20260901,054410,KR7054410006,케이피티유,KOSDAQ,3440,15,.44,3350,3440,3350,4693,15869890,5726444,19698967360
20260901,054450,KR7054450002,텔레칩스,KOSDAQ,9820,100,1.03,9720,9930,9550,42403,411579630,15144233,148716368060
20260901,054540,KR7054540000,삼영엠텍,KOSDAQ,6530,-50,-.76,6600,6660,6420,49059,319363595,13000000,84890000000
20260901,054620,KR7054620000,APS,KOSDAQ,3810,-60,-1.55,3840,3950,3755,11254,42653765,18394221,70081982010
20260901,054670,KR7054670005,대한뉴팜,KOSDAQ,5730,-110,-1.88,5850,5850,5730,5688,32819435,14354920,82253691600
20260901,054780,KR7054780002,키이스트,KOSDAQ,1402,-18,-1.27,1423,1434,1380,16084,22595202,19657793,27560225786
20260901,054800,KR7054800008,아이디스홀딩스,KOSDAQ,15310,10,.07,15240,15390,15120,1216,18588840,10347756,158424144360
20260901,054920,KR7054920004,한컴위드,KOSDAQ,3770,-75,-1.95,3875,3880,3740,119928,453137575,28217081,106378395370
20260901,054930,KR7054930003,유신,KOSDAQ,18630,-160,-.85,18750,18770,18300,13211,245307625,3000000,55890000000
20260901,054940,KR7054940002,엑사이엔씨,KOSDAQ,4150,-140,-3.26,4710,4970,4005,3111811,14203339212,6634709,27534042350
20260901,054950,KR7054950001,제이브이엠,KOSDAQ,24050,50,.21,24000,24400,24000,9943,240453650,12089892,290761902600
20260901,055490,KR7055490007,테이팩스,KOSPI,16850,100,.6,16750,16850,16330,12275,203382455,4786650,80655052500
20260901,055550,KR7055550008,신한지주,KOSPI,111100,2200,2.02,108000,112000,108000,1856782,206242063150,469450239,52155921552900
20260901,056080,KR7056080005,유진로봇,KOSDAQ,11710,-400,-3.3,12010,12180,11620,155027,1826905195,38235486,447737541060
20260901,056090,KR7056090004,시지메드텍,KOSDAQ,1150,-49,-4.09,1181,1199,1124,505340,579422301,103259036,118747891400
20260901,056190,KR7056190002,SFA,KOSDAQ,24550,550,2.29,23800,24700,23800,105791,2565339450,35908760,881560058000
20260901,056360,KR7056360001,코위버,KOSDAQ,5320,-60,-1.12,5320,5410,5170,26568,138888040,9796800,52118976000
20260901,056700,KR7056700008,신화인터텍,KOSDAQ,1425,-8,-.56,1433,1433,1418,9291,13219852,29135091,41517504675
20260901,056730,KR7056730005,CNT85,KOSDAQ,1266,-9,-.71,1293,1338,1266,29443,37693066,14822237,18764952042
20260901,057030,KR7057030009,YBM넷,KOSDAQ,2145,5,.23,2140,2150,2105,2913,6234705,16312697,34990735065
20260901,057540,KR7057540007,옴니시스템,KOSDAQ,607,-11,-1.78,618,625,600,74721,45453838,59394268,36052320676
20260901,057680,KR7057680001,티사이언티픽,KOSDAQ,1765,35,2.02,1744,1801,1680,58398,101824649,15792909,27874484385
20260901,058110,KR7058110008,멕아이씨에스,KOSDAQ,1692,-16,-.94,1718,1779,1600,30000,50832013,16050530,27157496760
20260901,058400,KR7058400003,KNN,KOSDAQ,5970,10,.17,5990,5990,5840,12162,72364370,13242972,79060542840
20260901,058430,KR7058430000,포스코스틸리온,KOSPI,4745,10,.21,4680,4840,4680,125113,596214167,60000000,284700000000
20260901,058450,KR7058450008,한주에이알티,KOSDAQ,1724,-132,-7.11,1810,1873,1644,39642,69602826,5397972,9306103728
20260901,058470,KR7058470006,리노공업,KOSDAQ,65500,-1100,-1.65,66100,66600,64900,350760,23017978500,76211850,4991876175000
20260901,058610,KR7058610007,에스피지,KOSDAQ,90300,-3000,-3.22,94300,94400,89700,155599,14232736000,22177360,2002615608000
20260901,058630,KR7058630005,엠게임,KOSDAQ,4110,-10,-.24,4120,4140,4050,25967,106084742,18772574,77155279140
20260901,058650,KR7058650003,세아홀딩스,KOSPI,138200,1800,1.32,135200,139000,135100,844,116310200,4242236,586277015200
20260901,058730,KR7058730003,다스코,KOSPI,3565,65,1.86,3490,3650,3450,1011602,3593474687,20251251,72195709815
20260901,058820,KR7058820002,CMG제약,KOSDAQ,620,50,8.77,565,650,564,1823894,1114172322,148123556,91836604720
20260901,058850,KR7058850009,KTcs,KOSPI,2210,-10,-.45,2205,2225,2200,48228,106481425,41404450,91503834500
20260901,058860,KR7058860008,KTis,KOSPI,2580,-10,-.39,2565,2600,2565,27701,71556331,34802000,89789160000
20260901,058970,KR7058970005,엠로,KOSDAQ,16630,10,.06,16640,16950,16250,47960,794244055,12362794,205593264220
20260901,059090,KR7059090001,미코,KOSDAQ,18800,-550,-2.84,19270,19360,18800,86779,1650309720,33416778,628235426400
20260901,059100,KR7059100008,아이컴포넌트,KOSDAQ,6750,260,4.01,6500,6750,6360,27382,180784910,7070860,47728305000
20260901,059120,KR7059120006,아진엑스텍,KOSDAQ,6360,-150,-2.3,6590,6590,6280,109419,696305260,18310066,116452019760
20260901,059180,KR7059180000,엔더블유시,KONEX,3970,0,0,0,0,0,0,0,5314090,21096937300
20260901,059210,KR7059210005,메타바이오메드,KOSDAQ,3950,10,.25,3960,3960,3880,27051,105769240,27171445,107327207750
20260901,059270,KR7059270009,해성에어로보틱스,KOSDAQ,5580,-20,-.36,5600,5760,5410,31997,175351360,11165299,62302368420
20260901,060150,KR7060150000,인선이엔티,KOSDAQ,3090,-20,-.64,3070,3110,3065,28170,86913980,45563612,140791561080
20260901,060230,KR7060230000,제이케이시냅스,KOSDAQ,1218,35,2.96,1185,1278,1156,192251,235292147,19545218,23806075524
20260901,060250,KR7060250008,NHN KCP,KOSDAQ,15070,-160,-1.05,15450,15770,14950,476127,7209262100,40160611,605220407770
20260901,060260,KR7060260007,뉴보텍,KOSDAQ,1090,20,1.87,1055,1097,1044,49553,52801371,13342356,14543168040
20260901,060280,KR7060280005,큐렉소,KOSDAQ,8510,-280,-3.19,8710,8790,8480,135531,1164142565,41259790,351120812900
20260901,060310,KR7060310000,3S,KOSDAQ,1147,-33,-2.8,1172,1180,1130,111468,127482209,53059040,60858718880
20260901,060370,KR7060370004,LS마린솔루션,KOSDAQ,31850,-1150,-3.48,32550,32800,31350,82896,2637252725,52238854,1663807499900
20260901,060380,KR7060380003,동양에스텍,KOSDAQ,1318,3,.23,1322,1339,1270,32731,43065537,19700000,25964600000
20260901,060480,KR7060480001,국일신동,KOSDAQ,1374,-21,-1.51,1325,1437,1325,58856,81093710,11090000,15237660000
20260901,060540,KR7060540002,에스에이티,KOSDAQ,1320,15,1.15,1265,1320,1265,105586,138040680,26132934,34495472880
20260901,060560,KR7060560000,HC홈센타,KOSDAQ,1966,-27,-1.35,1993,2005,1957,22295,44101779,25388001,49912809966
20260901,060570,KR7060570009,드림어스컴퍼니,KOSDAQ,4050,540,15.38,3510,4535,3510,64523,264273278,14820314,60022271700
20260901,060590,KR7060590007,씨티씨바이오,KOSDAQ,3110,15,.48,3100,3130,3035,21458,66341256,24181020,75202972200
20260901,060720,KR7060720000,KH바텍,KOSDAQ,11110,480,4.52,10890,11240,10540,222692,2437988945,23677442,263056380620
20260901,060850,KR7060850005,영림원소프트랩,KOSDAQ,4685,35,.75,4650,4715,4640,2054,9575640,8131000,38093735000
20260901,060900,KR7060900008,에이전트AI,KOSDAQ,3650,25,.69,3670,3670,3590,7242,26170282,4883930,17826344500
20260901,060980,KR7060980000,HL홀딩스,KOSPI,40500,-350,-.86,40850,40850,39850,7372,296221900,9078847,367693303500
20260901,061040,KR7061040002,알에프텍,KOSDAQ,7300,40,.55,7190,7400,7110,3316,23957500,9048223,66052027900
20260901,061090,KR7061090007,세나테크놀로지,KOSDAQ,40350,-1000,-2.42,41950,41950,40100,9886,401235950,5467550,220615642500
20260901,061250,KR7061250007,화일약품,KOSDAQ,8710,210,2.47,8360,8740,8360,14163,122042815,8417584,73317156640
20260901,061970,KR7061970000,LB세미콘,KOSDAQ,4020,-235,-5.52,4220,4245,3960,694736,2790654156,70083006,281733684120
20260901,062040,KR7062040001,산일전기,KOSPI,195600,-500,-.25,200000,200500,192500,214075,41833712350,30642850,5993741460000
20260901,062970,KR7062970009,한국첨단소재,KOSDAQ,1999,-111,-5.26,2110,2135,1995,726116,1466068102,28544307,57060069693
20260901,063080,KR7063080006,컴투스홀딩스,KOSDAQ,13650,430,3.25,13020,13810,13020,23833,322437245,6595192,90024370800
20260901,063160,KR7063160006,종근당바이오,KOSPI,14100,200,1.44,14090,14100,13900,5987,83894230,5485962,77352064200
20260901,063170,KR7063170005,서울옥션,KOSDAQ,6300,170,2.77,6100,6360,5990,74490,465040335,17774267,111977882100
20260901,063440,KR7063440002,SM Life Design,KOSDAQ,1062,0,0,1061,1072,1050,53929,57045118,45319364,48129164568
20260901,063570,KR7063570006,NICE인프라,KOSDAQ,3490,25,.72,3440,3495,3440,31202,108422117,34147728,119175570720
20260901,063760,KR7063760003,이엘피,KOSDAQ,2530,-20,-.78,2530,2545,2500,16114,40549655,9325130,23592578900
20260901,064090,KR7064090004,인크레더블버즈,KOSDAQ,798,0,0,0,0,0,0,0,49742745,39694710510
20260901,064240,KR7064240005,홈캐스트,KOSDAQ,1895,9,.48,1885,1940,1854,83134,156970427,34694251,65745605645
20260901,064260,KR7064260003,다날,KOSDAQ,5200,-100,-1.89,5410,5430,5160,1710264,9005722055,75645457,393356376400
20260901,064290,KR7064290000,인텍플러스,KOSDAQ,31900,-1450,-4.35,33850,33950,31550,169749,5472518850,12957578,413346738200
20260901,064350,KR7064350002,현대로템,KOSPI,130300,-5900,-4.33,135600,137100,129000,482570,63034847840,109142293,14221240777900
20260901,064400,KR7064400005,LG씨엔에스,KOSPI,75800,-1400,-1.81,76300,76500,74600,459794,34706875150,96885948,7343954858400
20260901,064480,KR7064480007,브리지텍,KOSDAQ,2785,-15,-.54,2790,2800,2760,29690,82367600,11952500,33287712500
20260901,064520,KR7064520000,테크엘,KOSDAQ,1525,-15,-.97,1540,1561,1500,2490,3762930,22351062,34085369550
20260901,064550,KR7064550007,바이오니아,KOSDAQ,11000,2210,25.14,9060,11300,8720,5502757,56659382915,25810291,283913201000
20260901,064760,KR7064760002,티씨케이,KOSDAQ,241000,-7000,-2.82,241000,246000,236500,41902,10116246750,11179416,2694239256000
20260901,064800,KR7064800006,포니링크,KOSDAQ,2840,-295,-9.41,3030,3130,2645,291640,826817904,25561459,72594543560
20260901,064820,KR7064820004,케이프,KOSDAQ,7710,-80,-1.03,7680,7840,7550,33201,255278380,30860215,237932257650
20260901,064850,KR7064850001,에프앤가이드,KOSDAQ,16130,-270,-1.65,16300,16800,15900,40712,663097935,11410332,184048655160
20260901,064960,KR7064960008,SNT모티브,KOSPI,26600,550,2.11,26550,28650,26300,67054,1811645875,26540272,705971235200
20260901,065060,KR7065060006,지엔코,KOSDAQ,3155,-200,-5.96,3355,3355,3000,29029,90560687,5990386,18899667830
20260901,065130,KR7065130007,탑엔지니어링,KOSDAQ,2915,-85,-2.83,2985,2985,2895,25321,73929849,16004000,46651660000
20260901,065150,KR7065150005,대산F&B,KOSDAQ,1480,-4,-.27,1431,1484,1431,6020,8859074,15938240,23588595200
20260901,065170,KR7065170003,비엘팜텍,KOSDAQ,2320,125,5.69,2165,2595,2135,1670062,4029961424,27913793,64759999760
20260901,065350,KR7065350001,신성델타테크,KOSDAQ,30300,-1050,-3.35,31000,31350,30250,88104,2698001850,27483948,832763624400
20260901,065370,KR7065370009,위세아이텍,KOSDAQ,2860,15,.53,2845,2875,2710,12038,33845355,7383954,21118108440
20260901,065420,KR7065420002,에스아이리소스,KOSDAQ,940,0,0,0,0,0,0,0,7748281,7283384140
20260901,065440,KR7065440000,이루온,KOSDAQ,1361,-18,-1.31,1379,1379,1340,117328,158006158,27275020,37121302220
20260901,065450,KR7065450009,빅텍,KOSDAQ,2735,-45,-1.62,2780,2820,2695,359261,981232603,29495803,80671021205
20260901,065500,KR7065500001,오리엔트정공,KOSDAQ,1190,2,.17,1166,1210,1166,42639,50751260,35742912,42534065280
20260901,065510,KR7065510000,휴비츠,KOSDAQ,7180,10,.14,7070,7180,7060,9374,67011220,10877895,78103286100
20260901,065530,KR7065530008,와이어블,KOSDAQ,1195,-4,-.33,1199,1200,1188,45075,53696951,47838759,57167317005
20260901,065570,KR7065570004,삼영이엔씨,KOSDAQ,764,0,0,0,0,0,0,0,16093838,12295692232
20260901,065650,KR7065650004,하이퍼코퍼레이션,KOSDAQ,1817,187,11.47,1639,1817,1587,67294,116604280,10945987,19888858379
20260901,065660,KR7065660003,안트로젠,KOSDAQ,15410,280,1.85,15130,15440,14970,15142,229562230,10006100,154194001000
20260901,065680,KR7065680001,우주일렉트로,KOSDAQ,26500,500,1.92,25500,26700,25100,16989,438272900,9240471,244872481500
20260901,065690,KR7065690000,파커스,KOSDAQ,1881,11,.59,1870,1888,1829,24547,45418208,12014507,22599287667
20260901,065710,KR7065710006,서호전기,KOSDAQ,46050,250,.55,45800,46300,45250,8092,370845050,5150000,237157500000
20260901,065770,KR7065770000,CS,KOSDAQ,1247,47,3.92,1200,1338,1182,261423,329337531,10515064,13112284808
20260901,065950,KR7065950008,웰크론,KOSDAQ,1155,-44,-3.67,1220,1220,1141,41818,48557736,28231302,32607153810
20260901,066130,KR7066130006,하츠,KOSDAQ,3490,25,.72,3430,3490,3400,13279,45461043,12800000,44672000000
20260901,066310,KR7066310004,큐에스아이,KOSDAQ,7440,0,0,7440,7450,7300,14411,105826630,9271621,68980860240
20260901,066360,KR7066360009,체리부로,KOSDAQ,1470,102,7.46,1368,1470,1363,52487,73361599,23976007,35244730290
20260901,066410,KR7066410002,버킷스튜디오,KOSDAQ,1153,0,0,0,0,0,0,0,138453818,159637252154
20260901,066430,KR7066430000,아이로보틱스,KOSDAQ,2130,25,1.19,2125,2135,2060,325250,681218988,39153476,83396903880
20260901,066570,KR7066570003,LG전자,KOSPI,206500,-10000,-4.62,212500,212500,203000,716877,147972008750,162884638,33635677747000
20260901,066575,KR7066571001,LG전자우,KOSPI,75000,-300,-.4,75300,75300,73900,72080,5384500000,17181299,1288597425000
20260901,066590,KR7066590001,스모트로닉,KOSDAQ,2560,-45,-1.73,2605,2605,2495,89426,226474180,38677937,99015518720
20260901,066620,KR7066620006,국보디자인,KOSDAQ,26500,700,2.71,25800,26600,25650,9613,251449575,7500000,198750000000
20260901,066670,KR7066670001,디티씨,KOSDAQ,3205,55,1.75,3150,3255,3060,6221,19667925,18691918,59907597190
20260901,066700,KR7066700006,테라젠이텍스,KOSDAQ,2135,25,1.18,2130,2150,2100,57548,122120910,37152376,79320322760
20260901,066790,KR7066790007,씨씨에스,KOSDAQ,2205,0,0,0,0,0,0,0,44152039,97355245995
20260901,066830,KR7066830001,제노텍,KONEX,1200,100,9.09,1200,1200,1200,10,12000,5667180,6800616000
20260901,066900,KR7066900002,디에이피,KOSDAQ,1749,-16,-.91,1730,1809,1720,2060,3620173,22744503,39780135747
20260901,066910,KR7066910001,손오공,KOSDAQ,1987,69,3.6,1918,2050,1903,26436,52212744,15386632,30573237784
20260901,066970,KR7066970005,엘앤에프,KOSPI,131200,-15500,-10.57,142100,147300,131200,1076697,149020971900,40684662,5337827654400
20260901,066980,KR7066980004,한성크린텍,KOSDAQ,1571,-44,-2.72,1699,1699,1570,324038,522980169,53771203,84474559913
20260901,067000,KR7067000000,조이시티,KOSDAQ,1195,32,2.75,1162,1230,1145,186425,220572300,69903446,83534617970
20260901,067010,KR7067010009,이씨에스,KOSDAQ,2490,-5,-.2,2495,2500,2470,56103,139861268,10888500,27112365000
20260901,067080,KR7067080002,대화제약,KOSDAQ,11260,520,4.84,10740,11330,10600,160592,1778242635,18616650,209623479000
20260901,067160,KR7067160002,SOOP,KOSDAQ,38650,300,.78,38650,39650,38300,31192,1212451375,11494767,444272744550
20260901,067170,KR7067170001,오텍,KOSDAQ,2650,-150,-5.36,2800,3150,2630,1827022,5263726172,27460845,72771239250
20260901,067280,KR7067280008,멀티캠퍼스,KOSDAQ,23750,-50,-.21,23800,23900,23600,1715,40696575,5926779,140761001250
20260901,067290,KR7067290007,JW신약,KOSDAQ,2990,690,30,2375,2990,2350,37241103,103061279200,56037103,167550937970
20260901,067310,KR7067310003,하나마이크론,KOSDAQ,34950,-600,-1.69,34950,35300,34300,527170,18326099875,66490869,2323855871550
20260901,067370,KR7067370007,선바이오,KOSDAQ,6190,-40,-.64,6230,6230,6070,5267,32402930,12213841,75603675790
20260901,067390,KR7067390005,아스트,KOSDAQ,5170,315,6.49,4855,5520,4770,150020,785281150,42115757,217738463690
20260901,067570,KR7067570002,엔브이에이치코리아,KOSDAQ,1695,-15,-.88,1725,1725,1681,89819,151604100,42170000,71478150000
20260901,067630,KR7067630004,HLB생명과학,KOSDAQ,2740,40,1.48,3100,3100,2655,361429,1003545650,121917058,334052738920
20260901,067730,KR7067730002,로지시스,KOSDAQ,2220,-10,-.45,2225,2230,2195,26532,58909579,9673922,21476106840
20260901,067770,KR7067770008,세진티에스,KOSDAQ,2775,55,2.02,2855,2870,2725,48494,136436955,8396593,23300545575
20260901,067830,KR7067830000,세이브존I&C,KOSPI,2445,-30,-1.21,2435,2445,2405,26135,63363530,41040895,100344988275
20260901,067900,KR7067900001,와이엔텍,KOSDAQ,6120,50,.82,6090,6120,5970,22910,138595960,18199659,111381913080
20260901,067920,KR7067920009,이글루,KOSDAQ,5420,-50,-.91,5400,5420,5280,28481,151544220,10996119,59598964980
20260901,067990,KR7067990002,도이치모터스,KOSDAQ,3750,15,.4,3735,3775,3680,51259,190945985,29181550,109430812500
20260901,068050,KR7068050004,팬엔터테인먼트,KOSDAQ,1160,-5,-.43,1165,1183,1144,22905,26714438,27694076,32125128160
20260901,068100,KR7068100007,케이웨더,KOSDAQ,2330,15,.65,2250,2365,2250,4595,10668635,11927536,27791158880
20260901,068240,KR7068240001,다원시스,KOSDAQ,2530,0,0,0,0,0,0,0,38163437,96553495610
20260901,068270,KR7068270008,셀트리온,KOSPI,188000,-900,-.48,188000,190500,187300,268440,50615658000,232617176,43732029088000
20260901,068290,KR7068290006,삼성출판사,KOSPI,6460,120,1.89,6370,6530,6280,18507,119017400,10000000,64600000000
20260901,068330,KR7068330000,일신바이오,KOSDAQ,1093,-15,-1.35,1105,1105,1087,21391,23355402,44216140,48328241020
20260901,068760,KR7068760008,셀트리온제약,KOSDAQ,41550,-150,-.36,41650,42150,41300,61490,2557850050,44402332,1844916894600
20260901,068790,KR7068790005,DMS,KOSDAQ,7170,-60,-.83,7230,7230,7130,8950,64099960,22570224,161828506080
20260901,068930,KR7068930007,디지털대성,KOSDAQ,8640,-20,-.23,8650,8690,8580,17023,146910395,27675342,239114954880
20260901,068940,KR7068940006,셀피글로벌,KOSDAQ,778,0,0,0,0,0,0,0,45912716,35720093048
20260901,069080,KR7069080000,웹젠,KOSDAQ,11360,160,1.43,11090,11440,11080,90934,1029243030,30966575,351780292000
20260901,069140,KR7069140002,누리플랜,KOSDAQ,1850,-45,-2.37,1895,1974,1800,32406,59294788,15095804,27927237400
20260901,069260,KR7069260008,TKG휴켐스,KOSPI,16420,-10,-.06,16320,16590,16320,38471,633275000,40878588,671226414960
20260901,069330,KR7069330009,유아이디,KOSDAQ,1199,27,2.3,1170,1200,1144,66273,76993728,16952574,20326136226
20260901,069410,KR7069410009,엔텔스,KOSDAQ,2755,-10,-.36,2770,2825,2755,5492,15247122,10244824,28224490120
20260901,069460,KR7069460004,대호에이엘,KOSPI,2660,0,0,0,0,0,0,0,17414390,46322277400
20260901,069510,KR7069510006,에스텍,KOSDAQ,12580,0,0,12580,12740,12520,4796,60381630,10910000,137247800000
20260901,069540,KR7069540003,빛과전자,KOSDAQ,2840,5,.18,2830,2890,2725,3767914,10564120742,112691897,320044987480
20260901,069620,KR7069620003,대웅제약,KOSPI,126800,-200,-.16,127200,128500,124900,18628,2351388550,11586575,1469177710000
20260901,069640,KR7069640001,한세엠케이,KOSPI,1450,4,.28,1446,1450,1412,10388,14971858,21735481,31516447450
20260901,069730,KR7069730000,DSR제강,KOSPI,5620,50,.9,5570,5640,5500,11925,66539520,14400000,80928000000
20260901,069920,KR7069920007,엑시온그룹,KOSDAQ,1346,112,9.08,1233,1390,1206,623418,816069964,14410455,19396472430
20260901,069960,KR7069960003,현대백화점,KOSPI,97800,2400,2.52,95100,99100,92500,204451,19608721250,21564912,2109048393600
20260901,070300,KR7070300009,퀀텀레일,KOSDAQ,1588,-178,-10.08,1766,1777,1570,530858,865188469,35524729,56413269652
20260901,070590,KR7070590005,인티큐브,KOSDAQ,1880,-56,-2.89,1920,1930,1802,16711,31557721,13879521,26093499480
20260901,070960,KR7070960000,모나용평,KOSPI,2100,20,.96,2060,2135,2040,86251,179025820,48133333,101079999300
20260901,071050,KR7071050009,한국금융지주,KOSPI,191000,-1200,-.62,190200,192000,187300,110673,20971059850,55725992,10643664472000
20260901,071055,KR7071051007,한국금융지주우,KOSPI,152400,3900,2.63,148400,152900,147100,8803,1318686550,5858251,892797452400
20260901,071090,KR7071090005,하이스틸,KOSPI,3070,0,0,3065,3115,3005,34781,106127606,20191471,61987815970
20260901,071200,KR7071200000,인피니트헬스케어,KOSDAQ,9610,-310,-3.13,9920,9975,9500,34020,331218095,24396458,234449961380
20260901,071280,KR7071280002,로체시스템즈,KOSDAQ,6690,50,.75,6630,6750,6530,30186,200093260,15296603,102334274070
20260901,071320,KR7071320006,지역난방공사,KOSPI,75700,-700,-.92,75400,76900,75300,7825,594465650,11578744,876510920800
20260901,071670,KR7071670004,에이테크솔루션,KOSDAQ,5080,60,1.2,5020,5100,4760,14062,69998915,10000000,50800000000
20260901,071840,KR7071840003,롯데하이마트,KOSPI,6430,20,.31,6330,6460,6330,11385,72650150,23607712,151797588160
20260901,071850,KR7071850002,캐스텍코리아,KOSDAQ,1307,-17,-1.28,1315,1315,1287,796,1036678,24260938,31709045966
20260901,071950,KR7071950000,코아스,KOSPI,1804,86,5.01,1784,1845,1700,57168,102092668,14459195,26084387780
20260901,071970,KR7071970008,HD현대마린엔진,KOSPI,52300,200,.38,51700,54100,50500,151306,7865704550,33921495,1774094188500
20260901,072020,KR7072020001,중앙백신,KOSDAQ,9330,-20,-.21,9350,9370,9270,7161,66646340,9256781,86365766730
20260901,072130,KR7072130008,유엔젤,KOSPI,4785,-75,-1.54,4800,4855,4765,23414,112420430,12695454,60747747390
20260901,072470,KR7072470008,우리산업홀딩스,KOSDAQ,2440,-40,-1.61,2480,2490,2415,9667,23507190,18887341,46085112040
20260901,072710,KR7072710007,농심홀딩스,KOSPI,95000,-400,-.42,94700,95500,93900,2964,280268100,4637790,440590050000
20260901,072770,KR7072770001,멤레이비티,KOSDAQ,979,-21,-2.1,950,994,909,507624,481232119,41512098,40640343942
20260901,072870,KR7072870009,메가스터디,KOSDAQ,13600,60,.44,13550,13600,13380,16960,228144675,11920959,162125042400
20260901,072950,KR7072950009,빛샘전자,KOSDAQ,8470,-230,-2.64,8620,9110,8320,94573,800846480,8052610,68205606700
20260901,072990,KR7072990005,에이치시티,KOSDAQ,3065,45,1.49,3020,3065,3015,4946,15030970,14498206,44437001390
20260901,073010,KR7073010001,케이에스피,KOSDAQ,2865,-50,-1.72,2915,2965,2810,91440,261674220,40191250,115147931250
20260901,073110,KR7073110009,엘엠에스,KOSDAQ,4810,-185,-3.7,4995,4995,4700,11831,57259891,8895755,42788581550
20260901,073190,KR7073190001,듀오백,KOSDAQ,1622,0,0,0,0,0,0,0,11968040,19412160880
20260901,073240,KR7073240004,금호타이어,KOSPI,7450,90,1.22,7210,7850,7180,4999451,37975505800,287260287,2140089138150
20260901,073490,KR7073490005,LIG아큐버,KOSDAQ,29850,-450,-1.49,30300,30300,29000,25912,763009850,7603846,226974803100
20260901,073540,KR7073540007,에프알텍,KOSDAQ,2245,20,.9,2295,2295,2215,5766,12901525,11400000,25593000000
20260901,073560,KR7073560005,우리손에프앤지,KOSDAQ,1519,-1,-.07,1511,1528,1510,134558,204175928,69237643,105171979717
20260901,073570,KR7073570004,리튬포어스,KOSDAQ,1725,31,1.83,1694,1863,1576,75662,131584620,12037328,20764390800
20260901,073640,KR7073640005,테라사이언스,KOSDAQ,654,0,0,0,0,0,0,0,116378770,76111715580
20260901,074430,KR7074430000,아미노로직스,KOSDAQ,1149,8,.7,1141,1156,1133,26947,30823436,88140322,101273229978
20260901,074600,KR7074600008,원익QnC,KOSDAQ,25750,-500,-1.9,25900,26450,25600,148949,3862575175,26288000,676916000000
20260901,074610,KR7074610007,이엔플러스,KOSPI,5110,0,0,0,0,0,0,0,8770137,44815400070
20260901,075130,KR7075130005,플랜티넷,KOSDAQ,2085,-35,-1.65,2115,2115,2050,20515,42528188,16122320,33615037200
20260901,075180,KR7075180000,새론오토모티브,KOSPI,2955,10,.34,2940,2985,2905,11545,33882005,19200000,56736000000
20260901,075580,KR7075580001,세진중공업,KOSPI,10440,60,.58,10460,10560,10160,87839,906643785,56849456,593508320640
20260901,075970,KR7075970004,동국알앤에스,KOSDAQ,1641,55,3.47,1591,1650,1586,14569,23404192,18400000,30194400000
20260901,076080,KR7076080001,웰크론한텍,KOSDAQ,1123,22,2,1100,1191,1089,50818,58595177,22594156,25373237188
20260901,076340,KR7076340009,지에이이노더스,KONEX,4280,-15,-.35,4215,4280,4215,8,33840,4871460,20849848800
20260901,076610,KR7076610005,해성옵틱스,KOSDAQ,1244,-63,-4.82,1330,1330,1200,670234,843195357,59236180,73689807920
20260901,077360,KR7077360006,덕산하이메탈,KOSDAQ,10020,-380,-3.65,10400,10400,9830,492817,4931245270,45437002,455278760040
20260901,077500,KR7077500007,유니퀘스트,KOSPI,7660,-290,-3.65,7920,7940,7620,176208,1359687390,21600102,165456781320
20260901,077970,KR7077970002,STX엔진,KOSPI,24850,-150,-.6,25200,25650,24250,151914,3785425725,40148063,997679365550
20260901,078000,KR7078000007,텔코웨어,KOSPI,13490,10,.07,13300,13550,13300,3118,41949290,9240077,124648638730
20260901,078020,KR7078020005,LS증권,KOSDAQ,6730,-50,-.74,6780,6790,6570,129567,860553205,55481190,373388408700
20260901,078070,KR7078070000,유비쿼스홀딩스,KOSDAQ,8650,-60,-.69,8860,8920,8630,11921,103709300,17058843,147558991950
20260901,078130,KR7078130002,국일제지,KOSDAQ,3585,5,.14,3580,3595,3480,20634,72688063,112740587,404175004395
20260901,078140,KR7078140001,대봉엘에스,KOSDAQ,8260,10,.12,8150,8340,8150,4985,41117060,11086579,91575142540
20260901,078150,KR7078150000,HB테크놀러지,KOSDAQ,1902,-9,-.47,1911,1922,1886,309963,588804056,94921798,180541259796
20260901,078160,KR7078160009,메디포스트,KOSDAQ,8790,-160,-1.79,8950,9000,8580,30713,267018950,39204603,344608460370
20260901,078340,KR7078340007,컴투스,KOSDAQ,34500,0,0,33750,36200,33700,167712,5900827625,12091313,417150298500
20260901,078350,KR7078350006,한양디지텍,KOSDAQ,20250,-350,-1.7,20250,20850,19910,88020,1770760925,15244382,308698735500
20260901,078520,KR7078520004,에이블씨엔씨,KOSPI,12200,-710,-5.5,13060,13060,11880,140291,1708994555,26014161,317372764200
20260901,078590,KR7078590007,휴림에이텍,KOSDAQ,3140,65,2.11,3200,3515,3090,482872,1586435879,9991819,31374311660
20260901,078600,KR7078600004,대주전자재료,KOSDAQ,91300,-900,-.98,92600,97700,89900,311412,29149215150,15704138,1433787799400
20260901,078860,KR7078860004,아이오케이이엔엠,KOSDAQ,2685,105,4.07,2580,2740,2580,9392,24766460,6177188,16585749780
20260901,078890,KR7078890001,가온그룹,KOSDAQ,4280,-60,-1.38,4340,4340,4190,49262,208839170,18424943,78858756040
20260901,078930,KR7078930005,GS,KOSPI,124700,-2400,-1.89,128700,131700,122600,364338,45787690100,92895495,11584068226500
20260901,078935,KR7078931003,GS우,KOSPI,64800,-700,-1.07,65700,66100,63000,11899,771580250,1779676,115323004800
20260901,079000,KR7079000006,와토스코리아,KOSDAQ,4050,-40,-.98,4090,4150,4005,24481,98922227,7200000,29160000000
20260901,079160,KR7079160008,CJ CGV,KOSPI,5540,100,1.84,5440,5660,5390,426467,2363892045,165582797,917328695380
20260901,079170,KR7079170007,한창산업,KOSDAQ,5750,-40,-.69,5630,5900,5630,6680,38294200,5200000,29900000000
20260901,079190,KR7079190005,케스피온,KOSDAQ,1107,-13,-1.16,1121,1216,1107,111671,126677557,9588878,10614887946
20260901,079370,KR7079370003,제우스,KOSDAQ,10050,-270,-2.62,10310,10310,10010,85674,864435295,31016990,311720749500
20260901,079430,KR7079430005,현대리바트,KOSPI,6040,0,0,6050,6070,5995,6314,38023835,20114202,121489780080
20260901,079550,KR7079550000,LIG디펜스앤에어로스페이스,KOSPI,685000,-9000,-1.3,700000,709000,666000,82659,56153364500,22000000,15070000000000
20260901,079650,KR7079650008,서산,KOSDAQ,5230,20,.38,5190,5720,5030,3645418,19663327130,20000000,104600000000
20260901,079810,KR7079810008,APS이노베이션,KOSDAQ,3945,135,3.54,3755,3965,3755,135683,527691754,21528094,84928330830
20260901,079900,KR7079900007,전진건설로봇,KOSPI,38400,-1200,-3.03,39250,39250,37650,67215,2568907025,14592545,560353728000
20260901,079940,KR7079940003,가비아,KOSDAQ,44800,-700,-1.54,45500,45550,44350,20762,930806800,13420684,601246643200
20260901,079950,KR7079950002,인베니아,KOSDAQ,1040,66,6.78,931,1087,931,241548,251475021,13799100,14351064000
20260901,079960,KR7079960001,동양이엔피,KOSDAQ,18450,250,1.37,18300,18450,18200,15154,278082665,7551658,139328090100
20260901,079970,KR7079970000,투비소프트,KOSDAQ,596,0,0,0,0,0,0,0,12829234,7646223464
20260901,079980,KR7079980009,휴비스,KOSPI,2005,-25,-1.23,2005,2035,1986,48794,97822587,34500000,69172500000
20260901,080010,KR7080010002,이상네트웍스,KOSDAQ,7600,-20,-.26,7700,7700,7410,1729,12973690,9835071,74746539600
20260901,080160,KR7080160005,모두투어,KOSDAQ,9050,130,1.46,8990,9170,8880,27127,243795105,18900000,171045000000
20260901,080220,KR7080220007,제주반도체,KOSDAQ,77400,-800,-1.02,78100,82600,77100,1918078,152828877750,34442833,2665875274200
20260901,080420,KR7080420003,모다이노칩,KOSDAQ,1649,-12,-.72,1638,1650,1638,185,304638,79721622,131460954678
20260901,080470,KR7080470008,성창오토텍,KOSDAQ,2815,15,.54,2840,2840,2765,4729,13219515,7300000,20549500000
20260901,080520,KR7080520000,오디텍,KOSDAQ,2750,10,.36,2835,2835,2740,1457,4009180,11322417,31136646750
20260901,080530,KR7080530009,코디,KOSDAQ,2395,-30,-1.24,2425,2425,2345,5714,13527530,11071684,26516683180
20260901,080580,KR7080580004,오킨스전자,KOSDAQ,19290,-1710,-8.14,20050,20200,19200,173430,3380194505,21090955,406844521950
20260901,080720,KR7080720006,한국유니온제약,KOSDAQ,2410,0,0,0,0,0,0,0,19851253,47841519730
20260901,081000,KR7081000002,일진다이아,KOSPI,9620,-300,-3.02,9850,9920,9550,22039,214585740,14202975,136632619500
20260901,081150,KR7081150005,티플랙스,KOSDAQ,2745,15,.55,2715,2795,2695,147303,402670574,24268402,66616763490
20260901,081180,KR7081180002,쎄크,KOSDAQ,5070,10,.2,5040,5180,4900,20592,102545765,8825535,44745462450
20260901,081580,KR7081580003,성우전자,KOSDAQ,2305,15,.66,2295,2375,2250,50884,116713010,15508143,35746269615
20260901,081660,KR7081660003,미스토홀딩스,KOSPI,41750,-100,-.24,41400,42000,41250,76979,3210085550,53091840,2216584320000
20260901,082210,KR7082210006,옵트론텍,KOSDAQ,1763,65,3.83,1698,1763,1691,14970,25624421,34963330,61640350790
20260901,082270,KR7082270000,젬백스,KOSDAQ,10740,-600,-5.29,11100,11320,10620,158283,1729349190,44269203,475451240220
20260901,082660,KR7082660002,코스나인,KOSDAQ,480,0,0,0,0,0,0,0,99640869,47827617120
20260901,082740,KR7082740002,한화엔진,KOSPI,47850,400,.84,48000,50800,46350,1022140,49416129575,83447142,3992945744700
20260901,082800,KR7082800004,비보존 제약,KOSDAQ,3280,-75,-2.24,3395,3395,3250,218116,721110517,60719666,199160504480
20260901,082850,KR7082850009,우리바이오,KOSDAQ,897,0,0,0,0,0,0,0,48456578,43465550466
20260901,082920,KR7082920000,비츠로셀,KOSDAQ,27000,1200,4.65,26000,27150,25650,423943,11142865125,45139477,1218765879000
20260901,083310,KR7083310003,엘오티베큠,KOSDAQ,9830,-190,-1.9,10010,10010,9640,29112,285117540,17810033,175072624390
20260901,083420,KR7083420000,그린케미칼,KOSPI,4910,0,0,4950,4980,4860,19430,95211805,24000000,117840000000
20260901,083450,KR7083450007,GST,KOSDAQ,43350,-850,-1.92,44000,44000,42700,46528,2009980075,18430000,798940500000
20260901,083470,KR7083470005,이엠앤아이,KOSDAQ,924,-77,-7.69,1001,1001,924,164416,155654336,21340329,19718463996
20260901,083500,KR7083500009,에프엔에스테크,KOSDAQ,11600,-60,-.51,11470,11690,11360,25670,296138555,8306377,96353973200
20260901,083550,KR7083550004,케이엠,KOSDAQ,3280,60,1.86,3175,3320,3160,18422,60211270,13556165,44464221200
20260901,083640,KR7083640003,인콘,KOSDAQ,1087,0,0,0,0,0,0,0,22958343,24955718841
20260901,083650,KR7083650002,비에이치아이,KOSDAQ,61200,-1600,-2.55,62900,63000,60000,232171,14184864250,30944375,1893795750000
20260901,083660,KR7083660001,CSA 코스믹,KOSDAQ,1740,18,1.05,1705,1769,1610,95047,158062087,14218530,24740242200
20260901,083790,KR7083790006,CG인바이츠,KOSDAQ,849,-17,-1.96,875,875,824,101338,85010141,76894182,65283160518
20260901,083930,KR7083930008,아바코,KOSDAQ,11650,-100,-.85,11740,11740,11600,25726,299422550,14677249,170989950850
20260901,084010,KR7084010008,대한제강,KOSPI,8670,130,1.52,8470,8940,8300,22607,192491070,34371596,298001737320
20260901,084110,KR7084110006,휴온스글로벌,KOSDAQ,26200,150,.58,26250,27100,25900,77408,2038463075,12659812,331687074400
20260901,084180,KR7084180009,수성웹툰,KOSDAQ,616,16,2.67,604,633,589,89394,54710864,18074283,11133758328
20260901,084370,KR7084370006,유진테크,KOSDAQ,132100,-1200,-.9,131500,133400,129000,79977,10452517800,22916042,3027209148200
20260901,084440,KR7084440007,유비온,KOSDAQ,1196,0,0,0,0,0,0,0,19132421,22882375516
20260901,084650,KR7084650001,랩지노믹스,KOSDAQ,500,0,0,0,0,0,0,0,74239990,37119995000
20260901,084670,KR7084670009,동양고속,KOSPI,24800,-400,-1.59,24500,25450,24500,10015,248136200,2895569,71810111200
20260901,084680,KR7084680008,이월드,KOSPI,558,12,2.2,546,578,533,456285,252618693,141806193,79127855694
20260901,084690,KR7084690007,대상홀딩스,KOSPI,8010,-20,-.25,7950,8030,7950,10670,85276700,36212538,290062429380
20260901,084695,KR7084691005,대상홀딩스우,KOSPI,11820,20,.17,11900,11900,11610,661,7755700,913482,10797357240
20260901,084730,KR7084730001,팅크웨어,KOSDAQ,6640,20,.3,6550,6690,6550,3465,22944400,11109424,73766575360
20260901,084850,KR7084850007,아이티엠반도체,KOSDAQ,8880,-70,-.78,8710,8920,8710,10112,89240150,22682934,201424453920
20260901,084870,KR7084870005,TBH글로벌,KOSPI,2280,-20,-.87,2275,2335,2180,39694,89151270,20458256,46644823680
20260901,084990,KR7084990001,헬릭스미스,KOSDAQ,3060,-40,-1.29,3095,3140,3025,72117,220434080,46092797,141043958820
20260901,085310,KR7085310001,엔케이,KOSPI,9460,100,1.07,9500,9500,9240,13116,121992250,7418074,70174980040
20260901,085620,KR7085620003,미래에셋생명,KOSPI,22450,900,4.18,21400,23100,20750,449948,10029770600,135180000,3034791000000
20260901,085660,KR7085660009,차바이오텍,KOSDAQ,8360,290,3.59,8190,8570,8190,360874,3024186845,92972846,777252992560
20260901,085670,KR7085670008,뉴프렉스,KOSDAQ,3010,-15,-.5,3050,3060,2975,51487,155361717,24500761,73747290610
20260901,085810,KR7085810000,알티캐스트,KOSDAQ,1630,-69,-4.06,1699,1699,1580,11215,18278079,14136953,23043233390
20260901,085910,KR7085910008,네오티스,KOSDAQ,14900,-1700,-10.24,16250,16500,14750,329314,4999474070,13794818,205542788200
20260901,086040,KR7086040003,바이오톡스텍,KOSDAQ,2500,0,0,2510,2575,2395,23466,58442920,15958247,39895617500
20260901,086060,KR7086060001,진바이오텍,KOSDAQ,4710,30,.64,4680,4725,4660,14329,67013910,8610587,40555864770
20260901,086220,KR7086220001,광동헬스바이오,KONEX,959,9,.95,999,999,810,45,44460,12687865,12167662535
20260901,086280,KR7086280005,현대글로비스,KOSPI,209500,2000,.96,205500,213000,205000,233220,48956551000,75000000,15712500000000
20260901,086390,KR7086390002,유니테스트,KOSDAQ,11080,160,1.47,10760,11150,10650,140464,1529790765,21134126,234166116080
20260901,086450,KR7086450004,동국제약,KOSDAQ,21900,-350,-1.57,22550,23050,21600,767051,17044042325,45230420,990546198000
20260901,086520,KR7086520004,에코프로,KOSDAQ,87200,-4100,-4.49,91400,91900,86700,882663,78262497700,135776152,11839680454400
20260901,086670,KR7086670007,비엠티,KOSDAQ,16940,-20,-.12,16960,17050,16660,25233,426752745,9925885,168144491900
20260901,086710,KR7086710001,선진뷰티사이언스,KOSDAQ,7890,-120,-1.5,8010,8030,7670,11341,88989540,12203280,96283879200
20260901,086790,KR7086790003,하나금융지주,KOSPI,137400,1100,.81,134100,138600,134100,1124738,154264609900,274367748,37698128575200
20260901,086820,KR7086820008,바이오솔루션,KOSDAQ,6490,-180,-2.7,6640,6840,6370,63171,408184930,25924085,168247311650
20260901,086890,KR7086890001,이수앱지스,KOSDAQ,3360,0,0,3320,3500,3320,17455,58882295,40774942,137003805120
20260901,086900,KR7086900008,메디톡스,KOSDAQ,73000,4100,5.95,69100,73000,69100,38892,2783129350,7298497,532790281000
20260901,086960,KR7086960002,MDS테크,KOSDAQ,1979,-21,-1.05,1983,2005,1960,81717,161770668,42528670,84164237930
20260901,086980,KR7086980000,쇼박스,KOSDAQ,1996,-19,-.94,1990,2045,1989,36100,72298709,62438000,124626248000
20260901,087010,KR7087010005,펩트론,KOSDAQ,165500,-17700,-9.66,180200,183100,161500,217107,36908969300,23317350,3859021425000
20260901,087260,KR7087260006,모바일어플라이언스,KOSDAQ,247,0,0,0,0,0,0,0,32552861,8040556667
20260901,087600,KR7087600003,픽셀플러스,KOSDAQ,3910,45,1.16,3865,4000,3850,1866,7347560,8166558,31931241780
20260901,088130,KR7088130000,동아엘텍,KOSDAQ,5600,100,1.82,5470,5650,5320,84064,457963265,17485314,97917758400
20260901,088260,KR7088260005,이리츠코크렙,KOSPI,3200,-10,-.31,3205,3245,3120,112156,359585335,63341590,202693088000
20260901,088280,KR7088280003,쏘닉스,KOSDAQ,2330,-30,-1.27,2365,2380,2310,14460,33807310,17306490,40324121700
20260901,088290,KR7088290002,이원컴포텍,KOSDAQ,2450,10,.41,2325,2460,2325,2375,5804320,7976072,19541376400
20260901,088340,KR7088340005,유라클,KOSDAQ,6840,-40,-.58,6760,7050,6760,7256,49752245,4364368,29852277120
20260901,088350,KR7088350004,한화생명,KOSPI,5920,150,2.6,5770,6050,5740,4800557,28350827565,868530000,5141697600000
20260901,088390,KR7088390000,이녹스,KOSDAQ,8320,540,6.94,7850,8370,7670,25908,211113820,9385844,78090222080
20260901,088790,KR7088790001,진도,KOSPI,2345,250,11.93,2075,2490,2075,269432,619423975,12447744,29189959680
20260901,088800,KR7088800008,에이스테크,KOSDAQ,1827,-21,-1.14,1800,1888,1791,58764,106328894,75506434,137950254918
20260901,088910,KR7088910005,동우팜투테이블,KOSDAQ,2080,0,0,2090,2115,2035,35409,73799755,25721764,53501269120
20260901,088980,KR7088980008,맥쿼리인프라,KOSPI,9960,50,.5,9950,9980,9890,702508,6977541030,478921993,4770063050280
20260901,089010,KR7089010003,켐트로닉스,KOSDAQ,22600,-150,-.66,22750,22750,21900,24599,550564400,16770027,379002610200
20260901,089030,KR7089030001,테크윙,KOSDAQ,48050,-1550,-3.13,49150,49450,47400,306526,14751944425,37053645,1780427642250
20260901,089140,KR7089140008,넥스턴앤롤코리아,KOSDAQ,2175,90,4.32,2105,2195,2070,62577,133929648,15316234,33312808950
20260901,089150,KR7089150007,케이씨티,KOSDAQ,1896,2,.11,1894,1896,1869,13334,25158278,17150000,32516400000
20260901,089230,KR7089230007,THE E&M,KOSDAQ,2165,5,.23,2170,2245,1995,608133,1279205320,39421354,85347231410
20260901,089470,KR7089470009,HDC현대EP,KOSPI,3950,-5,-.13,3955,4000,3890,35042,138122115,31900000,126005000000
20260901,089590,KR7089590004,제주항공,KOSPI,4485,5,.11,4450,4530,4395,115145,512111995,80640985,361674817725
20260901,089600,KR7089600001,KT나스미디어,KOSDAQ,13550,240,1.8,13310,13590,13310,33580,454158900,11568163,156748608650
20260901,089790,KR7089790000,제이티,KOSDAQ,4870,820,20.25,4345,5250,4325,1571948,7801453221,10315513,50236548310
20260901,089850,KR7089850002,유비벨록스,KOSDAQ,4060,0,0,4110,4110,4015,2021,8165265,14730199,59804607940
20260901,089860,KR7089860001,롯데렌탈,KOSPI,51400,4050,8.55,47300,53100,47100,439193,22187785625,36309388,1866302543200
20260901,089890,KR7089890008,코세스,KOSDAQ,22700,-750,-3.2,23450,23450,22250,79236,1797435975,16584962,376478637400
20260901,089970,KR7089970008,브이엠,KOSDAQ,54100,-2400,-4.25,55200,55700,53400,389438,21072635650,26326765,1424277986500
20260901,089980,KR7089980007,상아프론테크,KOSDAQ,15240,80,.53,15170,15370,15030,16239,246883740,15989037,243672923880
20260901,090080,KR7090080003,평화산업,KOSPI,984,19,1.97,984,985,970,64403,63059701,54902259,54023822856
20260901,090150,KR7090150004,아이윈,KOSDAQ,6120,70,1.16,5990,6120,5840,12732,75860790,4187529,25627677480
20260901,090350,KR7090350000,노루페인트,KOSPI,8100,-60,-.74,8140,8200,8045,32449,262088145,20000000,162000000000
20260901,090355,KR7090351008,노루페인트우,KOSPI,11870,0,0,11870,11870,11870,10,118700,463126,5497305620
20260901,090360,KR7090360009,로보스타,KOSDAQ,75900,-2300,-2.94,79600,80200,75700,64125,4946266850,9750000,740025000000
20260901,090370,KR7090370008,메타랩스,KOSPI,1220,116,10.51,1092,1407,1092,1772771,2244406210,27304689,33311720580
20260901,090410,KR7090410002,덕신이피씨,KOSDAQ,3935,-260,-6.2,4195,4610,3830,234950,953045920,9216819,36268182765
20260901,090430,KR7090430000,아모레퍼시픽,KOSPI,146300,-900,-.61,147000,150800,144500,182153,26745266350,58492759,8557490641700
20260901,090435,KR7090431008,아모레퍼시픽우,KOSPI,45550,-400,-.87,46000,47000,45250,13518,621542175,10557830,480909156500
20260901,090460,KR7090460007,비에이치,KOSPI,22000,3770,20.68,20200,22650,19480,6024977,127154826925,33711538,741653836000
20260901,090470,KR7090470006,제이스로보틱스,KOSDAQ,4610,110,2.44,4560,4990,4490,29540,137619210,17476594,80567098340
20260901,090710,KR7090710005,휴림로봇,KOSDAQ,6290,-260,-3.97,6550,6570,6250,1103497,7001308480,119559029,752026292410
20260901,090850,KR7090850009,현대이지웰,KOSDAQ,4995,-55,-1.09,5050,5080,4975,113753,567634868,22477903,112277125485
20260901,091120,KR7091120006,이엠텍,KOSDAQ,4910,-70,-1.41,4980,5100,4735,18652,92916040,17132936,84122715760
20260901,091340,KR7091340000,S&K폴리텍,KOSDAQ,2335,105,4.71,2185,2335,2185,60595,136482938,11703721,27328188535
20260901,091440,KR7091440008,한울소재과학,KOSDAQ,2850,150,5.56,2700,2935,2650,206076,572339221,34641175,98727348750
20260901,091580,KR7091580001,상신이디피,KOSDAQ,22200,-800,-3.48,23050,23400,22150,260003,5877705000,13328219,295886461800
20260901,091590,KR7091590000,남화토건,KOSDAQ,6640,-40,-.6,6700,6970,6410,534348,3562718830,11740000,77953600000
20260901,091700,KR7091700005,파트론,KOSDAQ,5500,10,.18,5440,5510,5430,60738,331940000,50000000,275000000000
20260901,091810,KR7091810002,트리니티항공,KOSPI,2820,-175,-5.84,2980,2980,2775,219752,618617452,102106091,287939176620
20260901,091970,KR7091970004,LSK아이로봇,KOSDAQ,4060,-75,-1.81,4135,4135,3990,14429,58106490,7534780,30591206800
20260901,092040,KR7092040005,아미코젠,KOSDAQ,1011,53,5.53,961,1025,956,544066,543785920,70655387,71432596257
20260901,092070,KR7092070002,디엔에프,KOSDAQ,12130,-620,-4.86,12400,13010,12120,31434,384862500,11571858,140366637540
20260901,092130,KR7092130004,이크레더블,KOSDAQ,14500,30,.21,14510,14530,14390,1403,20330760,12043600,174632200000
20260901,092190,KR7092190008,서울바이오시스,KOSDAQ,8260,-540,-6.14,8550,8710,8120,227241,1885723345,45868383,378872843580
20260901,092200,KR7092200005,디아이씨,KOSPI,6080,-80,-1.3,6300,6300,6020,195567,1189914540,38888569,236442499520
20260901,092220,KR7092220003,KEC,KOSPI,2830,20,.71,2785,2905,2740,249925,707757668,40152628,113631937240
20260901,092230,KR7092230002,KPX홀딩스,KOSPI,102000,-1500,-1.45,103500,103800,101200,4641,474900900,4224646,430913892000
20260901,092300,KR7092300003,현우산업,KOSDAQ,2610,-15,-.57,2640,2645,2530,82786,214183377,20149871,52591163310
20260901,092440,KR7092440007,기신정기,KOSPI,2000,-20,-.99,2050,2050,1988,62107,123963476,29200000,58400000000
20260901,092460,KR7092460005,한라IMS,KOSDAQ,17530,110,.63,17590,17590,17200,10821,188164010,17109680,299932690400
20260901,092590,KR7092590009,럭스피아,KONEX,615,-4,-.65,620,620,527,110,63512,7291098,4484025270
20260901,092600,KR7092600006,앤씨앤,KOSDAQ,2140,275,14.75,1865,2295,1865,308941,662583240,5016703,10735744420
20260901,092730,KR7092730001,네오팜,KOSDAQ,24300,-750,-2.99,25600,25600,23800,71211,1725992925,16027989,389480132700
20260901,092780,KR7092780006,DYP,KOSPI,3240,-65,-1.97,3265,3270,3205,11230,36460635,13168460,42665810400
20260901,092790,KR7092790005,넥스틸,KOSPI,12780,170,1.35,12680,13010,12600,183214,2346608190,26002000,332305560000
20260901,092870,KR7092870005,엑시콘,KOSDAQ,27800,3800,15.83,24400,28050,23850,586895,15400868850,13050797,362812156600
20260901,093050,KR7093050003,LF,KOSPI,23200,-50,-.22,23000,23350,22800,7115,163711350,29240000,678368000000
20260901,093190,KR7093190007,빅솔론,KOSDAQ,8630,80,.94,8610,8680,8400,9923,84956880,19238905,166031750150
20260901,093240,KR7093240000,형지엘리트,KOSPI,390,-2,-.51,385,393,380,360658,139362208,61390259,23942201010
20260901,093320,KR7093320000,케이아이엔엑스,KOSDAQ,134600,-10600,-7.3,144000,146500,134400,13716,1864205750,4880000,656848000000
20260901,093370,KR7093370005,후성,KOSPI,12700,-430,-3.27,13130,13130,12210,2104486,26401529120,107255330,1362142691000
20260901,093380,KR7093380004,풍강,KOSDAQ,3070,-10,-.32,3080,3170,3017,22696,69289065,9879313,30329490910
20260901,093510,KR7093510006,엔지브이아이,KONEX,617,-1,-.16,617,617,617,1,617,6020000,3714340000
20260901,093520,KR7093520005,매커스,KOSDAQ,26600,-300,-1.12,26650,27150,26400,6070,162535525,11901837,316588864200
20260901,093640,KR7093640001,케이알엠,KOSDAQ,4305,-265,-5.8,4570,4570,4275,27598,120642505,32843716,141392197380
20260901,093920,KR7093920007,서원인텍,KOSDAQ,4860,-55,-1.12,4915,4915,4855,1753,8529238,18600000,90396000000
20260901,094170,KR7094170008,동운아나텍,KOSDAQ,35750,50,.14,36750,37300,35000,110477,3960972150,20909936,747530212000
20260901,094280,KR7094280005,효성ITX,KOSPI,12140,80,.66,12060,12150,12060,5703,69069880,11558200,140316548000
20260901,094360,KR7094360005,칩스앤미디어,KOSDAQ,10620,-80,-.75,10620,10760,10480,26223,277374180,21355274,226793009880
20260901,094480,KR7094480001,갤럭시아머니트리,KOSDAQ,5990,-50,-.83,6170,6180,5910,579394,3490618145,39229838,234986729620
20260901,094800,KR7094800000,맵스리얼티,KOSPI,7210,10,.14,7200,7210,7090,39652,285343925,92834331,669335526510
20260901,094820,KR7094820008,일진파워,KOSDAQ,11540,-170,-1.45,11730,11770,11400,42422,488301170,15078709,174008301860
20260901,094840,KR7094840006,슈프리마에이치큐,KOSDAQ,13150,-160,-1.2,13310,13410,13070,9971,131651910,9806109,128950333350
20260901,094850,KR7094850005,참좋은여행,KOSDAQ,4365,5,.11,4360,4375,4310,3826,16643890,14000000,61110000000
20260901,094860,KR7094860004,네오리진,KOSDAQ,1440,27,1.91,1396,1450,1372,150492,213287191,53110014,76478420160
20260901,094940,KR7094940004,푸른로보틱스,KOSDAQ,6680,350,5.53,6300,7100,6150,387907,2592311165,8361386,55854058480
20260901,094970,KR7094970001,제이엠티,KOSDAQ,2825,20,.71,2805,2840,2770,54192,151943461,16748240,47313778000
20260901,095190,KR7095190005,신화프리텍,KOSDAQ,1880,-1,-.05,1840,1901,1832,129413,241865530,65260462,122689668560
20260901,095270,KR7095270005,웨이브일렉트로,KOSDAQ,4080,45,1.12,4145,4200,4025,30933,126395110,14372406,58639416480
20260901,095340,KR7095340006,ISC,KOSDAQ,157100,-12400,-7.32,165600,167900,157000,147030,23506373250,21197058,3330057811800
20260901,095500,KR7095500005,미래나노텍,KOSDAQ,7120,-90,-1.25,7190,7240,7070,107014,764193450,31009999,220791192880
20260901,095570,KR7095570008,AJ네트웍스,KOSPI,4395,-25,-.57,4470,4470,4370,57882,254983417,45252759,198885875805
20260901,095610,KR7095610002,테스,KOSDAQ,135500,-7000,-4.91,139600,141000,133800,275226,37195568000,19360000,2623280000000
20260901,095660,KR7095660007,네오위즈,KOSDAQ,18060,-60,-.33,17940,18320,17930,35496,643735850,21636459,390754449540
20260901,095700,KR7095700001,제넥신,KOSDAQ,3010,365,13.8,2735,3260,2640,1341470,3990888405,45540494,137076886940
20260901,095720,KR7095720009,웅진씽크빅,KOSPI,1279,4,.31,1257,1286,1243,16260,20740904,56827085,72681841715
20260901,095910,KR7095910006,에스에너지,KOSDAQ,632,-3,-.47,621,637,621,106123,66804272,36436634,23027952688
20260901,096240,KR7096240007,크레버스,KOSDAQ,8690,160,1.88,8550,8740,8530,9745,83658020,10238180,88969784200
20260901,096250,KR7096250006,와이즈넛,KOSDAQ,5910,-40,-.67,6100,6100,5780,19611,115491740,11814881,69825946710
20260901,096350,KR7096350004,대창솔루션,KOSDAQ,1897,13,.69,1920,1920,1850,150933,283144905,36854762,69913483514
20260901,096530,KR7096530001,씨젠,KOSDAQ,33000,-600,-1.79,33450,33900,32650,324553,10809855600,52225994,1723457802000
20260901,096610,KR7096610001,알에프세미,KOSDAQ,111,13,13.27,96,111,96,2495971,265359340,17386411,1929891621
20260901,096630,KR7096630009,에스코넥,KOSDAQ,1806,1,.06,1857,1857,1797,12871,23221073,15876323,28672639338
20260901,096690,KR7096690003,에이루트,KOSDAQ,6760,320,4.97,6440,6950,6300,16259,108375810,4022842,27194411920
20260901,096760,KR7096760004,JW홀딩스,KOSPI,4205,75,1.82,4160,4205,4095,148038,614975196,73924942,310854381110
20260901,096770,KR7096770003,SK이노베이션,KOSPI,135300,9800,7.81,126900,138500,125800,2364790,319059728550,169052788,22872842216400
20260901,096775,KR7096771001,SK이노베이션우,KOSPI,67600,2700,4.16,65500,69300,65500,10333,701417200,1248426,84393597600
20260901,096870,KR7096870001,엘디티,KOSDAQ,2290,-25,-1.08,2380,2380,2245,4558,10583345,8347999,19116917710
20260901,097230,KR7097230007,HJ중공업,KOSPI,16500,-320,-1.9,16720,16900,16240,130626,2146958430,90295344,1489873176000
20260901,097520,KR7097520001,엠씨넥스,KOSPI,20750,-150,-.72,21000,21000,20450,28207,583280375,17401500,361081125000
20260901,097780,KR7097780001,에코볼트,KOSDAQ,1643,68,4.32,1575,1649,1575,53976,87172221,20293089,33341545227
20260901,097800,KR7097800007,윈팩,KOSDAQ,1991,-24,-1.19,2015,2015,1951,27980,55260000,27290045,54334479595
20260901,097870,KR7097870000,효성오앤비,KOSDAQ,4615,20,.44,4595,4720,4535,17120,78779610,8490000,39181350000
20260901,097950,KR7097950000,CJ제일제당,KOSPI,185800,-700,-.38,186800,188800,184800,44997,8379141850,15054186,2797067758800
20260901,097955,KR7097951008,CJ제일제당 우,KOSPI,123400,300,.24,123100,123900,122800,3967,489632250,1327433,163805232200
20260901,098070,KR7098070006,한텍,KOSDAQ,24150,-400,-1.63,24700,24850,23800,26454,639507400,11121141,268575555150
20260901,098120,KR7098120009,마이크로컨텍솔,KOSDAQ,40750,-950,-2.28,41700,42000,40050,54736,2223237825,8312766,338745214500
20260901,098460,KR7098460009,고영,KOSDAQ,28050,-400,-1.41,28350,28600,27800,366943,10297151550,68204213,1913128174650
20260901,098660,KR7098660004,에스티오,KOSDAQ,1690,-23,-1.34,1700,1710,1670,2131,3598327,12500976,21126649440
20260901,099190,KR7099190001,아이센스,KOSDAQ,17330,-700,-3.88,18050,18050,17270,26727,468340830,28757309,498364164970
20260901,099220,KR7099220006,SDN,KOSDAQ,511,0,0,0,0,0,0,0,62944350,32164562850
20260901,099320,KR7099320004,쎄트렉아이,KOSDAQ,71400,-1700,-2.33,72600,73300,70300,36638,2612061700,10951278,781921249200
20260901,099390,KR7099390007,브레인즈컴퍼니,KOSDAQ,3915,5,.13,3910,3950,3865,10456,40731880,8208283,32135427945
20260901,099410,KR7099410003,동방선기,KOSDAQ,3305,-20,-.6,3325,3345,3250,42505,139984135,14000000,46270000000
20260901,099430,KR7099430001,바이오플러스,KOSDAQ,3430,-20,-.58,3450,3470,3395,111481,381871353,61640722,211427676460
20260901,099440,KR7099440000,스맥,KOSDAQ,3855,5,.13,3885,3885,3790,165905,636761470,68243394,263078283870
20260901,099520,KR7099520009,DGI,KOSDAQ,1284,0,0,0,0,0,0,0,45281824,58141862016
20260901,099750,KR7099750002,이지케어텍,KOSDAQ,6530,-110,-1.66,6640,6640,6410,14398,93514140,13659173,89194399690
20260901,100030,KR7100030006,인지소프트,KOSDAQ,20650,-150,-.72,20800,20800,20450,7572,155884600,3283714,67808694100
20260901,100090,KR7100090000,SK오션플랜트,KOSPI,12450,-1350,-9.78,13350,13450,12190,2522743,31405078695,62478129,777852706050
20260901,100120,KR7100120005,뷰웍스,KOSDAQ,27400,250,.92,27200,27550,26750,8941,242301325,8971411,245816661400
20260901,100130,KR7100130004,동국S&C,KOSDAQ,1394,-49,-3.4,1449,1449,1394,147925,206977043,57143000,79657342000
20260901,100220,KR7100220003,비상교육,KOSPI,4965,40,.81,4920,4980,4880,31772,156608375,12996741,64528819065
20260901,100250,KR7100250000,진양홀딩스,KOSPI,3170,5,.16,3150,3175,3130,30269,95399548,63900000,202563000000
20260901,100590,KR7100590009,머큐리,KOSDAQ,3465,-125,-3.48,3525,3560,3410,82411,283992630,17139545,59388523425
20260901,100660,KR7100660000,서암기계공업,KOSDAQ,3080,10,.33,3050,3090,3010,27570,84241850,12600000,38808000000
20260901,100700,KR7100700004,세운메디칼,KOSDAQ,2430,10,.41,2415,2630,2390,1104875,2747957927,43800000,106434000000
20260901,100790,KR7100790005,미래에셋벤처투자,KOSDAQ,15210,-390,-2.5,15600,15600,14900,367404,5554208285,53120578,807963991380
20260901,100840,KR7100840008,SNT에너지,KOSPI,32800,2250,7.36,31300,33250,30800,388663,12512729750,20680783,678329682400
20260901,101000,KR7101000008,KS인더스트리,KOSDAQ,783,8,1.03,840,840,770,103876,82608321,9910487,7759911321
20260901,101140,KR7101140002,인바이오젠,KOSPI,5570,60,1.09,5510,5670,5440,565,3131340,10044216,55946283120
20260901,101160,KR7101160000,월덱스,KOSDAQ,29300,-250,-.85,29700,29700,28700,38499,1123673825,16510993,483772094900
20260901,101170,KR7101170009,우림피티에스,KOSDAQ,7980,-250,-3.04,8200,8220,7920,50483,403398610,13500000,107730000000
20260901,101240,KR7101240000,씨큐브,KOSDAQ,3625,-80,-2.16,3700,3705,3520,28455,103520650,11357052,41169313500
20260901,101330,KR7101330009,모베이스,KOSDAQ,3550,10,.28,3475,3555,3405,70133,243433095,23147029,82171952950
20260901,101360,KR7101360006,에코앤드림,KOSDAQ,8880,-450,-4.82,9340,9470,8800,151776,1372355945,17786114,157940692320
20260901,101400,KR7101400000,엔시트론,KOSDAQ,1900,54,2.93,1846,1900,1817,137299,253994144,11741788,22309397200
20260901,101490,KR7101490001,에스앤에스텍,KOSDAQ,42000,500,1.2,41100,42150,40550,122956,5061943550,21334879,896064918000
20260901,101530,KR7101530004,해태제과식품,KOSPI,5600,-100,-1.75,5710,5780,5590,44043,247463660,29116822,163054203200
20260901,101670,KR7101670008,하이드로리튬,KOSDAQ,510,-13,-2.49,530,582,507,1540790,832815299,56777187,28956365370
20260901,101680,KR7101680007,한국정밀기계,KOSDAQ,2790,-105,-3.63,2860,2860,2740,9864,27428820,8404000,23447160000
20260901,101730,KR7101730000,위메이드맥스,KOSDAQ,4280,-15,-.35,4225,4360,4200,254138,1082329419,83803286,358678064080
20260901,101930,KR7101930006,인화정공,KOSDAQ,6790,20,.3,6630,6810,6630,14271,96516010,45694671,310266816090
20260901,101970,KR7101970002,우양에이치씨,KOSDAQ,10830,-420,-3.73,11280,11330,10700,17642,195890950,14790009,160175797470
20260901,102120,KR7102120003,어보브반도체,KOSDAQ,7100,-90,-1.25,7120,7230,7050,33614,239298025,17780753,126243346300
20260901,102260,KR7102260007,동성케미컬,KOSPI,3775,5,.13,3765,3825,3755,54121,205226521,50669591,191277706025
20260901,102370,KR7102370004,케이옥션,KOSDAQ,3350,65,1.98,3210,3410,3210,92755,309749225,25888290,86725771500
20260901,102460,KR7102460003,이연제약,KOSPI,9950,-10,-.1,10040,10040,9800,30597,301814260,18586811,184938769450
20260901,102710,KR7102710001,이엔에프테크놀로지,KOSDAQ,43250,-1250,-2.81,44600,44600,42850,41731,1812752700,14287836,617948907000
20260901,102940,KR7102940004,코오롱생명과학,KOSDAQ,15160,-40,-.26,15210,15370,15040,60576,918580370,13090603,198453541480
20260901,102950,KR7102950003,아하,KONEX,1631,-64,-3.78,1928,1930,1610,2922,4769227,13121903,21401823793
20260901,103140,KR7103140000,풍산,KOSPI,80900,-1000,-1.22,82200,83000,79900,115572,9371988950,28024278,2267164090200
20260901,103230,KR7103230009,에스앤더블류,KOSDAQ,2470,30,1.23,2475,2500,2300,41596,101324417,7200000,17784000000
20260901,103590,KR7103590006,일진전기,KOSPI,71100,-100,-.14,71400,71600,69600,139507,9862001650,47685390,3390431229000
20260901,103660,KR7103660007,씨앗,KONEX,1699,-37,-2.13,1699,1699,1476,167,250449,6017471,10223683229
20260901,103840,KR7103840005,우양,KOSDAQ,1689,-10,-.59,1750,1750,1650,14638,24820262,16366428,27642896892
20260901,104040,KR7104040001,디에스엠,KOSDAQ,2545,-105,-3.96,2650,2650,2510,27211,69131860,26813565,68240522925
20260901,104200,KR7104200001,NHN벅스,KOSDAQ,2700,45,1.69,2635,2725,2620,29273,78995020,14827550,40034385000
20260901,104460,KR7104460001,디와이피엔에프,KOSDAQ,7890,-30,-.38,7900,7980,7720,7208,56600080,10518101,82987816890
20260901,104480,KR7104480009,티케이케미칼,KOSDAQ,1746,-11,-.63,1757,1782,1729,96556,168989601,90895434,158703427764
20260901,104540,KR7104540000,코렌텍,KOSDAQ,3995,-75,-1.84,4135,4135,3995,10036,40211750,13407410,53562602950
20260901,104620,KR7104620000,노랑풍선,KOSDAQ,3200,-10,-.31,3215,3260,3160,21679,69038175,16810552,53793766400
20260901,104700,KR7104700000,한국철강,KOSPI,9860,-180,-1.79,9970,10080,9760,59740,595375830,36450000,359397000000
20260901,104830,KR7104830005,원익머트리얼즈,KOSDAQ,32600,-350,-1.06,33200,33300,32300,46430,1513114000,12608000,411020800000
20260901,105330,KR7105330005,케이엔더블유,KOSDAQ,6930,140,2.06,7000,7000,6560,27134,182111600,16019520,111015273600
20260901,105550,KR7105550008,엣지파운드리,KOSDAQ,1987,-73,-3.54,2060,2060,1986,61693,122959089,15661410,31119221670
20260901,105560,KR7105560007,KB금융,KOSPI,171200,-2100,-1.21,169100,173200,168900,1949667,333462087250,354687734,60722540060800
20260901,105630,KR7105630008,한세실업,KOSPI,9100,170,1.9,8940,9100,8940,48652,438659355,40000000,364000000000
20260901,105740,KR7105740005,디케이락,KOSDAQ,7980,90,1.14,7850,7980,7770,39624,312599725,10168513,81144733740
20260901,105760,KR7105760003,포스뱅크,KOSDAQ,5320,-40,-.75,5320,5400,5300,28383,151633525,10190887,54215518840
20260901,105840,KR7105840003,우진,KOSPI,12980,-270,-2.04,13260,13360,12820,123425,1598742410,20197670,262165756600
20260901,106080,KR7106080005,케이이엠텍,KOSDAQ,1650,0,0,0,0,0,0,0,5761817,9506998050
20260901,106190,KR7106190002,하이텍팜,KOSDAQ,10660,-310,-2.83,11000,11000,10420,27618,293139490,10633173,113349624180
20260901,106240,KR7106240005,파인테크닉스,KOSDAQ,1126,-23,-2,1158,1158,1101,27942,31519750,26581914,29931235164
20260901,107590,KR7107590002,미원홀딩스,KOSPI,63900,1400,2.24,63100,63900,62200,399,25219700,2320000,148248000000
20260901,107600,KR7107600009,새빗켐,KOSDAQ,16140,-610,-3.64,16750,16930,16100,11643,190799290,5650054,91191871560
20260901,107640,KR7107640005,한중엔시에스,KOSDAQ,40550,-1250,-2.99,41850,43350,40550,134784,5594465725,9064946,367583560300
20260901,108230,KR7108230004,톱텍,KOSDAQ,3205,-115,-3.46,3330,3350,3200,550456,1794386350,38023245,121864500225
20260901,108320,KR7108320003,LX세미콘,KOSPI,38150,1550,4.23,36950,38400,36950,87970,3338083000,16264300,620483045000
20260901,108380,KR7108380007,대양전기공업,KOSDAQ,18140,-370,-2,18500,18500,17790,35675,643659990,9567333,173551420620
20260901,108490,KR7108490004,로보티즈,KOSDAQ,254000,-3500,-1.36,266500,272000,254000,215308,56032535500,14667028,3725425112000
20260901,108670,KR7108670001,LX하우시스,KOSPI,34950,250,.72,34700,35500,34500,12578,438088275,8967670,313420066500
20260901,108675,KR7108671009,LX하우시스우,KOSPI,18940,140,.74,18710,18940,18680,1714,32227730,1032330,19552330200
20260901,108860,KR7108860008,셀바스AI,KOSDAQ,9240,-20,-.22,9270,9300,9130,155289,1430257400,26914790,248692659600
20260901,109070,KR7109070003,주성코퍼레이션,KOSPI,1550,0,0,0,0,0,0,0,52810230,81855856500
20260901,109080,KR7109080002,옵티시스,KOSDAQ,8440,-180,-2.09,8620,8620,8380,4869,41171050,5636000,47567840000
20260901,109610,KR7109610006,에스와이,KOSDAQ,1909,27,1.43,1883,1913,1858,126672,237557721,48907400,93364226600
20260901,109670,KR7109670000,씨싸이트,KOSDAQ,3930,80,2.08,3750,3930,3735,7778,30310220,5836602,22937845860
20260901,109740,KR7109740001,디에스케이,KOSDAQ,4105,-95,-2.26,4060,4495,4060,10058,41777365,25710390,105541150950
20260901,109820,KR7109820001,진매트릭스,KOSDAQ,1649,-26,-1.55,1675,1690,1610,116450,190152766,20393640,33629112360
20260901,109860,KR7109860007,동일금속,KOSDAQ,7350,-40,-.54,7380,7380,7310,1109,8129670,9100000,66885000000
20260901,109960,KR7109960005,앱토크롬,KOSDAQ,1853,-7,-.38,1860,1870,1821,3913,7189616,15132233,28040027749
20260901,110020,KR7110020005,전진바이오팜,KOSDAQ,2020,20,1,1980,2095,1980,2255,4606857,9058762,18298699240
20260901,110790,KR7110790003,크리스에프앤씨,KOSDAQ,2925,-5,-.17,2925,2930,2865,6287,18190740,23430960,68535558000
20260901,110990,KR7110990009,디아이티,KOSDAQ,15750,-400,-2.48,16130,16130,15670,65178,1027740090,18900000,297675000000
20260901,111110,KR7111110003,호전실업,KOSPI,6450,-10,-.15,6360,6460,6360,8903,56876335,9066000,58475700000
20260901,111380,KR7111380002,동인기연,KOSPI,13600,100,.74,13500,13600,13290,3832,51701840,6128000,83340800000
20260901,111710,KR7111710000,남화산업,KOSDAQ,3185,15,.47,3200,3220,3115,72776,230785930,20588000,65572780000
20260901,111770,KR7111770004,영원무역,KOSPI,74500,2200,3.04,71800,75100,71800,84596,6279407400,44311468,3301204366000
20260901,112040,KR7112040001,위메이드,KOSDAQ,15430,330,2.19,14970,15740,14970,167625,2591925445,33948483,523825092690
20260901,112190,KR7112190004,KC산업,KONEX,1232,9,.74,1242,1242,1201,16,19346,35679467,43957103344
20260901,112290,KR7112290002,와이씨켐,KOSDAQ,9820,-260,-2.58,10030,10080,9770,124191,1225502625,20221090,198571103800
20260901,112610,KR7112610001,씨에스윈드,KOSPI,47300,-1600,-3.27,48550,49250,47000,244656,11696880100,42171403,1994707361900
20260901,113810,KR7113810006,디젠스,KOSDAQ,3060,25,.82,2970,3140,2865,88949,269312015,6525610,19968366600
20260901,114090,KR7114090004,GKL,KOSPI,9610,-60,-.62,9640,9760,9510,105340,1012015080,61855670,594432988700
20260901,114190,KR7114190002,강원에너지,KOSDAQ,9010,-150,-1.64,9160,9160,8920,79265,715057200,26123038,235368572380
20260901,114450,KR7114450000,그린생명과학,KOSDAQ,2290,65,2.92,2225,2310,2175,133397,300939925,20000000,45800000000
20260901,114630,KR7114630007,폴라리스우노,KOSDAQ,1481,-9,-.6,1481,1523,1466,60272,89198399,17235248,25525402288
20260901,114810,KR7114810005,한솔아이원스,KOSDAQ,12660,-640,-4.81,13060,13190,12650,127830,1631912805,28143174,356292582840
20260901,114840,KR7114840002,아이패밀리에스씨,KOSDAQ,10250,180,1.79,10070,10310,9880,80738,816490510,16681385,170984196250
20260901,114920,KR7114920002,대주이엔티,KONEX,2595,-5,-.19,2890,2890,2255,13,33945,3469500,9003352500
20260901,115160,KR7115160004,휴맥스,KOSDAQ,5440,100,1.87,5340,5460,5300,6761,36430940,4307533,23432979520
20260901,115180,KR7115180002,큐리언트,KOSDAQ,21350,800,3.89,20350,21700,20150,180418,3808847350,37534151,801354123850
20260901,115310,KR7115310005,인포바인,KOSDAQ,9150,0,0,9180,9240,8970,2052,18720550,14831549,135708673350
20260901,115440,KR7115440000,우리넷,KOSDAQ,7300,-160,-2.14,7460,7460,7130,51843,376504890,10794292,78798331600
20260901,115450,KR7115450009,HLB테라퓨틱스,KOSDAQ,2105,-15,-.71,2290,2295,2070,385243,831786957,88580109,186461129445
20260901,115480,KR7115480006,씨유메디칼,KOSDAQ,2350,-60,-2.49,2365,2395,2300,8329,19626518,12124911,28493540850
20260901,115500,KR7115500001,케이씨에스,KOSDAQ,8970,-120,-1.32,9120,9150,8870,29271,262297520,12000000,107640000000
20260901,115530,KR7115530008,씨엔플러스,KOSDAQ,3090,20,.65,3050,3150,3045,7249,22324066,8582055,26518549950
20260901,115570,KR7115570004,스타플렉스,KOSDAQ,2980,380,14.62,2600,2980,2550,10453,28713645,7984508,23793833840
20260901,115610,KR7115610008,이미지스,KOSDAQ,1559,66,4.42,1516,1609,1502,34628,54071694,11818769,18425460871
20260901,116100,KR7116100009,태양기계,KONEX,542,-58,-9.67,600,600,542,171,102542,7439986,4032472412
20260901,117580,KR7117580001,대성에너지,KOSPI,6900,0,0,6860,6970,6840,40794,281031950,27500000,189750000000
20260901,117670,KR7117670000,알파칩스,KOSDAQ,8370,290,3.59,8300,8450,7970,22579,185675270,6661742,55758780540
20260901,117730,KR7117730002,티로보틱스,KOSDAQ,13320,200,1.52,13200,13450,12900,69651,914747495,22558043,300473132760
20260901,118000,KR7118000009,메타케어,KOSPI,1344,69,5.41,1287,1366,1233,32100,41798517,22055785,29642975040
20260901,118990,KR7118990001,모트렉스,KOSDAQ,6760,-10,-.15,6770,6850,6650,140700,949575185,24537371,165872627960
20260901,119500,KR7119500007,포메탈,KOSDAQ,2475,-5,-.2,2495,2495,2440,15362,37745571,11847232,29321899200
20260901,119610,KR7119610004,인터로조,KOSDAQ,14100,150,1.08,14100,14150,13940,22135,310416300,11413747,160933832700
20260901,119650,KR7119650000,KC코트렐,KOSPI,918,0,0,0,0,0,0,0,109785309,100782913662
20260901,119830,KR7119830008,아이텍,KOSDAQ,6920,500,7.79,6710,6940,6510,152203,1023622700,26538536,183646669120
20260901,119850,KR7119850006,지엔씨에너지,KOSDAQ,43750,-2350,-5.1,46400,46700,42550,685981,30140190375,16448909,719639768750
20260901,120030,KR7120030002,조선선재,KOSPI,83900,400,.48,83700,84000,82700,109,9089100,1257651,105516918900
20260901,120110,KR7120110002,코오롱인더,KOSPI,58900,-600,-1.01,59200,62700,58100,262540,15723610050,29946032,1763821284800
20260901,120115,KR7120111000,코오롱인더우,KOSPI,25350,0,0,25500,25500,25200,6636,168245700,2767860,70165251000
20260901,120240,KR7120240007,대정화금,KOSDAQ,15000,-60,-.4,15000,15020,14690,6822,101849720,7190391,107855865000
20260901,121060,KR7121060008,유니포인트,KONEX,929,-3,-.32,929,929,929,1,929,5193783,4825024407
20260901,121440,KR7121440002,골프존홀딩스,KOSDAQ,7760,-270,-3.36,7970,8050,7700,20028,157677690,42836818,332413707680
20260901,121600,KR7121600001,나노신소재,KOSDAQ,49650,-1350,-2.65,51100,51800,49650,38634,1950977025,12262191,608817783150
20260901,121800,KR7121800007,비덴트,KOSDAQ,3320,0,0,0,0,0,0,0,77201611,256309348520
20260901,121850,KR7121850002,코이즈,KOSDAQ,504,-94,-15.72,550,560,496,1660307,859334147,5056999,2548727496
20260901,121890,KR7121890008,에스디시스템,KOSDAQ,2715,-75,-2.69,2795,2857,2650,112431,309109473,13291446,36086275890
20260901,122310,KR7122310006,제노레이,KOSDAQ,3440,135,4.08,3305,3440,3305,13995,47182725,14553844,50065223360
20260901,122350,KR7122350002,삼기,KOSDAQ,1688,29,1.75,1661,1706,1617,1002267,1660659195,38339428,64716954464
20260901,122450,KR7122450000,KX,KOSDAQ,2690,-20,-.74,2710,2715,2665,12529,33535830,44819834,120565353460
20260901,122640,KR7122640006,예스티,KOSDAQ,28700,-900,-3.04,29850,29950,28350,322235,9329530575,21651325,621393027500
20260901,122690,KR7122690001,서진오토모티브,KOSDAQ,1695,-12,-.7,1690,1707,1682,19053,32250167,23079166,39119186370
20260901,122830,KR7122830003,원포유,KONEX,1384,165,13.54,1289,1399,1200,22619,29358065,32751985,45328747240
20260901,122870,KR7122870009,와이지엔터테인먼트,KOSDAQ,41000,-150,-.36,40250,41800,40250,117901,4844672300,18691049,766333009000
20260901,122900,KR7122900004,아이마켓코리아,KOSPI,8220,-50,-.6,8240,8270,8160,32380,265727095,33428840,274785064800
20260901,122990,KR7122990005,와이솔,KOSDAQ,6250,90,1.46,6160,6270,6100,34181,212098350,26639081,166494256250
20260901,123010,KR7123010001,MSDI,KOSDAQ,2205,30,1.38,2190,2290,2110,90154,197355475,20215767,44575766235
20260901,123040,KR7123040008,엠에스오토텍,KOSDAQ,1749,21,1.22,1728,1780,1727,177868,311029714,62628299,109536894951
20260901,123330,KR7123330003,제닉,KOSDAQ,35150,-1750,-4.74,36800,37250,34000,274739,9608325575,7968680,280099102000
20260901,123410,KR7123410003,코리아에프티,KOSDAQ,5980,-40,-.66,6000,6070,5920,69579,416488975,27841064,166489562720
20260901,123420,KR7123420002,위메이드플레이,KOSDAQ,6400,90,1.43,6300,6400,6200,9987,63340050,10401041,66566662400
20260901,123570,KR7123570004,이엠넷,KOSDAQ,1647,-14,-.84,1660,1661,1601,10372,16941874,22276078,36688700466
20260901,123690,KR7123690000,한국화장품,KOSPI,6540,-160,-2.39,6700,6740,6470,58949,386881310,16068000,105084720000
20260901,123700,KR7123700007,SJM,KOSPI,3390,-30,-.88,3370,3420,3365,7266,24587430,15604898,52900604220
20260901,123750,KR7123750002,알톤,KOSDAQ,1715,16,.94,1699,1784,1677,3914,6684554,13819259,23700029185
20260901,123840,KR7123840001,뉴온,KOSDAQ,1625,4,.25,1621,1709,1605,5363,8834676,15553050,25273706250
20260901,123860,KR7123860009,아나패스,KOSDAQ,13350,50,.38,13150,13400,13120,7265,96107230,12123415,161847590250
20260901,123890,KR7123890006,한국자산신탁,KOSPI,2635,-5,-.19,2610,2695,2605,273153,723056037,122373926,322455295010
20260901,124500,KR7124500000,아이티센글로벌,KOSDAQ,33550,-2350,-6.55,35750,37150,32200,674227,22891280950,23204527,778511880850
20260901,124560,KR7124560004,태웅로직스,KOSDAQ,2040,15,.74,2025,2040,1999,19240,38909441,38720811,78990454440
20260901,125020,KR7125020008,티씨머티리얼즈,KOSDAQ,6040,380,6.71,5620,6180,5450,753446,4375823150,35038550,211632842000
20260901,125210,KR7125210005,아모그린텍,KOSDAQ,5750,-40,-.69,5790,5850,5650,40365,231562980,16496790,94856542500
20260901,125490,KR7125490003,한라캐스트,KOSDAQ,11010,330,3.09,11080,11290,10550,1395304,15232798955,36502352,401890895520
20260901,126340,KR7126340009,비나텍,KOSDAQ,60600,-1500,-2.42,62900,62900,59400,53686,3245420600,7180414,435133088400
20260901,126560,KR7126560002,현대퓨처넷,KOSPI,3425,100,3.01,3305,3425,3305,224745,761386335,109201040,374013562000
20260901,126600,KR7126600006,BGF에코머티리얼즈,KOSDAQ,3000,35,1.18,2920,3045,2920,42497,127348829,62766899,188300697000
20260901,126640,KR7126640002,화신정공,KOSDAQ,4650,85,1.86,4550,4665,4430,903332,4144985039,35055910,163009981500
20260901,126700,KR7126700004,하이비젼시스템,KOSDAQ,12400,80,.65,12320,12400,12040,54082,662501020,14942112,185282188800
20260901,126720,KR7126720002,수산인더스트리,KOSPI,21400,0,0,21450,21450,21200,15830,337046600,14286000,305720400000
20260901,126730,KR7126730001,코칩,KOSDAQ,20800,600,2.97,20000,21950,19950,1283148,27255282800,8770126,182418620800
20260901,126880,KR7126880004,제이엔케이글로벌,KOSDAQ,2510,-30,-1.18,2520,2545,2490,19049,47810730,23168123,58151988730
20260901,127120,KR7127120004,제이에스링크,KOSDAQ,32000,-1000,-3.03,32350,32550,30600,156746,4900839500,36635567,1172338144000
20260901,127710,KR7127710002,아시아경제,KOSDAQ,1014,-15,-1.46,1005,1017,1000,11162,11227758,44049210,44665898940
20260901,127980,KR7127980001,화인써키트,KOSDAQ,2820,-10,-.35,2820,2825,2770,7003,19600350,11840684,33390728880
20260901,128540,KR7128540002,에코캡,KOSDAQ,1210,-30,-2.42,1255,1255,1192,40462,48894221,26690460,32295456600
20260901,128660,KR7128660008,피제이메탈,KOSDAQ,3000,-20,-.66,3015,3030,2960,27357,81495492,24803369,74410107000
20260901,128820,KR7128820008,대성산업,KOSPI,4120,-25,-.6,4140,4165,4080,47643,195490305,45235478,186370169360
20260901,128940,KR7128940004,한미약품,KOSPI,492000,-500,-.1,489000,495500,478000,96062,46809080500,12810991,6303007572000
20260901,129260,KR7129260006,인터지스,KOSPI,1927,4,.21,1923,1931,1914,37580,72197636,29747874,57324153198
20260901,129890,KR7129890000,앱코,KOSDAQ,1012,-8,-.78,1020,1020,1000,315799,321237328,45545602,46092149224
20260901,129920,KR7129920005,대성하이텍,KOSDAQ,5550,-230,-3.98,5780,5920,5480,49298,277696200,16248696,90180262800
20260901,130500,KR7130500002,GH신소재,KOSDAQ,1921,44,2.34,1877,1929,1859,8928,16933135,14545052,27941044892
20260901,130580,KR7130580004,나이스디앤비,KOSDAQ,5610,10,.18,5600,5610,5590,917,5139850,15400000,86394000000
20260901,130660,KR7130660004,한전산업,KOSPI,12250,40,.33,12110,12270,11920,221526,2675061680,32600000,399350000000
20260901,130740,KR7130740004,티피씨글로벌,KOSDAQ,2130,60,2.9,2070,2160,2050,66162,138509127,11276679,24019326270
20260901,131030,KR7131030009,옵투스제약,KOSDAQ,5820,90,1.57,5670,5830,5670,18712,107988260,17646590,102703153800
20260901,131090,KR7131090003,시큐브,KOSDAQ,4220,5,.12,4115,4220,4115,5597,23257840,7658221,32317692620
20260901,131100,KR7131100000,티엔엔터테인먼트,KOSDAQ,2320,5,.22,2295,2340,2260,10470,23980605,6449344,14962478080
20260901,131180,KR7131180002,딜리,KOSDAQ,4130,50,1.23,4020,4165,4020,3768,15425515,5870000,24243100000
20260901,131220,KR7131220006,대한과학,KOSDAQ,3725,5,.13,3720,3775,3595,5813,21452337,7454490,27767975250
20260901,131290,KR7131290009,티에스이,KOSDAQ,223000,-14000,-5.91,230000,231000,218500,93528,20831188750,11061429,2466698667000
20260901,131370,KR7131370009,알서포트,KOSDAQ,1549,43,2.86,1510,1561,1484,164387,252206162,53267083,82510711567
20260901,131400,KR7131400004,이브이첨단소재,KOSDAQ,787,43,5.78,740,805,722,1103164,848636796,59591882,46898811134
20260901,131760,KR7131760001,파인텍,KOSDAQ,1835,-38,-2.03,1815,1872,1815,57398,105848488,8686316,15939389860
20260901,131970,KR7131970006,두산테스나,KOSDAQ,78400,-1800,-2.24,79100,79300,76600,152655,11870913900,19327238,1515255459200
20260901,133750,KR7133750000,메가엠디,KOSDAQ,1494,-4,-.27,1496,1498,1446,2348,3460492,23407077,34970173038
20260901,133820,KR7133820001,화인베스틸,KOSPI,957,-7,-.73,948,983,948,12125,11589786,37114502,35518578414
20260901,134060,KR7134060003,이퓨쳐,KOSDAQ,5410,-40,-.73,5390,5680,5390,4631,25311810,4769250,25801642500
20260901,134380,KR7134380005,미원화학,KOSPI,10310,-40,-.39,10350,10350,10200,4818,49505010,21992680,226744530800
20260901,134580,KR7134580000,탑코미디어,KOSDAQ,4240,430,11.29,3835,4240,3710,1000241,4055892481,49294149,209007191760
20260901,134790,KR7134790005,시디즈,KOSPI,20350,620,3.14,19730,20350,19730,1308,25920730,2000000,40700000000
20260901,136150,KR7136150000,원일티엔아이,KOSDAQ,7630,20,.26,7350,7650,7350,10796,81218090,8381030,63947258900
20260901,136410,KR7136410008,아셈스,KOSDAQ,4160,0,0,4165,4210,4130,13426,55742341,11019106,45839480960
20260901,136480,KR7136480001,하림,KOSDAQ,2675,-10,-.37,2680,2695,2665,112955,302365920,106209702,284110952850
20260901,136490,KR7136490000,선진,KOSPI,10340,180,1.77,10160,10400,10020,44784,457341175,23779604,245881105360
20260901,136540,KR7136540002,윈스테크넷,KOSDAQ,10750,150,1.42,10610,10750,10580,15765,168541130,12279746,132007269500
20260901,136660,KR7136660008,큐엠씨,KONEX,2470,75,3.13,2200,2470,2040,76,165580,2360950,5831546500
20260901,137080,KR7137080008,나래나노텍,KOSDAQ,6480,-50,-.77,6460,6590,6360,6766,43507420,10709949,69400469520
20260901,137310,KR7137310009,에스디바이오센서,KOSPI,6190,70,1.14,6150,6260,6130,110178,680457365,120749102,747436941380
20260901,137400,KR7137400008,피엔티,KOSDAQ,30000,-350,-1.15,30400,31550,29900,182295,5561937675,23690728,710721840000
20260901,137940,KR7137940003,넥스트아이,KOSDAQ,1988,7,.35,1898,2045,1898,9792,19356750,9812067,19506389196
20260901,137950,KR7137950002,제이씨케미칼,KOSDAQ,3720,-30,-.8,3745,3745,3585,69370,254068570,22267814,82836268080
20260901,138040,KR7138040001,메리츠금융지주,KOSPI,125400,3200,2.62,121100,126000,120800,334398,41540483550,167347273,20985348034200
20260901,138070,KR7138070008,신진에스엠,KOSDAQ,1503,-22,-1.44,1525,1525,1456,5777,8642401,17503204,26307315612
20260901,138080,KR7138080007,오이솔루션,KOSDAQ,22500,-800,-3.43,23300,23300,22000,125168,2803789200,12377758,278499555000
20260901,138360,KR7138360003,앤로보틱스,KOSDAQ,1732,-21,-1.2,1763,1775,1719,203468,352175810,87973934,152370853688
20260901,138610,KR7138610001,나이벡,KOSDAQ,15350,-340,-2.17,15540,15690,15090,43861,670458265,11367793,174495622550
20260901,138930,KR7138930003,BNK금융지주,KOSPI,15410,210,1.38,15010,15640,14930,880754,13525672535,306839751,4728400562910
20260901,139130,KR7139130009,iM금융지주,KOSPI,18960,470,2.54,18400,19340,18400,509196,9667248415,158363408,3002570215680
20260901,139480,KR7139480008,이마트,KOSPI,74800,500,.67,74000,75000,73400,110782,8214666484,27595819,2064167261200
20260901,139670,KR7139670004,키네마스터,KOSDAQ,2060,10,.49,2050,2060,2010,11104,22609100,14118810,29084748600
20260901,139990,KR7139990006,아주스틸,KOSPI,2280,30,1.33,2250,2285,2230,12169,27405685,38755414,88362343920
20260901,140070,KR7140070004,서플러스글로벌,KOSDAQ,2030,-5,-.25,2035,2080,1991,61824,124864319,36988000,75085640000
20260901,140410,KR7140410002,메지온,KOSDAQ,66500,-4700,-6.6,70900,71000,65800,115210,7801551800,30621674,2036341321000
20260901,140430,KR7140430000,카티스,KOSDAQ,1727,8,.47,1739,1760,1700,8343,14363633,10689507,18460778589
20260901,140520,KR7140520008,대창스틸,KOSDAQ,2005,0,0,1996,2010,1996,10310,20608970,21109243,42324032215
20260901,140610,KR7140610007,엔솔바이오사이언스,KONEX,10450,-290,-2.7,10700,10700,10010,5122,53319450,14376402,150233400900
20260901,140660,KR7140660002,위월드,KONEX,601,-99,-14.14,799,799,601,24,18978,2487252,1494838452
20260901,140670,KR7140670001,알에스오토메이션,KOSDAQ,10100,-150,-1.46,10260,10310,9990,42615,429930000,12839840,129682384000
20260901,140860,KR7140860008,파크시스템스,KOSDAQ,250000,-12500,-4.76,258500,263500,250000,58237,14711298750,7002469,1750617250000
20260901,141000,KR7141000000,비아트론,KOSDAQ,9120,110,1.22,9030,9210,8750,28193,252111910,12114710,110486155200
20260901,141080,KR7141080002,리가켐바이오,KOSDAQ,94900,-1600,-1.66,95400,96500,93000,157229,14808918900,37019418,3513142768200
20260901,142210,KR7142210004,유니트론텍,KOSDAQ,6040,0,0,6070,6070,5930,69698,418360730,20751403,125338474120
20260901,142280,KR7142280007,녹십자엠에스,KOSDAQ,3080,25,.82,3030,3100,2995,263408,804444980,23963031,73806135480
20260901,142760,KR7142760008,모아라이프플러스,KOSDAQ,970,63,6.95,1170,1179,970,6394025,6742985210,21083490,20450985300
20260901,143160,KR7143160000,아이디스,KOSDAQ,16290,40,.25,16250,16300,16170,2054,33319220,10716390,174569993100
20260901,143210,KR7143210003,핸즈코퍼레이션,KOSPI,1199,0,0,0,0,0,0,0,27999783,33571739817
20260901,143240,KR7143240000,사람인,KOSDAQ,17430,-220,-1.25,17650,17680,17350,5946,103892660,10732731,187071501330
20260901,143540,KR7143540003,영우디에스피,KOSDAQ,1044,24,2.35,1018,1044,999,41518,42381501,44599895,46562290380
20260901,144510,KR7144510005,지씨셀,KOSDAQ,13600,100,.74,13500,13740,13250,32570,437946515,15800344,214884678400
20260901,144960,KR7144960002,뉴파워프라즈마,KOSDAQ,8860,-490,-5.24,9200,9320,8860,795835,7127577325,43692624,387116648640
20260901,145020,KR7145020004,휴젤,KOSDAQ,245000,-7000,-2.78,249500,250500,242500,24852,6096654500,12515173,3066217385000
20260901,145170,KR7145170007,노브랜드,KOSDAQ,2795,0,0,2805,2845,2735,36733,101716256,16908405,47258991975
20260901,145210,KR7145210001,다이나믹디자인,KOSPI,2240,0,0,0,0,0,0,0,4223666,9461011840
20260901,145270,KR7145270005,케이탑리츠,KOSPI,795,17,2.19,785,800,770,64622,50299230,48060774,38208315330
20260901,145720,KR7145720009,덴티움,KOSPI,37350,-50,-.13,37500,37500,36900,11590,429742950,8623891,322102328850
20260901,145990,KR7145990008,삼양사,KOSPI,46700,750,1.63,46250,46800,46000,7621,354261650,10313449,481638068300
20260901,145995,KR7145991006,삼양사우,KOSPI,33000,-100,-.3,34000,34000,33000,313,10354900,370070,12212310000
20260901,146060,KR7146060009,율촌,KOSDAQ,1080,30,2.86,1040,1084,1040,17373,18388103,24015595,25936842600
20260901,146320,KR7146320007,비씨엔씨,KOSDAQ,9580,-260,-2.64,9700,9800,9570,18238,176208840,12797923,122604102340
20260901,147760,KR7147760003,피엠티,KOSDAQ,3170,-35,-1.09,3205,3330,3020,111918,350481615,20000000,63400000000
20260901,147830,KR7147830004,제룡산업,KOSDAQ,7030,-40,-.57,7070,7090,6900,69055,480062735,20000000,140600000000
20260901,148150,KR7148150006,세경하이테크,KOSDAQ,4115,70,1.73,4085,4120,3970,145892,592061030,35542818,146258696070
20260901,148250,KR7148250004,알엔투테크놀로지,KOSDAQ,1799,158,9.63,1641,1838,1625,84371,148708148,13610704,24485656496
20260901,148780,KR7148780000,비큐AI,KOSDAQ,3580,-95,-2.59,3785,3785,3470,145142,517177772,6289145,22515139100
20260901,148930,KR7148930001,에이치와이티씨,KOSDAQ,3255,-10,-.31,3360,3360,3205,2308,7480133,10175213,33120318315
20260901,149010,KR7149010001,아이케이세미콘,KONEX,3670,-15,-.41,3670,3670,3670,1,3670,3120000,11450400000
20260901,149950,KR7149950008,아바텍,KOSDAQ,9060,80,.89,8900,9120,8760,30867,277232280,13667703,123829389180
20260901,149980,KR7149980005,하이로닉,KOSDAQ,5020,-140,-2.71,5110,5120,4950,10370,51876447,17199046,86339210920
20260901,150900,KR7150900009,파수AI,KOSDAQ,3700,140,3.93,3560,3700,3480,38244,137375305,11703922,43304511400
20260901,151860,KR7151860004,KG에코솔루션,KOSDAQ,5630,10,.18,5620,5660,5540,65057,363328210,47603002,268004901260
20260901,153460,KR7153460001,네이블,KOSDAQ,5950,60,1.02,5890,5980,5800,2996,17664310,6530014,38853583300
20260901,153490,KR7153490008,우리이앤엘하루틴,KOSDAQ,2975,90,3.12,3150,3400,2645,496779,1489616841,10296000,30630600000
20260901,153710,KR7153710009,옵티팜,KOSDAQ,4845,5,.1,4840,4850,4800,340,1645650,14669958,71075946510
20260901,153890,KR7153890009,져스텍,KOSDAQ,11560,540,4.9,10950,11900,10680,249317,2852376415,12050305,139301525800
20260901,154030,KR7154030001,아시아종묘,KOSDAQ,1665,8,.48,1665,1670,1633,21349,35437406,12061867,20083008555
20260901,154040,KR7154040000,다산솔루에타,KOSDAQ,1055,-14,-1.31,1069,1084,1051,70067,74208525,21615614,22804472770
20260901,155650,KR7155650005,와이엠씨,KOSDAQ,3230,30,.94,3145,3300,3145,28877,92705550,18974358,61287176340
20260901,155660,KR7155660004,DSR,KOSPI,4435,30,.68,4440,4440,4370,8582,37672230,16000000,70960000000
20260901,156100,KR7156100000,엘앤케이바이오,KOSDAQ,3970,-65,-1.61,4030,4045,3920,44654,177056920,22351153,88734077410
20260901,158430,KR7158430009,아톤,KOSDAQ,4660,-10,-.21,4685,4735,4570,111924,517962230,24482092,114086548720
20260901,159010,KR7159010008,아스플로,KOSDAQ,21400,-100,-.47,21600,21900,20400,53276,1113764375,13334739,285363414600
20260901,159580,KR7159580000,제로투세븐,KOSDAQ,2225,20,.91,2205,2245,2190,27609,61483630,20032636,44572615100
20260901,159910,KR7159910009,에코글로우,KOSDAQ,3200,25,.79,3175,3200,3160,3272,10451850,10467097,33494710400
20260901,160190,KR7160190005,하이젠알앤엠,KOSDAQ,18260,-300,-1.62,19000,19070,17980,73599,1357730530,30888000,564014880000
20260901,160550,KR7160550000,NEW,KOSDAQ,1013,8,.8,991,1016,991,10645,10691661,27906106,28268885378
20260901,160980,KR7160980009,싸이맥스,KOSDAQ,24300,100,.41,23900,24550,23350,82704,1998984675,10924243,265459104900
20260901,161000,KR7161000005,애경케미칼,KOSPI,10900,-120,-1.09,10660,11170,10480,502253,5458357990,48648709,530270928100
20260901,161390,KR7161390000,한국타이어앤테크놀로지,KOSPI,67400,800,1.2,66200,67500,66000,512523,34483071350,123875069,8349179650600
20260901,161580,KR7161580006,필옵틱스,KOSDAQ,26900,-400,-1.47,26800,27300,26550,58967,1583205400,23442247,630596444300
20260901,161890,KR7161890009,한국콜마,KOSPI,155000,-5100,-3.19,160100,163000,150600,392292,60580370000,23605077,3658786935000
20260901,162120,KR7162120000,루켄테크놀러지스,KONEX,4165,-70,-1.65,4245,4245,4000,2990,12355780,11156602,46467247330
20260901,162300,KR7162300008,신스틸,KOSDAQ,1633,-14,-.85,1691,1691,1610,63675,103943930,41471382,67722766806
20260901,163280,KR7163280001,에어레인,KOSDAQ,3545,105,3.05,3360,3570,3360,31616,110313398,13603078,48222911510
20260901,163560,KR7163560006,동일고무벨트,KOSPI,5710,10,.18,5720,5730,5660,19604,111417330,13900000,79369000000
20260901,163730,KR7163730005,핑거,KOSDAQ,10190,220,2.21,10000,10290,9860,88119,889727065,12015717,122440156230
20260901,166090,KR7166090001,하나머티리얼즈,KOSDAQ,50500,-1300,-2.51,51000,51400,49800,113900,5718834550,19777674,998772537000
20260901,166480,KR7166480004,코아스템켐온,KOSDAQ,2200,100,4.76,2140,2300,2090,139451,310723163,52870376,116314827200
20260901,168330,KR7168330009,내츄럴엔도텍,KOSDAQ,2150,0,0,2160,2175,2115,7148,15342515,31754900,68273035000
20260901,168360,KR7168360006,펨트론,KOSDAQ,13460,-50,-.37,13900,14320,12970,91843,1235465545,22392557,301403817220
20260901,169330,KR7169330008,엠브레인,KOSDAQ,1362,75,5.83,1247,1371,1247,27307,35409712,18316918,24947642316
20260901,169670,KR7169670007,코스텍시스템,KONEX,4780,-10,-.21,4780,4780,4775,258,1232750,2868401,13710956780
20260901,170030,KR7170030001,현대공업,KOSDAQ,4850,-30,-.61,4850,4910,4840,9010,43809555,15340000,74399000000
20260901,170790,KR7170790000,파이오링크,KOSDAQ,8400,10,.12,8390,8420,8250,7012,58475500,6397335,53737614000
20260901,170900,KR7170900005,동아에스티,KOSPI,37750,-250,-.66,38000,38050,37250,4485,168096375,9727881,367227507750
20260901,170920,KR7170920003,엘티씨,KOSDAQ,34350,850,2.54,33300,34500,32950,134789,4537227200,10564126,362877728100
20260901,171010,KR7171010002,램테크놀러지,KOSDAQ,2735,-35,-1.26,2770,2770,2710,12933,35325955,14298752,39107086720
20260901,171090,KR7171090004,선익시스템,KOSDAQ,72900,1600,2.24,70300,73700,68000,57178,4042522850,10127626,738303935400
20260901,171120,KR7171120009,라이온켐텍,KOSDAQ,2010,-15,-.74,2020,2020,2005,23439,47118410,35901760,72162537600
20260901,172670,KR7172670002,에이엘티,KOSDAQ,9880,-190,-1.89,10070,10290,9800,13106,129420320,8960259,88527358920
20260901,173130,KR7173130006,오파스넷,KOSDAQ,5680,20,.35,5690,5740,5600,25202,142823050,13046473,74103966640
20260901,173940,KR7173940008,에프엔씨엔터,KOSDAQ,2220,-50,-2.2,2260,2260,2205,6582,14615270,15392808,34172033760
20260901,174900,KR7174900001,앱클론,KOSDAQ,23700,-900,-3.66,24700,24700,23200,114025,2714372125,19952129,472865457300
20260901,175140,KR7175140003,아고스,KOSDAQ,2640,-50,-1.86,2690,2700,2550,24765,64787610,24944253,65852827920
20260901,175250,KR7175250000,아이큐어,KOSDAQ,2170,0,0,0,0,0,0,0,37558368,81501658560
20260901,175330,KR7175330000,JB금융지주,KOSPI,29250,900,3.17,28050,29450,27900,303218,8797533750,186521824,5455763352000
20260901,176590,KR7176590008,코나솔,KONEX,2175,100,4.82,2100,2200,2000,850,1799575,5836383,12694133025
20260901,176750,KR7176750008,듀켐바이오,KOSDAQ,6220,80,1.3,6170,6300,6000,27278,169086545,28488720,177199838400
20260901,177350,KR7177350006,베셀,KOSDAQ,2030,80,4.1,1900,2030,1779,437010,858503406,9915851,20129177530
20260901,177830,KR7177830007,파버나인,KOSDAQ,2345,-15,-.64,2315,2370,2290,5514,12775275,11325993,26559453585
20260901,177900,KR7177900008,쓰리에이로직스,KOSDAQ,3870,-35,-.9,3880,3895,3785,12168,46559730,9627600,37258812000
20260901,178320,KR7178320008,서진시스템,KOSDAQ,36800,-2200,-5.64,39100,39100,36750,1269755,47261462825,63650737,2342347121600
20260901,178600,KR7178600003,대동고려삼,KONEX,1749,50,2.94,1799,1799,1749,5,8795,4449600,7782350400
20260901,178780,KR7178780003,일월지엠엘,KOSDAQ,2320,-85,-3.53,2300,2400,2300,18212,42495516,18639195,43242932400
20260901,178920,KR7178920005,PI첨단소재,KOSPI,19820,-280,-1.39,20000,20150,19540,20030,395901935,29366322,582040502040
20260901,179290,KR7179290002,엠아이텍,KOSDAQ,5100,-80,-1.54,5170,5190,4990,79050,398562915,32365678,165064957800
20260901,179530,KR7179530001,애드바이오텍,KOSDAQ,2540,30,1.2,2540,2550,2385,63655,156241985,27117243,68877797220
20260901,179720,KR7179720008,머니무브,KONEX,5200,-200,-3.7,5400,5400,5000,82,418900,2750018,14300093600
20260901,179900,KR7179900006,유티아이,KOSDAQ,2910,425,17.1,2485,3080,2485,804788,2272299712,19790412,57590098920
20260901,180060,KR7180060006,탑선,KONEX,4685,-115,-2.4,4895,4895,4080,1415,6161200,9347666,43793815210
20260901,180400,KR7180400004,DXVX,KOSDAQ,2540,10,.4,2530,2545,2480,18518,46802967,98429432,250010757280
20260901,180640,KR7180640005,한진칼,KOSPI,129800,-3200,-2.41,129700,130500,126300,44636,5742931850,66762279,8665743814200
20260901,18064K,KR718064K016,한진칼우,KOSPI,29750,-100,-.34,29950,30000,29300,1369,40679800,536766,15968788500
20260901,181710,KR7181710005,NHN,KOSPI,70400,-3900,-5.25,74300,75500,68900,131395,9327536000,32753139,2305820985600
20260901,182360,KR7182360008,큐브엔터,KOSDAQ,5900,130,2.25,5770,6000,5750,15928,94127450,15544586,91713057400
20260901,182400,KR7182400002,엔케이젠바이오텍코리아,KOSDAQ,3670,0,0,0,0,0,0,0,72342431,265496721770
20260901,183190,KR7183190008,아세아시멘트,KOSPI,11070,-360,-3.15,11310,11580,10990,68474,765757095,35978272,398279471040
20260901,183300,KR7183300003,코미코,KOSDAQ,25550,-900,-3.4,26200,26750,24850,309785,7834788350,51363275,1312331676250
20260901,183490,KR7183490002,엔지켐생명과학,KOSDAQ,990,0,0,0,0,0,0,0,84640235,83793832650
20260901,184230,KR7184230001,SGA솔루션즈,KOSDAQ,1891,-38,-1.97,1919,1946,1890,28284,53799876,18887979,35717168289
20260901,185190,KR7185190006,수프로,KONEX,997,-2,-.2,900,999,850,32,28696,9238625,9210909125
20260901,185490,KR7185490000,아이진,KOSDAQ,1904,-4,-.21,1910,1947,1885,114747,219461527,43229784,82309508736
20260901,185750,KR7185750007,종근당,KOSPI,68800,400,.58,68000,69200,68000,15897,1089694250,13802780,949631264000
20260901,186230,KR7186230009,그린플러스,KOSDAQ,3515,15,.43,3500,3515,3450,10031,34872807,10920188,38384460820
20260901,187220,KR7187220009,디티앤씨,KOSDAQ,1951,36,1.88,1915,1974,1862,17690,33908471,11524933,22485144283
20260901,187270,KR7187270004,신화콘텍,KOSDAQ,3075,-10,-.32,3085,3195,3005,2872,8723220,10143845,31192323375
20260901,187420,KR7187420005,HLB제넥스,KOSDAQ,1915,-7,-.36,2020,2095,1882,225451,436194100,32644947,62515073505
20260901,187660,KR7187660006,페니트리움바이오,KOSDAQ,4930,-20,-.4,4900,5160,4715,1393776,6846883647,63966253,315353627290
20260901,187790,KR7187790001,나노,KOSDAQ,2980,-100,-3.25,3080,3085,2875,154098,453472780,30840830,91905673400
20260901,187870,KR7187870001,디바이스,KOSDAQ,11040,240,2.22,10610,11160,10250,87715,930654970,13862772,153045002880
20260901,188040,KR7188040000,바이오포트,KOSDAQ,5100,-60,-1.16,5090,5160,4980,10889,54927565,4679308,23864470800
20260901,188260,KR7188260004,세니젠,KOSDAQ,2025,20,1,2010,2025,2000,6991,14035160,13901318,28150168950
20260901,189300,KR7189300007,인텔리안테크,KOSDAQ,62900,-100,-.16,62000,63500,61000,32173,2003026000,10737497,675388561300
20260901,189330,KR7189330004,씨이랩,KOSDAQ,11550,-750,-6.1,12310,12480,11080,443391,5087494410,9382284,108365380200
20260901,189350,KR7189350002,코셋,KONEX,2105,133,6.74,2105,2105,2105,16,33680,4800000,10104000000
20260901,189690,KR7189690001,포시에스,KOSDAQ,1538,12,.79,1524,1538,1518,10746,16390392,27321969,42021188322
20260901,189860,KR7189860000,서전기전,KOSDAQ,4305,-80,-1.82,4305,4365,4240,52032,222071642,9698780,41753247900
20260901,189980,KR7189980006,흥국에프엔비,KOSDAQ,1171,-14,-1.18,1194,1194,1151,26265,30601647,40137827,47001395417
20260901,190510,KR7190510008,나무가,KOSDAQ,13870,0,0,13820,13940,13700,13700,189472850,14085317,195363346790
20260901,190650,KR7190650002,코리아에셋투자증권,KOSDAQ,6850,30,.44,6810,6850,6780,1353,9214075,6388000,43757800000
20260901,191410,KR7191410000,육일씨엔에쓰,KOSDAQ,1827,-13,-.71,1880,1882,1813,110545,204095262,11204255,20470173885
20260901,191420,KR7191420009,테고사이언스,KOSDAQ,7380,-120,-1.6,7700,7700,7320,1581,11673480,8108834,59843194920
20260901,191600,KR7191600006,블루탑,KONEX,12650,-2230,-14.99,14880,14880,12650,2,27530,2858928,36165439200
20260901,192080,KR7192080000,더블유게임즈,KOSPI,58500,0,0,58000,59100,57500,66087,3836630800,21173468,1238647878000
20260901,192250,KR7192250009,케이사인,KOSDAQ,7550,-10,-.13,7560,7570,7440,5264,39486495,7067125,53356793750
20260901,192390,KR7192390003,윈하이텍,KOSDAQ,1826,5,.27,1797,1925,1788,22772,41332498,11967246,21852191196
20260901,192400,KR7192400000,쿠쿠홀딩스,KOSPI,27900,-100,-.36,28250,28250,27550,6731,187029350,35562185,992184961500
20260901,192410,KR7192410009,오늘이엔엠,KOSDAQ,5190,40,.78,6000,6000,4870,637532,3355980554,25185909,130714867710
20260901,192440,KR7192440006,슈피겐코리아,KOSDAQ,28950,-700,-2.36,29650,29650,28550,3542,102500500,6216363,179963708850
20260901,192650,KR7192650000,드림텍,KOSPI,5880,110,1.91,5740,5960,5700,362545,2103349160,65886829,387414554520
20260901,192820,KR7192820009,코스맥스,KOSPI,287000,-13000,-4.33,301500,306500,285500,128070,37215699250,11349509,3257309083000
20260901,193250,KR7193250008,링크드,KOSDAQ,2240,-40,-1.75,2190,2290,2155,33849,74167670,13368933,29946409920
20260901,194370,KR7194370003,제이에스코퍼레이션,KOSPI,13640,-450,-3.19,13990,14020,13550,40367,552637015,29016758,395788579120
20260901,194480,KR7194480000,데브시스터즈,KOSDAQ,17480,1220,7.5,17680,17980,16850,241406,4219137785,12169150,212716742000
20260901,194700,KR7194700001,노바렉스,KOSDAQ,11230,-140,-1.23,11400,11400,11000,91413,1024187525,18254848,205001943040
20260901,195500,KR7195500004,마니커에프앤지,KOSDAQ,1802,-31,-1.69,1830,1830,1765,86913,156041883,15978000,28792356000
20260901,195870,KR7195870001,해성디에스,KOSPI,53800,-100,-.19,53500,54600,52600,47023,2526446350,17000000,914600000000
20260901,195940,KR7195940002,HK이노엔,KOSDAQ,43550,500,1.16,42650,44000,42600,131511,5717325575,28329891,1233766753050
20260901,195990,KR7195990007,루트K,KOSDAQ,1341,-10,-.74,1351,1390,1335,12908,17358908,16287874,21842039034
20260901,196170,KR7196170005,알테오젠,KOSDAQ,301000,-6500,-2.11,303500,306000,297500,281391,84683808250,69655133,20966195033000
20260901,196300,KR7196300008,HLB펩,KOSDAQ,4345,0,0,4440,4750,4235,8010,34925860,9493947,41251199715
20260901,196450,KR7196450001,코아시아씨엠,KOSDAQ,790,0,0,0,0,0,0,0,45320000,35802800000
20260901,196490,KR7196490007,디에이테크놀로지,KOSDAQ,6090,0,0,0,0,0,0,0,11351645,69131518050
20260901,196700,KR7196700009,웹스,KOSDAQ,1367,-24,-1.73,1391,1391,1346,22498,30737680,14364144,19635784848
20260901,197140,KR7197140007,디지캡,KOSDAQ,2420,55,2.33,2340,2420,2330,15358,36937577,13013154,31491832680
20260901,198080,KR7198080004,캐프,KOSDAQ,2195,5,.23,2190,2195,2145,14752,31963675,21535185,47269731075
20260901,198440,KR7198440000,강동씨앤엘,KOSDAQ,2135,399,22.98,2000,2255,1850,35320452,77016989116,60931896,130089597960
20260901,198940,KR7198940009,한주라이트메탈,KOSDAQ,1315,-15,-1.13,1316,1364,1305,13461,17822821,19909760,26181334400
20260901,199150,KR7199150004,데이터스트림즈,KONEX,1990,192,10.68,1790,2065,1609,882,1623904,4268613,8494539870
20260901,199290,KR7199290008,바이오프로테크,KONEX,390,-5,-1.27,0,0,0,0,0,17025192,6639824880
20260901,199430,KR7199430000,케이엔알시스템,KOSDAQ,17900,860,5.05,19130,19680,17220,548490,10056935820,11197043,200427069700
20260901,199480,KR7199480005,뱅크웨어글로벌,KOSDAQ,4150,70,1.72,4090,4390,4080,60102,251394433,10196588,42315840200
20260901,199550,KR7199550005,레이저옵텍,KOSDAQ,3235,5,.15,3230,3370,3135,29654,94963580,14845791,48026133885
20260901,199730,KR7199730003,바이오인프라,KOSDAQ,1620,125,8.36,1473,1620,1473,35373,55366658,4864367,7880274540
20260901,199800,KR7199800004,툴젠,KOSDAQ,34450,-750,-2.13,35000,35200,34100,12138,419067700,8997629,309968319050
20260901,199820,KR7199820002,제일일렉트릭,KOSDAQ,7410,-120,-1.59,7470,7500,7280,60206,442427065,22220000,164650200000
20260901,200130,KR7200130003,콜마비앤에이치,KOSDAQ,9080,-350,-3.71,9440,9630,9020,89349,821872380,29415558,267093266640
20260901,200230,KR7200230001,텔콘RF제약,KOSDAQ,2270,-15,-.66,2295,2295,2200,10058,22456255,9482269,21524750630
20260901,200350,KR7200350007,아티스트스튜디오,KOSDAQ,2445,-65,-2.59,2430,2500,2375,18678,45280940,9996025,24440281125
20260901,200470,KR7200470003,에이팩트,KOSDAQ,5940,-160,-2.62,6100,6100,5830,274239,1629668810,43823556,260311922640
20260901,200580,KR7200580009,메디쎄이,KONEX,10640,-50,-.47,10120,10640,10100,162,1637450,3726079,39645480560
20260901,200670,KR7200670008,휴메딕스,KOSDAQ,26600,450,1.72,26200,26650,25900,25844,678378375,11229930,298716138000
20260901,200710,KR7200710002,에이디테크놀로지,KOSDAQ,24650,-650,-2.57,25300,25300,24250,73794,1809552150,13462007,331838472550
20260901,200780,KR7200780005,비씨월드제약,KOSDAQ,3110,80,2.64,3030,3130,3015,17161,52611785,10665661,33170205710
20260901,200880,KR7200880003,서연이화,KOSPI,12140,-120,-.98,12140,12310,12050,32935,399731350,27028437,328125225180
20260901,201490,KR7201490000,미투온,KOSDAQ,2510,0,0,2560,2605,2460,456760,1150559907,32723726,82136552260
20260901,202960,KR7202960001,판도라티비,KONEX,358,13,3.77,370,370,311,165,59536,11915582,4265778356
20260901,203400,KR7203400007,에이비온,KOSDAQ,676,0,0,0,0,0,0,0,90101304,60908481504
20260901,203450,KR7203450002,유니온바이오메트릭스,KOSDAQ,2515,0,0,2515,2595,2450,7631,19115915,14079007,35408702605
20260901,203650,KR7203650007,드림시큐리티,KOSDAQ,2070,-55,-2.59,2130,2165,2050,597814,1254769889,101704484,210528281880
20260901,204020,KR7204020002,그리티,KOSDAQ,1870,8,.43,1857,1889,1854,19813,37218847,19450832,36373055840
20260901,204270,KR7204270003,제이앤티씨,KOSDAQ,19840,-160,-.8,19810,20450,19650,259882,5194835180,57848466,1147713565440
20260901,204320,KR7204320006,HL만도,KOSPI,50300,-1500,-2.9,51800,52600,49800,229660,11567140175,46957120,2361943136000
20260901,204610,KR7204610000,티쓰리,KOSDAQ,3295,-80,-2.37,3375,3445,3295,60784,201844191,55726220,183617894900
20260901,204620,KR7204620009,글로벌텍스프리,KOSDAQ,5860,120,2.09,5810,5890,5480,1097651,6243960435,70283330,411860313800
20260901,204840,KR7204840003,지엘팜텍,KOSDAQ,4800,-10,-.21,4810,4955,4735,18358,87521000,15509801,74447044800
20260901,205100,KR7205100001,엑셈,KOSDAQ,1380,10,.73,1370,1408,1360,206008,284617635,67539374,93204336120
20260901,205470,KR7205470008,휴마시스,KOSDAQ,3100,110,3.68,2960,3100,2955,76188,231049702,24675001,76492503100
20260901,205500,KR7205500002,넥써쓰,KOSDAQ,1838,-7,-.38,1847,1848,1753,93097,168969600,81385045,149585712710
20260901,206400,KR7206400004,베노티앤알,KOSDAQ,938,11,1.19,977,977,901,13269,12346400,37510158,35184528204
20260901,206560,KR7206560005,덱스터,KOSDAQ,930,11,1.2,919,960,919,43291,40426679,25411736,23632914480
20260901,206640,KR7206640005,바디텍메드,KOSDAQ,10080,-50,-.49,10140,10150,10000,16043,161414550,21907921,220831843680
20260901,206650,KR7206650004,유바이오로직스,KOSDAQ,9290,180,1.98,9030,9330,8970,142335,1304395045,36752307,341428932030
20260901,206950,KR7206950008,볼빅,KONEX,1778,179,11.19,1778,1778,1778,1,1778,14077265,25029377170
20260901,207490,KR7207490004,에이펙스인텍,KONEX,6600,0,0,0,0,0,0,0,3600000,23760000000
20260901,207760,KR7207760000,미스터블루,KOSDAQ,384,0,0,0,0,0,0,0,83079783,31902636672
20260901,207940,KR7207940008,삼성바이오로직스,KOSPI,1520000,2000,.13,1500000,1520000,1497000,29197,44074112000,46290951,70362245520000
20260901,208140,KR7208140004,정다운,KOSDAQ,2300,5,.22,2290,2310,2285,6964,15987760,32684246,75173765800
20260901,208350,KR7208350009,지란지교시큐리티,KOSDAQ,3020,-35,-1.15,3020,3080,2965,5795,17498030,8101570,24466741400
20260901,208370,KR7208370007,셀바스헬스케어,KOSDAQ,2555,85,3.44,2470,2700,2440,204631,522988971,25740564,65767141020
20260901,208640,KR7208640003,썸에이지,KOSDAQ,668,7,1.06,651,671,651,72289,47850019,13924025,9301248700
20260901,208710,KR7208710004,포톤,KOSDAQ,2620,-75,-2.78,2670,2750,2605,31863,84724094,13180132,34531945840
20260901,208850,KR7208850008,이비테크,KONEX,4500,-200,-4.26,4600,4700,4210,670,2966000,2820250,12691125000
20260901,208860,KR7208860007,다산디엠씨,KOSDAQ,1303,-9,-.69,1312,1313,1230,83232,107635886,33949973,44236814819
20260901,208890,KR7208890004,미래엔에듀파트너,KONEX,903,0,0,0,0,0,0,0,4005520,3616984560
20260901,209640,KR7209640002,와이제이링크,KOSDAQ,3120,-30,-.95,3110,3170,3085,57645,179864305,28443146,88742615520
20260901,210120,KR7210120002,캔버스엔,KOSDAQ,1824,-89,-4.65,2095,2200,1750,2198339,4212007910,9694991,17683663584
20260901,210540,KR7210540001,디와이파워,KOSPI,11530,-60,-.52,11590,11680,11420,38200,439581440,11041708,127310893240
20260901,210980,KR7210980009,SK디앤디,KOSPI,3650,840,29.89,3020,3650,3015,1185074,4249344922,18617382,67953444300
20260901,211050,KR7211050000,인카금융서비스,KOSDAQ,11310,560,5.21,10660,11380,10650,166565,1825176625,49263657,557171960670
20260901,211270,KR7211270004,AP위성,KOSDAQ,8090,-180,-2.18,8280,8450,7980,30329,244541920,15082304,122015839360
20260901,212310,KR7212310007,오건에코텍,KONEX,635,0,0,0,0,0,0,0,11834115,7514663025
20260901,212560,KR7212560007,네오오토,KOSDAQ,8960,-80,-.88,9040,9050,8690,109222,959647445,13486348,120837678080
20260901,212710,KR7212710008,아이에스티이,KOSDAQ,7600,130,1.74,7660,7660,7350,38307,287606280,9714978,73833832800
20260901,213420,KR7213420003,덕산네오룩스,KOSDAQ,33900,-350,-1.02,34300,34600,33400,102136,3466261925,24831179,841776968100
20260901,213500,KR7213500002,한솔제지,KOSPI,7580,-80,-1.04,7650,7710,7550,27553,209795260,23800576,180408366080
20260901,214150,KR7214150005,클래시스,KOSDAQ,32850,-1000,-2.95,33600,34100,32500,211371,6990323425,65235659,2142991398150
20260901,214180,KR7214180002,헥토이노베이션,KOSDAQ,14920,250,1.7,14860,15120,14650,31048,461226450,12993367,193861035640
20260901,214260,KR7214260002,라파스,KOSDAQ,8250,30,.36,7920,8750,7920,97795,823089660,8922463,73610319750
20260901,214270,KR7214270001,FSN,KOSDAQ,1330,8,.61,1322,1338,1300,42316,55708389,45251636,60184675880
20260901,214320,KR7214320004,이노션,KOSPI,19030,-150,-.78,19210,19270,18940,50898,969860670,40000000,761200000000
20260901,214330,KR7214330003,금호에이치티,KOSPI,6260,-240,-3.69,6520,6690,6180,158253,1006936405,10456929,65460375540
20260901,214370,KR7214370009,케어젠,KOSDAQ,50600,-1000,-1.94,50700,51500,49650,57025,2864244125,53715000,2717979000000
20260901,214390,KR7214390007,경보제약,KOSPI,5520,70,1.28,5350,5540,5350,58576,319016010,23906860,131965867200
20260901,214420,KR7214420002,토니모리,KOSPI,5550,-90,-1.6,5640,5670,5400,86088,474273125,24054799,133504134450
20260901,214430,KR7214430001,아이쓰리시스템,KOSDAQ,59900,-100,-.17,58500,59900,57500,16585,971745900,7307215,437702178500
20260901,214450,KR7214450009,파마리서치,KOSDAQ,414000,-12000,-2.82,420500,423000,400000,149954,61626175000,10389648,4301314272000
20260901,214610,KR7214610008,롤링스톤,KOSDAQ,2290,0,0,0,0,0,0,0,8383322,19197807380
20260901,214680,KR7214680001,디알텍,KOSDAQ,960,0,0,0,0,0,0,0,83477056,80137973760
20260901,215000,KR7215000001,골프존,KOSDAQ,36200,0,0,36150,36350,35500,19700,707250750,6275415,227170023000
20260901,215090,KR7215090002,솔디펜스,KOSDAQ,1315,-16,-1.2,1362,1362,1297,55144,72375961,23155661,30449694215
20260901,215100,KR7215100009,로보로보,KOSDAQ,4095,-50,-1.21,4145,4200,4045,44935,184184025,20348454,83326919130
20260901,215200,KR7215200007,메가스터디교육,KOSDAQ,35800,-200,-.56,35900,36300,35700,25337,909197775,10365216,371074732800
20260901,215360,KR7215360009,우리산업,KOSDAQ,6500,-10,-.15,6510,6570,6400,8256,53295890,9132163,59359059500
20260901,215380,KR7215380007,콜마바이오텍,KOSDAQ,2190,0,0,2140,2205,2140,6785,14720190,16829576,36856771440
20260901,215480,KR7215480005,토박스코리아,KOSDAQ,1929,-43,-2.18,2050,2050,1925,11237,21992813,10740000,20717460000
20260901,215570,KR7215570003,크로넥스,KONEX,697,-1,-.14,699,699,697,2,1396,6660151,4642125247
20260901,215600,KR7215600008,신라젠,KOSDAQ,2480,-95,-3.69,2575,2580,2440,1287783,3194775925,138553564,343612838720
20260901,215790,KR7215790007,이노인스트루먼트,KOSDAQ,660,-14,-2.08,675,676,642,436302,284495294,40283149,26586878340
20260901,216050,KR7216050005,인크로스,KOSDAQ,5260,20,.38,5230,5270,5200,6692,35008550,12198622,64164751720
20260901,216080,KR7216080002,제테마,KOSDAQ,5080,395,8.43,4635,5180,4620,226026,1112576384,37287099,189418462920
20260901,216400,KR7216400002,인바이츠바이오코아,KONEX,1757,97,5.84,1696,1795,1411,966,1608312,7711315,13548780455
20260901,217190,KR7217190008,제너셈,KOSDAQ,6310,-40,-.63,6380,6450,6150,64303,403997685,13153761,83000231910
20260901,217270,KR7217270008,넵튠,KOSDAQ,2475,30,1.23,2445,2500,2445,9552,23651940,46735643,115670716425
20260901,217320,KR7217320001,썬테크,KONEX,8000,0,0,0,0,0,0,0,1050000,8400000000
20260901,217330,KR7217330000,싸이토젠,KOSDAQ,3145,0,0,3145,3160,3055,50427,156290055,23129547,72742425315
20260901,217480,KR7217480003,에스디생명공학,KOSDAQ,499,0,0,0,0,0,0,0,109733141,54756837359
20260901,217500,KR7217500008,러셀,KOSDAQ,1580,-26,-1.62,1606,1606,1560,42063,66169141,31812000,50262960000
20260901,217590,KR7217590009,티엠씨,KOSPI,10990,-290,-2.57,11220,11220,10800,215761,2347956965,24094225,264795532750
20260901,217730,KR7217730001,강스템바이오텍,KOSDAQ,2285,-110,-4.59,2395,2395,2260,283091,649829873,94054149,214913730465
20260901,217820,KR7217820000,원익피앤이,KOSDAQ,2020,-50,-2.42,2060,2060,1987,132221,265438378,47454559,95858209180
20260901,217880,KR7217880004,틸론,KONEX,1064,-12,-1.12,1140,1140,1031,5039,5265379,10727290,11413836560
20260901,217910,KR7217910009,에스제이켐,KONEX,289,-9,-3.02,300,300,254,619,175041,13990522,4043260858
20260901,217950,KR7217950005,파마리서치바이오,KONEX,31800,-100,-.31,31850,31850,31500,25,792700,4183240,133027032000
20260901,218150,KR7218150001,미래생명자원,KOSDAQ,2120,0,0,2140,2175,2095,153459,326298676,20415802,43281500240
20260901,218410,KR7218410009,RFHIC,KOSDAQ,45000,-1900,-4.05,46300,46450,44150,235712,10578409775,26575442,1195894890000
20260901,219130,KR7219130002,타이거일렉,KOSDAQ,62800,-500,-.79,62200,63500,61500,26651,1666008750,6314290,396537412000
20260901,219420,KR7219420007,링크제니시스,KOSDAQ,3340,-5,-.15,3345,3440,3295,20037,66854290,11469507,38308153380
20260901,219550,KR7219550001,디와이디,KOSDAQ,1212,-11,-.9,1290,1290,1180,20785,25104199,41379210,50151602520
20260901,219750,KR7219750007,한국비티비,KOSDAQ,1645,30,1.86,1616,1651,1582,1144,1858639,13085377,21525445165
20260901,220100,KR7220100002,퓨쳐켐,KOSDAQ,8240,370,4.7,7860,8320,7760,166695,1343721020,22427420,184801940800
20260901,220180,KR7220180004,폴라리스AI핸디,KOSDAQ,1422,2,.14,1420,1434,1405,4278,6057752,23930842,34029657324
20260901,220260,KR7220260004,켐트로스,KOSDAQ,3930,10,.26,3920,3970,3865,59766,233726539,32072055,126043176150
20260901,221800,KR7221800006,지구홀딩스,KOSDAQ,4235,-395,-8.53,4560,4595,4020,203327,866037841,16318851,69110333985
20260901,221840,KR7221840002,하이즈항공,KOSDAQ,2030,-55,-2.64,2060,2060,2000,19078,38294945,18700561,37962138830
20260901,221980,KR7221980006,케이디켐,KOSDAQ,9250,-10,-.11,9260,9450,9100,2659,24357580,4034800,37321900000
20260901,222040,KR7222040008,코스맥스엔비티,KOSDAQ,8620,-580,-6.3,9270,9310,8350,459962,4011773595,20628000,177813360000
20260901,222080,KR7222080004,SFA넥셀,KOSDAQ,7950,-130,-1.61,8040,8380,7880,698416,5650904740,77780144,618352144800
20260901,222110,KR7222110009,팬젠,KOSDAQ,4995,15,.3,4975,5050,4850,5007,24885975,13514509,67504972455
20260901,222420,KR7222420002,쎄노텍,KOSDAQ,844,-1,-.12,859,870,837,92376,78376166,48418523,40865233412
20260901,222670,KR7222670002,플럼라인생명과학,KONEX,4635,0,0,0,0,0,0,0,4032932,18692639820
20260901,222800,KR7222800005,심텍,KOSDAQ,125600,-3700,-2.86,127500,128700,124100,491577,62247354750,37974228,4769563036800
20260901,222980,KR7222980005,한국맥널티,KOSDAQ,2220,45,2.07,2185,2220,2185,10278,22680005,11031483,24489892260
20260901,223220,KR7223220005,로지스몬,KONEX,169,0,0,178,178,147,7553,1155724,8554378,1445689882
20260901,223250,KR7223250002,드림씨아이에스,KOSDAQ,3410,0,0,3390,3445,3315,27279,91576995,24600444,83887514040
20260901,223310,KR7223310004,사토시홀딩스,KOSDAQ,3510,-130,-3.57,3730,4055,3325,1111379,4003750428,5204642,18268293420
20260901,224060,KR7224060004,더코디,KOSDAQ,3940,70,1.81,3900,3945,3800,17811,68751360,5160722,20333244680
20260901,224110,KR7224110007,에이텍모빌리티,KOSDAQ,8860,-70,-.78,8870,8910,8830,11151,98704920,5080386,45012219960
20260901,224760,KR7224760009,엔에스컴퍼니,KONEX,2535,0,0,0,0,0,0,0,3939700,9987139500
20260901,224810,KR7224810002,엄지하우스,KONEX,1730,215,14.19,1682,1739,1611,5,8445,4200000,7266000000
20260901,225190,KR7225190008,LK삼양,KOSDAQ,980,-30,-2.97,1159,1240,975,20330164,23068523368,70468440,69059071200
20260901,225220,KR7225220003,제놀루션,KOSDAQ,1383,8,.58,1375,1387,1348,14681,20064186,19190021,26539799043
20260901,225430,KR7225430008,케이엠제약,KOSDAQ,1330,-59,-4.25,1389,1389,1251,70931,92161990,6485675,8625947750
20260901,225530,KR7225530005,HC보광산업,KOSDAQ,2075,10,.48,2095,2095,2045,10820,22268535,36338727,75402858525
20260901,225570,KR7225570001,넥슨게임즈,KOSDAQ,11500,420,3.79,10970,11550,10940,183505,2092985530,65860174,757392001000
20260901,225590,KR7225590009,패션플랫폼,KOSDAQ,3255,10,.31,3170,3300,3150,26719,85922650,5121376,16670078880
20260901,226320,KR7226320000,잇츠한불,KOSPI,11200,20,.18,11140,11350,11020,49901,559615220,21929315,245608328000
20260901,226330,KR7226330009,신테카바이오,KOSDAQ,1234,-121,-8.93,1356,1392,1155,337410,416289368,24258475,29934958150
20260901,226340,KR7226340008,본느,KOSDAQ,6680,80,1.21,6340,7700,6030,2938668,19910545865,8390484,56048433120
20260901,226400,KR7226400000,오스테오닉,KOSDAQ,4350,-10,-.23,4400,4400,4230,52621,226252523,20661601,89877964350
20260901,226590,KR7226590008,엠디바이스,KOSDAQ,12490,-110,-.87,12370,12990,12160,57476,711731130,10716784,133852632160
20260901,226950,KR7226950004,올릭스,KOSDAQ,105500,2100,2.03,101400,107100,100000,190408,19785074550,21062850,2222130675000
20260901,227420,KR7227420007,도부,KONEX,700,-71,-9.21,884,884,700,8,5784,38044510,26631157000
20260901,227610,KR7227610003,아우딘퓨쳐스,KOSDAQ,1160,-61,-5,1220,1230,1120,87408,102849565,19374571,22474502360
20260901,227840,KR7227840006,현대코퍼레이션홀딩스,KOSPI,13070,-60,-.46,13190,13220,13030,3984,52241070,9100836,118947926520
20260901,227950,KR7227950003,엔투텍,KOSDAQ,1308,-32,-2.39,1340,1343,1291,98056,128420752,34508209,45136737372
20260901,228340,KR7228340006,동양파일,KOSDAQ,2990,-115,-3.7,3190,3345,2930,1765563,5538112591,20000000,59800000000
20260901,228670,KR7228670006,레이,KOSDAQ,4875,200,4.28,4680,4915,4637,90817,438837132,15640021,76245102375
20260901,228760,KR7228760005,지노믹트리,KOSDAQ,11180,-110,-.97,11440,11440,10970,119697,1331048000,24859202,277925878360
20260901,228850,KR7228850004,레이언스,KOSDAQ,7160,-160,-2.19,7220,7280,6960,47220,333880735,16591014,118791660240
20260901,229000,KR7229000005,젠큐릭스,KOSDAQ,1900,-80,-4.04,1926,1971,1885,90394,172432586,23428165,44513513500
20260901,229500,KR7229500004,노브메타파마,KONEX,4470,0,0,4475,4485,4270,1804,7872825,12990487,58067476890
20260901,229640,KR7229640008,LS에코에너지,KOSPI,47250,1150,2.49,46600,47350,45150,64668,3011859750,30624879,1447025532750
20260901,230240,KR7230240004,에치에프알,KOSDAQ,12380,-510,-3.96,12970,12970,12250,120735,1496858990,13309000,164765420000
20260901,232140,KR7232140004,와이씨,KOSDAQ,11170,360,3.33,10820,11290,10820,1618025,17888225285,82045350,916446559500
20260901,232530,KR7232530006,이엠티,KONEX,10100,-390,-3.72,10010,10900,9800,221,2214360,25614304,258704470400
20260901,232680,KR7232680009,라온로보틱스,KOSDAQ,9320,-160,-1.69,9480,9520,9140,78965,730397660,13257500,123559900000
20260901,232830,KR7232830000,아이티센피엔에스,KOSDAQ,1832,-68,-3.58,1998,1998,1819,16833,31493040,16533726,30289786032
20260901,233250,KR7233250000,메디안디노스틱,KONEX,5000,0,0,0,0,0,0,0,1746534,8732670000
20260901,233990,KR7233990001,질경이,KONEX,1160,-30,-2.52,1364,1364,1160,516,609735,16128534,18709099440
20260901,234030,KR7234030005,싸이닉솔루션,KOSDAQ,3040,-50,-1.62,3060,3110,2990,26388,79993550,23605000,71759200000
20260901,234070,KR7234070001,에이원큐브텍,KONEX,923,-1,-.11,924,924,800,12,10954,6960703,6424728869
20260901,234080,KR7234080000,JW생명과학,KOSPI,11390,-10,-.09,11410,11415,11290,18381,208777305,15834554,180355570060
20260901,234100,KR7234100006,폴라리스세원,KOSDAQ,2860,40,1.42,2745,2890,2745,7048,19943825,14601636,41760678960
20260901,234300,KR7234300002,에스트래픽,KOSDAQ,3000,250,9.09,2775,3000,2775,243900,712028940,27207780,81623340000
20260901,234340,KR7234340008,헥토파이낸셜,KOSDAQ,23700,1150,5.1,23500,24600,23050,1135026,26883749000,13970656,331104547200
20260901,234690,KR7234690006,녹십자웰빙,KOSDAQ,9240,-70,-.75,9310,9390,9150,37906,350094025,17963290,165980799600
20260901,234920,KR7234920007,자이글,KOSDAQ,5310,0,0,0,0,0,0,0,13530910,71849132100
20260901,235980,KR7235980000,메드팩토,KOSDAQ,2850,65,2.33,2685,2885,2685,101680,283848751,34275121,97684094850
20260901,236030,KR7236030003,씨알푸드,KONEX,3100,-100,-3.13,2900,3300,2900,22,67400,2033332,6303329200
20260901,236200,KR7236200002,슈프리마,KOSDAQ,55500,-700,-1.25,56300,56300,55000,12303,682364600,6974311,387074260500
20260901,236340,KR7236340006,메디젠휴먼케어,KONEX,1700,-100,-5.56,1900,1900,1700,81,140098,3014647,5124899900
20260901,236810,KR7236810008,엔비티,KOSDAQ,1635,-4,-.24,1650,1650,1570,13022,21131693,16975426,27754821510
20260901,237690,KR7237690003,에스티팜,KOSDAQ,103000,-2200,-2.09,103700,105500,101800,76369,7855159650,20876638,2150293714000
20260901,237750,KR7237750005,피앤씨테크,KOSDAQ,3565,-35,-.97,3600,3620,3525,2665,9548090,6496600,23160379000
20260901,237820,KR7237820006,플레이디,KOSDAQ,2375,0,0,2375,2400,2340,33783,79767581,12827140,30464457500
20260901,237880,KR7237880000,클리오,KOSDAQ,13240,-160,-1.19,13400,13550,13000,84886,1119406690,18071353,239264713720
20260901,238090,KR7238090005,앤디포스,KOSDAQ,1782,12,.68,1775,1783,1680,15344,26791042,30490440,54333964080
20260901,238120,KR7238120000,얼라인드,KOSDAQ,2965,-75,-2.47,2995,2995,2905,13743,40444240,14218274,42157182410
20260901,238200,KR7238200000,비피도,KOSDAQ,2790,0,0,2790,2790,2735,6240,17345225,8180000,22822200000
20260901,238490,KR7238490007,힘스,KOSDAQ,2345,25,1.08,2320,2400,2265,7714,17829195,11312236,26527193420
20260901,238500,KR7238500003,솔루믹스,KONEX,475,0,0,0,0,0,0,0,20807304,9883469400
20260901,238540,KR7238540009,나노솔루션,KONEX,103800,0,0,0,0,0,0,0,1117640,116011032000
20260901,239340,KR7239340003,이스트에이드,KOSDAQ,504,0,0,0,0,0,0,0,26979634,13597735536
20260901,239610,KR7239610009,에이치엘사이언스,KOSDAQ,5320,-60,-1.12,5380,5440,5230,1399,7521330,5392115,28686051800
20260901,239890,KR7239890007,피엔에이치테크,KOSDAQ,3400,-10,-.29,3370,3445,3350,2237,7604630,9935755,33781567000
20260901,240550,KR7240550004,동방메디컬,KOSDAQ,5910,-70,-1.17,5960,6000,5840,25892,152896580,20933940,123719585400
20260901,240600,KR7240600007,유진테크놀로지,KOSDAQ,1773,32,1.84,1741,1773,1704,13452,23249533,8299410,14714853930
20260901,240810,KR7240810002,원익IPS,KOSDAQ,110000,-1500,-1.35,110400,111500,108000,345292,37865666700,49083901,5399229110000
20260901,241520,KR7241520006,DSC인베스트먼트,KOSDAQ,8090,-290,-3.46,8280,8300,8050,115211,936072945,26600000,215194000000
20260901,241560,KR7241560002,두산밥캣,KOSPI,62100,-200,-.32,62300,62800,61800,344756,21426066450,95856065,5952661636500
20260901,241590,KR7241590009,화승엔터프라이즈,KOSPI,2995,10,.34,2980,3015,2925,13404,39665120,60589276,181464881620
20260901,241690,KR7241690007,유니테크노,KOSDAQ,2720,80,3.03,2700,2720,2605,20683,54953755,24470706,66560320320
20260901,241710,KR7241710003,코스메카코리아,KOSDAQ,141200,-8600,-5.74,149200,151100,136300,133074,18688050400,10680000,1508016000000
20260901,241770,KR7241770007,메카로,KOSDAQ,38650,800,2.11,37850,38900,36750,15000,568034300,10192640,393945536000
20260901,241790,KR7241790005,티이엠씨씨엔에스,KOSDAQ,5960,-50,-.83,6090,6090,5900,27784,165389985,10002634,59615698640
20260901,241820,KR7241820000,피씨엘,KOSDAQ,6040,0,0,0,0,0,0,0,2782098,16803871920
20260901,241840,KR7241840008,에이스토리,KOSDAQ,2475,40,1.64,2405,2500,2405,18750,45935735,9539994,23611485150
20260901,242040,KR7242040004,나무에이엑스,KOSDAQ,3130,-40,-1.26,3170,3170,3055,183259,565989292,34606264,108317606320
20260901,243070,KR7243070000,휴온스,KOSDAQ,21550,150,.7,21400,21550,21050,59049,1256616825,11979665,258161780750
20260901,243840,KR7243840006,신흥에스이씨,KOSDAQ,6100,-30,-.49,6180,6370,5970,323769,1990669105,38558235,235205233500
20260901,243870,KR7243870003,아이티센코어,KONEX,9000,-290,-3.12,9000,9000,8400,93,816110,2892631,26033679000
20260901,244460,KR7244460002,올리패스,KOSDAQ,1651,0,0,0,0,0,0,0,8125511,13415218661
20260901,244880,KR7244880001,나눔테크,KONEX,1899,103,5.73,1798,1899,1798,18,32489,5020000,9532980000
20260901,244920,KR7244920005,에이플러스에셋,KOSPI,13360,490,3.81,12870,13430,12870,27593,366746120,22607693,302038778480
20260901,245450,KR7245450002,씨앤에스링크,KONEX,1899,-101,-5.05,1800,1899,1700,62,106798,1579960,3000344040
20260901,245620,KR7245620000,EDGC,KOSDAQ,741,0,0,0,0,0,0,0,225531114,167118555474
20260901,246250,KR7246250005,에스엘에스바이오,KOSDAQ,1969,0,0,0,0,0,0,0,15348206,30220617614
20260901,246690,KR7246690002,TS인베스트먼트,KOSDAQ,2215,-100,-4.32,2315,2315,2140,140125,306584178,23778174,52668655410
20260901,246710,KR7246710008,티앤알바이오팹,KOSDAQ,2275,10,.44,2280,2300,2220,120157,270953690,47664504,108436746600
20260901,246720,KR7246720007,아스타,KOSDAQ,6070,0,0,0,0,0,0,0,16381300,99434491000
20260901,246960,KR7246960009,SCL사이언스,KOSDAQ,2360,60,2.61,2350,2385,2280,48541,113370882,34017047,80280230920
20260901,247540,KR7247540008,에코프로비엠,KOSDAQ,116200,-4600,-3.81,120700,120800,114300,449931,52793466450,97830434,11367896430800
20260901,247660,KR7247660004,나노씨엠에스,KOSDAQ,3765,435,13.06,3430,3795,3310,38869,137514378,4343920,16354858800
20260901,248070,KR7248070005,솔루엠,KOSPI,13460,70,.52,13400,13460,13130,52986,705990410,47816236,643606536560
20260901,248170,KR7248170003,샘표식품,KOSPI,23500,50,.21,23450,23950,23200,8019,189299300,4568286,107354721000
20260901,249420,KR7249420001,일동제약,KOSPI,14500,-270,-1.83,14600,14750,14400,104982,1522824150,31638252,458754654000
20260901,250000,KR7250000007,보라티알,KOSDAQ,5900,-70,-1.17,5970,6000,5810,4165,24569360,6750733,39829324700
20260901,250030,KR7250030004,진코스텍,KONEX,20150,-500,-2.42,20850,20850,19850,3335,67338850,2891933,58272449950
20260901,250060,KR7250060001,모비스,KOSDAQ,2990,-40,-1.32,3070,3070,2765,232871,686267678,32171314,96192228860
20260901,250930,KR7250930005,예선테크,KOSDAQ,1869,38,2.08,1795,1869,1795,8317,15275908,6600088,12335564472
20260901,251120,KR7251120002,바이오에프디엔씨,KOSDAQ,9050,10,.11,9040,9050,8870,3472,31206470,8695700,78696085000
20260901,251270,KR7251270005,넷마블,KOSPI,38800,1100,2.92,38200,38950,37800,163875,6299629050,83158425,3226546890000
20260901,251280,KR7251280004,안지오랩,KONEX,2600,100,4,2595,2600,2400,1206,2997760,3491870,9078862000
20260901,251370,KR7251370003,와이엠티,KOSDAQ,7800,-430,-5.22,8230,8230,7520,227015,1748180815,18013213,140503061400
20260901,251630,KR7251630000,브이원텍,KOSDAQ,3570,60,1.71,3450,3570,3425,10770,37518455,15942886,56916103020
20260901,251970,KR7251970000,펌텍코리아,KOSDAQ,58200,-800,-1.36,58500,59900,56700,49507,2864135200,12400000,721680000000
20260901,252500,KR7252500004,세화피앤씨,KOSDAQ,2340,-155,-6.21,2490,3240,2305,743646,2151496829,8297278,19415630520
20260901,252990,KR7252990007,샘씨엔에스,KOSDAQ,12890,-10,-.08,12750,13550,12390,580820,7554104780,60217889,776208589210
20260901,253450,KR7253450001,스튜디오드래곤,KOSDAQ,22200,-200,-.89,22050,22950,22050,46836,1049822525,30058498,667298655600
20260901,253590,KR7253590004,네오셈,KOSDAQ,10750,100,.94,10550,10900,10410,193371,2056393380,43869164,471593513000
20260901,253610,KR7253610000,루트락,KONEX,590,-20,-3.28,690,690,520,3244,1706960,10258071,6052261890
20260901,253840,KR7253840003,수젠텍,KOSDAQ,4350,-95,-2.14,4430,4440,4300,277887,1209235680,16743200,72832920000
20260901,254120,KR7254120009,자비스,KOSDAQ,1053,9,.86,1044,1059,1022,87277,90976968,30754270,32384246310
20260901,254160,KR7254160005,제이엠멀티,KONEX,3400,5,.15,3400,3400,3400,2,6800,5160000,17544000000
20260901,254490,KR7254490006,미래반도체,KOSDAQ,15650,-160,-1.01,15660,15940,15520,34502,540056160,14438000,225954700000
20260901,255220,KR7255220006,SG,KOSDAQ,1076,-140,-11.51,1210,1214,1048,4402193,4825579049,109563302,117890112952
20260901,255440,KR7255440000,야스,KOSDAQ,7350,-80,-1.08,7430,7590,7300,52092,384307080,13058000,95976300000
20260901,256150,KR7256150004,한독크린텍,KOSDAQ,4850,30,.62,4900,4900,4760,1264,6116345,8395000,40715750000
20260901,256630,KR7256630005,포인트엔지니어링,KOSDAQ,4380,-20,-.45,4395,4440,4365,842,3693160,11599414,50805433320
20260901,256840,KR7256840000,한국비엔씨,KOSDAQ,2785,135,5.09,2640,2935,2615,2984382,8323115985,68394886,190479757510
20260901,256940,KR7256940008,킵스파마,KOSDAQ,5540,-70,-1.25,5610,5610,5400,18470,101028380,20078147,111232934380
20260901,257370,KR7257370007,피엔티엠에스,KOSDAQ,1846,-105,-5.38,1939,1954,1766,61445,111678584,12504861,23083973406
20260901,257720,KR7257720003,실리콘투,KOSDAQ,51900,-2300,-4.24,54000,55900,51400,1246999,65751138850,65576252,3403407478800
20260901,258050,KR7258050004,테크트랜스,KONEX,449,0,0,0,0,0,0,0,11145949,5004531101
20260901,258610,KR7258610005,케일럼,KOSDAQ,1182,-3,-.25,1215,1215,1167,19355,22811621,36485063,43125344466
20260901,258790,KR7258790005,소프트캠프,KOSDAQ,5100,355,7.48,4990,5700,4790,153827,805232838,4998256,25491105600
20260901,258830,KR7258830009,세종메디칼,KOSDAQ,412,0,0,0,0,0,0,0,75786351,31223976612
20260901,259630,KR7259630002,엠플러스,KOSDAQ,9460,60,.64,9400,9810,9310,76114,729848565,12222396,115623866160
20260901,259960,KR7259960003,크래프톤,KOSPI,231000,4000,1.76,223000,232500,222500,66772,15374176750,45747943,10567774833000
20260901,260660,KR7260660006,알리코제약,KOSDAQ,2500,110,4.6,2325,2645,2325,315447,800707160,15327021,38317552500
20260901,260870,KR7260870001,SK시그넷,KONEX,8120,-10,-.12,8120,8150,8120,1134,9208170,22780385,184976726200
20260901,260930,KR7260930003,씨티케이,KOSDAQ,2720,20,.74,2700,2720,2590,11879,31768200,19341591,52609127520
20260901,260970,KR7260970009,에스앤디,KOSDAQ,55800,-2400,-4.12,58400,59100,55300,20468,1148284400,2892754,161415673200
20260901,261200,KR7261200000,덴티스,KOSDAQ,2560,70,2.81,2610,2610,2490,11924,30277315,15809700,40472832000
20260901,261520,KR7261520001,이지스,KOSDAQ,4550,330,7.82,5480,5480,4550,1620546,8485546855,10277800,46763990000
20260901,261780,KR7261780001,아리바이오랩,KOSDAQ,2520,30,1.2,2490,2545,2435,97703,242667490,28955976,72969059520
20260901,262260,KR7262260003,에이프로,KOSDAQ,3680,90,2.51,3600,3690,3485,18773,66817240,15077660,55485788800
20260901,262840,KR7262840002,아이퀘스트,KOSDAQ,2760,0,0,2730,2800,2730,3474,9550250,10566952,29164787520
20260901,263020,KR7263020000,디케이앤디,KOSDAQ,3175,55,1.76,3080,3195,3080,51014,160525020,13836146,43929763550
20260901,263050,KR7263050007,유틸렉스,KOSDAQ,959,0,0,0,0,0,0,0,36834856,35324626904
20260901,263600,KR7263600009,덕우전자,KOSDAQ,3685,15,.41,3580,3695,3580,9677,35264745,15930310,58703192350
20260901,263690,KR7263690000,디알젬,KOSDAQ,5110,10,.2,5100,5120,5000,9259,46916455,11325610,57873867100
20260901,263700,KR7263700007,케어랩스,KOSDAQ,1942,40,2.1,1902,1948,1901,5696,10992432,19414200,37702376400
20260901,263720,KR7263720005,디앤씨미디어,KOSDAQ,7150,-20,-.28,7160,7270,7040,10591,75627910,12412591,88750025650
20260901,263750,KR7263750002,펄어비스,KOSDAQ,31350,-250,-.79,31450,31800,31150,202465,6351354400,62843910,1970156578500
20260901,263770,KR7263770000,유에스티,KOSDAQ,1631,-3,-.18,1610,1633,1597,2821,4533619,23700172,38654980532
20260901,263800,KR7263800005,데이타솔루션,KOSDAQ,4745,-65,-1.35,4770,4780,4660,129571,608969740,16225380,76989428100
20260901,263810,KR7263810004,상신전자,KOSDAQ,2535,-65,-2.5,2595,2595,2530,6324,16145680,15924825,40369431375
20260901,263860,KR7263860009,지니언스,KOSDAQ,17600,720,4.27,17100,17600,16300,111943,1916930470,9079600,159800960000
20260901,263920,KR7263920001,휴엠앤씨,KOSDAQ,3355,-15,-.45,3415,3415,3350,3067,10308896,9809026,32909282230
20260901,264450,KR7264450008,유비쿼스,KOSDAQ,10450,-220,-2.06,10590,10640,10350,29101,304019745,14665493,153254401850
20260901,264660,KR7264660002,씨앤지하이테크,KOSDAQ,13370,-120,-.89,13250,13500,13110,9162,121548480,9721172,129972069640
20260901,264850,KR7264850009,이랜시스,KOSDAQ,5700,10,.18,5710,5790,5600,172818,983811360,30294612,172679288400
20260901,264900,KR7264900002,크라운제과,KOSPI,8150,-10,-.12,8160,8210,8090,20036,162381580,12523850,102069377500
20260901,26490K,KR726490K013,크라운제과우,KOSPI,7790,40,.52,7850,7920,7730,38,298230,773560,6026032400
20260901,265520,KR7265520007,AP시스템,KOSDAQ,19230,-50,-.26,19260,19370,18930,31450,601865570,15050821,289427287830
20260901,265560,KR7265560003,영화테크,KOSDAQ,7050,-40,-.56,7090,7090,7000,6636,46742950,10690180,75365769000
20260901,265740,KR7265740001,엔에프씨,KOSDAQ,7260,-210,-2.81,7470,7740,7090,328347,2396356495,17863600,129689736000
20260901,266170,KR7266170000,레드우즈,KONEX,1050,0,0,0,0,0,0,0,1301040,1366092000
20260901,266350,KR7266350008,팡스카이,KONEX,398,0,0,0,0,0,0,0,12629570,5026568860
20260901,266470,KR7266470004,바이오인프라생명과학,KONEX,113,-1,-.88,130,130,100,1538,161458,27866019,3148860147
20260901,267080,KR7267080000,세븐브로이맥주,KONEX,486,0,0,0,0,0,0,0,11871408,5769504288
20260901,267250,KR7267250009,HD현대,KOSPI,219000,0,0,216500,226500,213000,93663,20447142000,78993085,17299485615000
20260901,267260,KR7267260008,HD현대일렉트릭,KOSPI,769000,-12000,-1.54,776000,779000,739000,133074,100791290500,36047135,27720246815000
20260901,267270,KR7267270007,HD건설기계,KOSPI,129600,-3700,-2.78,131500,133900,128000,119481,15505627450,47921897,6210677851200
20260901,267290,KR7267290005,경동도시가스,KOSPI,21900,150,.69,21750,22000,21650,7472,163467650,5895406,129109391400
20260901,267320,KR7267320000,나인테크,KOSDAQ,2245,0,0,2245,2295,2210,219885,496288911,57415295,128897337275
20260901,267790,KR7267790004,배럴,KOSDAQ,3460,35,1.02,3360,3520,3360,4792,16650000,7689309,26605009140
20260901,267850,KR7267850006,아시아나IDT,KOSPI,9340,60,.65,9280,9340,9220,3182,29487995,11100000,103674000000
20260901,267980,KR7267980001,매일유업,KOSDAQ,34850,-100,-.29,35000,35000,34400,1790,61837225,7663638,267077784300
20260901,268280,KR7268280005,미원에스씨,KOSPI,133000,1100,.83,130000,133000,130000,998,131964300,5000000,665000000000
20260901,270210,KR7270210008,에스알바이오텍,KONEX,12470,470,3.92,12500,13000,11500,97,1152310,1711448,21341756560
20260901,270520,KR7270520000,앱튼,KOSDAQ,2910,-475,-14.03,3385,3390,2620,746057,2171795042,23158914,67392439740
20260901,270660,KR7270660004,에브리봇,KOSDAQ,14190,-130,-.91,14760,14760,14150,39342,564901915,12690583,180079372770
20260901,270870,KR7270870009,뉴트리,KOSDAQ,4000,120,3.09,3880,4000,3860,2213,8613212,8994846,35979384000
20260901,271560,KR7271560005,오리온,KOSPI,129700,-300,-.23,129000,130300,127700,138860,17979794700,39528788,5126883803600
20260901,271830,KR7271830002,팸텍,KOSDAQ,1023,-18,-1.73,1072,1073,1022,91730,94601788,29490202,30168476646
20260901,271940,KR7271940009,일진하이솔루스,KOSPI,10820,-110,-1.01,10940,10940,10700,21389,231188140,36313190,392908715800
20260901,271980,KR7271980005,제일약품,KOSPI,11410,730,6.84,10580,12600,10190,937560,11051617120,14704872,167782589520
20260901,272110,KR7272110008,케이엔제이,KOSDAQ,23750,-250,-1.04,23650,24000,23250,32071,760263725,8025395,190603131250
20260901,272210,KR7272210006,한화시스템,KOSPI,70600,-2600,-3.55,73900,74700,69300,382018,26907042100,188919389,13337708863400
20260901,272290,KR7272290008,이녹스첨단소재,KOSDAQ,21250,-50,-.23,21350,21900,21000,85316,1818542050,19937509,423672066250
20260901,272450,KR7272450008,진에어,KOSPI,5800,50,.87,5740,5830,5660,56911,325854870,52200000,302760000000
20260901,272550,KR7272550005,삼양패키징,KOSPI,9860,-140,-1.4,9990,9990,9800,14482,142634705,15068406,148574483160
20260901,273060,KR7273060004,와이즈버즈,KOSDAQ,864,0,0,0,0,0,0,0,49144280,42460657920
20260901,273640,KR7273640003,와이엠텍,KOSDAQ,5280,80,1.54,5190,5370,5100,14619,75745950,10966000,57900480000
20260901,274090,KR7274090000,켄코아에어로스페이스,KOSDAQ,9870,-290,-2.85,10060,10330,9800,80169,795294530,13774207,135951423090
20260901,274400,KR7274400001,이노시뮬레이션,KOSDAQ,2270,20,.89,2260,2315,2205,5294,11911832,9086493,20626339110
20260901,275630,KR7275630002,에스에스알,KOSDAQ,4000,100,2.56,3900,4000,3675,20475,79499123,5253808,21015232000
20260901,276040,KR7276040003,스코넥,KOSDAQ,327,0,0,0,0,0,0,0,21630335,7073119545
20260901,276240,KR7276240009,엘리비젼,KONEX,688,41,6.34,734,734,550,1813,1001035,12313138,8471438944
20260901,276730,KR7276730009,한울앤제주,KOSDAQ,1423,58,4.25,1302,1500,1302,333495,481574932,23607980,33594155540
20260901,277070,KR7277070009,린드먼아시아,KOSDAQ,3330,-5,-.15,3275,3330,3225,1707,5597645,13692000,45594360000
20260901,277410,KR7277410007,인산가,KOSDAQ,5760,70,1.23,5710,5890,5680,3951,22686110,3841150,22125024000
20260901,277810,KR7277810008,레인보우로보틱스,KOSDAQ,449500,-11000,-2.39,460000,469500,446000,51074,23052158000,19399858,8720236171000
20260901,277880,KR7277880001,티에스아이,KOSDAQ,3775,175,4.86,3620,3780,3565,82441,307719035,19843212,74908125300
20260901,278280,KR7278280003,천보,KOSDAQ,41250,-900,-2.14,41800,42300,40800,39176,1619258375,12253025,505437281250
20260901,278470,KR7278470000,에이피알,KOSPI,432500,-32000,-6.89,464500,475000,430500,252080,112771469500,37438155,16192002037500
20260901,278650,KR7278650007,HLB바이오스텝,KOSDAQ,2435,80,3.4,2680,2680,2365,34520,84153979,17432396,42447884260
20260901,278990,KR7278990007,EMB,KONEX,3100,105,3.51,3000,3100,3000,110,340900,8064777,25000808700
20260901,279060,KR7279060008,이노벡스,KONEX,115,0,0,0,0,0,0,0,9807866,1127904590
20260901,279570,KR7279570006,케이뱅크,KOSPI,5650,-60,-1.05,5710,5720,5620,321638,1814360280,405695151,2292177603150
20260901,279600,KR7279600001,미디어젠,KOSDAQ,4300,390,9.97,3915,4350,3815,49687,207209655,4684781,20144558300
20260901,280360,KR7280360009,롯데웰푸드,KOSPI,144700,-1000,-.69,143400,150500,139500,44855,6573059950,9204574,1331901857800
20260901,281740,KR7281740001,레이크머티리얼즈,KOSDAQ,11850,-390,-3.19,12180,12890,11830,543479,6637979715,65730548,778906993800
20260901,281820,KR7281820001,케이씨텍,KOSPI,66000,-2400,-3.51,67800,68200,64300,126113,8253918350,19798661,1306711626000
20260901,282330,KR7282330000,BGF리테일,KOSPI,150900,3100,2.1,146900,151000,146700,63897,9572342550,17283906,2608141415400
20260901,282620,KR7282620004,기도산업,KOSDAQ,14410,-340,-2.31,14760,14840,14400,167896,2440312665,5860707,84452787870
20260901,282720,KR7282720002,금양그린파워,KOSDAQ,7510,-100,-1.31,7540,7830,7410,12454,93501080,12119500,91017445000
20260901,282880,KR7282880004,코윈테크,KOSDAQ,10500,400,3.96,10240,10690,10020,83034,861193065,11694082,122787861000
20260901,284620,KR7284620002,카이노스메드,KOSDAQ,1087,0,0,0,0,0,0,0,33086953,35965517911
20260901,284740,KR7284740008,쿠쿠홈시스,KOSPI,23400,-350,-1.47,23950,23950,23250,9894,231676050,22437330,525033522000
20260901,285130,KR7285130001,SK케미칼,KOSPI,54100,900,1.69,52600,56500,52200,169917,9308304300,17298766,935863240600
20260901,28513K,KR728513K010,SK케미칼우,KOSPI,23850,0,0,23800,25300,23800,5359,129702750,2115429,50452981650
20260901,285490,KR7285490009,노바텍,KOSDAQ,11970,-60,-.5,12030,12040,11910,21853,261347260,10575831,126592697070
20260901,285800,KR7285800009,진영,KOSDAQ,733,0,0,0,0,0,0,0,17968911,13171211763
20260901,286750,KR7286750005,나노실리칸첨단소재,KOSDAQ,2960,35,1.2,2925,2985,2770,27690,78714960,16014428,47402706880
20260901,286940,KR7286940002,롯데이노베이트,KOSPI,18500,-80,-.43,18600,18660,18160,19517,359410160,15129367,279893289500
20260901,287840,KR7287840003,인투셀,KOSDAQ,18790,-170,-.9,19150,19150,18450,29575,553864970,15021960,282262628400
20260901,288180,KR7288180003,케이피항공산업,KOSDAQ,7330,-80,-1.08,7260,7550,7150,12236,88666760,7393262,54192610460
20260901,288330,KR7288330004,파라택시스코리아,KOSDAQ,416,0,0,0,0,0,0,0,106080948,44129674368
20260901,288620,KR7288620008,에스프리즘,KOSDAQ,3700,-45,-1.2,3745,3785,3640,3569,13245810,6979316,25823469200
20260901,288980,KR7288980006,모아데이타,KOSDAQ,332,2,.61,338,374,325,11124963,3924768603,36381379,12078617828
20260901,289010,KR7289010001,아이스크림에듀,KOSDAQ,957,-22,-2.25,978,999,901,123057,117649962,13945256,13345609992
20260901,289080,KR7289080004,SV인베스트먼트,KOSDAQ,2265,-55,-2.37,2350,2350,2255,600713,1373987813,60138233,136213097745
20260901,289170,KR7289170003,바이오텐,KONEX,2790,45,1.64,3150,3150,2790,6,18150,3576689,9978962310
20260901,289220,KR7289220006,자이언트스텝,KOSDAQ,1012,-19,-1.84,1031,1061,1004,43839,44756611,22312221,22579967652
20260901,289930,KR7289930000,웨이비스,KOSDAQ,6670,50,.76,6680,6740,6490,44435,292005010,13149010,87703896700
20260901,290090,KR7290090000,트윔,KOSDAQ,4290,85,2.02,4295,4295,4195,746,3184015,7440568,31920036720
20260901,290120,KR7290120005,DH오토리드,KOSDAQ,2270,-20,-.87,2290,2325,2240,15022,33965305,15825177,35923151790
20260901,290270,KR7290270008,휴네시온,KOSDAQ,2870,0,0,2830,2900,2830,12519,35978475,9607672,27574018640
20260901,290520,KR7290520006,신도기연,KOSDAQ,1517,-18,-1.17,1500,1535,1470,18259,27329158,15736164,23871760788
20260901,290550,KR7290550003,디케이티,KOSDAQ,16840,340,2.06,17110,17470,16600,541061,9204205955,20001230,336820713200
20260901,290560,KR7290560002,파라택시스이더리움,KOSDAQ,1418,65,4.8,1364,1420,1330,159234,219828876,22362730,31710351140
20260901,290650,KR7290650001,엘앤씨바이오,KOSDAQ,53700,600,1.13,54100,55200,53200,125059,6755238100,26969704,1448273104800
20260901,290660,KR7290660000,다이나믹솔루션,KOSDAQ,1771,-26,-1.45,1801,1816,1713,652775,1156457447,42837888,75865899648
20260901,290670,KR7290670009,대보마그네틱,KOSDAQ,5880,770,15.07,5300,6330,5110,122304,714430515,7857660,46203040800
20260901,290690,KR7290690007,아리바이오홀딩스,KOSDAQ,4110,-10,-.24,4115,4130,4030,149036,608396640,52959427,217663244970
20260901,290720,KR7290720002,푸드나무,KOSDAQ,2650,-50,-1.85,2700,2875,2650,65252,178799705,38149273,101095573450
20260901,290740,KR7290740000,액트로,KOSDAQ,11800,-20,-.17,12400,12400,11400,76100,889059390,10065011,118767129800
20260901,291230,KR7291230001,컴투스엔,KOSDAQ,2515,0,0,2515,2535,2470,23651,59232885,24011231,60388245965
20260901,291650,KR7291650000,츌립앤사이언스,KOSDAQ,1793,53,3.05,1977,1977,1731,32072,56296341,30519621,54721680453
20260901,291810,KR7291810000,핀텔,KOSDAQ,1307,7,.54,1280,1328,1224,159967,202894576,11368712,14858906584
20260901,293480,KR7293480000,하나제약,KOSPI,8530,-20,-.23,8550,8550,8460,6138,52236445,17772946,151603229380
20260901,293490,KR7293490009,카카오게임즈,KOSDAQ,9880,1070,12.15,8680,10430,8650,3140970,31250766980,106745265,1054643218200
20260901,293580,KR7293580007,나우IB,KOSDAQ,1485,11,.75,1451,1490,1451,77550,113585513,94929950,140970975750
20260901,293780,KR7293780003,압타바이오,KOSDAQ,6260,-140,-2.19,6400,6490,6230,19654,123827330,28093405,175864715300
20260901,293940,KR7293940003,신한알파리츠,KOSPI,5420,-100,-1.81,5520,5520,5400,48584,263493050,120940123,655495466660
20260901,294090,KR7294090006,이오플로우,KOSDAQ,1490,0,0,0,0,0,0,0,41809105,62295566450
20260901,294140,KR7294140009,레몬,KOSDAQ,2270,-65,-2.78,2405,2565,2260,20625,47919099,24914818,56556636860
20260901,294570,KR7294570007,쿠콘,KOSDAQ,29600,1150,4.04,30650,31150,28950,271275,8074798050,10091732,298715267200
20260901,294630,KR7294630009,서남,KOSDAQ,2795,-20,-.71,2810,2840,2705,75962,210573058,26499179,74065205305
20260901,294870,KR7294870001,IPARK현대산업개발,KOSPI,23050,-350,-1.5,23150,23500,22850,96667,2232874975,65907330,1519163956500
20260901,295310,KR7295310007,에이치브이엠,KOSDAQ,45200,-700,-1.53,45850,46650,44700,39493,1789578750,12299224,555924924800
20260901,296160,KR7296160005,프로젠,KONEX,2660,-105,-3.8,2700,2745,2540,9016,23304595,15375079,40897710140
20260901,296520,KR7296520000,가이아코퍼레이션,KONEX,949,123,14.89,949,949,949,15,14235,4667008,4428990592
20260901,296640,KR7296640006,이노에이엑스,KOSDAQ,6300,150,2.44,6150,6400,6100,7918,49174165,5178252,32622987600
20260901,297090,KR7297090003,씨에스베어링,KOSDAQ,3980,-40,-1,4100,4100,3975,32419,129802540,27270000,108534600000
20260901,297570,KR7297570004,아틀라스링크,KOSDAQ,869,0,0,0,0,0,0,0,34621218,30085838442
20260901,297890,KR7297890006,HB솔루션,KOSDAQ,1710,0,0,1690,1720,1686,111224,189296113,73140914,125070962940
20260901,298000,KR7298000001,효성화학,KOSPI,57100,-900,-1.55,58000,58900,55900,30854,1763184050,3791811,216512408100
20260901,298020,KR7298020009,효성티앤씨,KOSPI,345000,-10500,-2.95,352000,366500,343500,17420,6112228750,4327682,1493050290000
20260901,298040,KR7298040007,효성중공업,KOSPI,2916000,-47000,-1.59,2964000,2964000,2876000,28437,82540208500,9324548,27190381968000
20260901,298050,KR7298050006,HS효성첨단소재,KOSPI,176700,-3100,-1.72,177600,186900,176600,10330,1869747750,4479948,791606811600
20260901,298060,KR7298060005,풍전약품,KOSDAQ,2515,45,1.82,2500,2585,2435,30291,76745820,9637447,24238179205
20260901,298380,KR7298380007,에이비엘바이오,KOSDAQ,71000,-1700,-2.34,72100,72900,70500,173680,12359708850,55987463,3975109873000
20260901,298540,KR7298540006,더네이쳐홀딩스,KOSDAQ,6900,-30,-.43,6800,6970,6800,3030,20940620,14486386,99956063400
20260901,298690,KR7298690009,에어부산,KOSPI,1525,-13,-.85,1520,1555,1514,62611,95268995,162914872,248445179800
20260901,298830,KR7298830001,슈어소프트테크,KOSDAQ,4385,-50,-1.13,4460,4470,4310,163724,716593442,53458499,234415518115
20260901,299030,KR7299030007,하나기술,KOSDAQ,14880,-500,-3.25,15220,15350,14710,25604,383792915,7994910,118964260800
20260901,299170,KR7299170001,더블유에스아이,KOSDAQ,1249,-1,-.08,1236,1258,1224,67496,83612367,41511288,51847598712
20260901,299480,KR7299480004,지앤이헬스케어,KONEX,598,-83,-12.19,700,700,580,170,101555,11100743,6638244314
20260901,299660,KR7299660001,셀리드,KOSDAQ,2695,-45,-1.64,2740,2840,2495,3644031,9811614719,29502977,79510523015
20260901,300080,KR7300080009,플리토,KOSDAQ,9050,60,.67,9000,9230,8890,53295,483981830,16505451,149374331550
20260901,300120,KR7300120003,라온피플,KOSDAQ,2460,-140,-5.38,2600,2605,2380,123222,303409849,9900803,24355975380
20260901,300720,KR7300720000,한일시멘트,KOSPI,17070,60,.35,16930,17150,16800,106596,1813930455,73545209,1255416717630
20260901,301300,KR7301300000,바이브컴퍼니,KOSDAQ,1838,97,5.57,1741,1845,1741,14419,26143383,13154712,24178360656
20260901,302430,KR7302430004,이노메트리,KOSDAQ,7990,-210,-2.56,8180,8880,7950,575926,4830823335,9833208,78567331920
20260901,302440,KR7302440003,SK바이오사이언스,KOSPI,38350,-50,-.13,38700,38900,38000,63567,2438593175,78456553,3008808807550
20260901,302550,KR7302550009,리메드,KOSDAQ,2720,-65,-2.33,2790,2805,2715,16897,46310455,30907150,84067448000
20260901,302920,KR7302920004,더콘텐츠온,KONEX,990,100,11.24,890,1023,890,93,88313,4552359,4506835410
20260901,303030,KR7303030001,지니틱스,KOSDAQ,1801,-254,-12.36,2075,2100,1760,247101,454803158,9157476,16492614276
20260901,303360,KR7303360002,프로티아,KOSDAQ,5270,-70,-1.31,5340,5340,5140,38351,200132285,12879715,67876098050
20260901,303530,KR7303530000,이노뎁,KOSDAQ,2950,35,1.2,2915,2965,2820,6468,18929232,7339299,21650932050
20260901,303810,KR7303810006,동국생명과학,KOSDAQ,2290,-5,-.22,2295,2315,2275,24306,55739670,31984140,73243680600
20260901,304100,KR7304100001,솔트룩스,KOSDAQ,16390,340,2.12,16180,16460,16110,88214,1437867145,12593855,206413283450
20260901,304360,KR7304360001,에스바이오메딕스,KOSDAQ,19700,-140,-.71,19810,20150,19270,20345,398396630,12385128,243987021600
20260901,304840,KR7304840002,피플바이오,KOSDAQ,561,0,0,0,0,0,0,0,24320660,13643890260
20260901,305090,KR7305090003,마이크로디지탈,KOSDAQ,1097,-470,-29.99,1104,1249,1097,890384,990855767,18749834,20568567898
20260901,306040,KR7306040007,에스제이그룹,KOSDAQ,1963,61,3.21,1928,1975,1887,52612,101734758,9287044,18230467372
20260901,306200,KR7306200007,세아제강,KOSPI,139600,600,.43,139100,140700,135600,2951,409805900,2836300,395947480000
20260901,306620,KR7306620006,지아이에스,KOSDAQ,1890,-31,-1.61,1876,1933,1866,137629,260469372,47942184,90610727760
20260901,307180,KR7307180000,아이엘,KOSDAQ,5760,140,2.49,5620,5780,5500,239268,1351864505,36915676,212634293760
20260901,307280,KR7307280008,원바이오젠,KOSDAQ,6190,0,0,6250,6250,6080,5836,35833555,7094627,43915741130
20260901,307750,KR7307750000,국전,KOSDAQ,2380,125,5.54,2235,2685,2200,2480301,6161218522,53986288,128487365440
20260901,307870,KR7307870006,비투엔,KOSDAQ,1274,81,6.79,1160,1350,1070,5144606,6414826752,74299285,94657289090
20260901,307930,KR7307930008,컴퍼니케이,KOSDAQ,6120,-180,-2.86,6240,6310,6000,51144,311196640,15610000,95533200000
20260901,307950,KR7307950006,현대오토에버,KOSPI,406000,-15500,-3.68,422000,422500,400000,70311,28561554250,27423982,11134136692000
20260901,308080,KR7308080001,바이젠셀,KOSDAQ,7280,1230,20.33,6000,7860,5940,2449508,18355151375,20499260,149234612800
20260901,308100,KR7308100007,형지글로벌,KOSDAQ,386,8,2.12,373,394,364,409722,154731667,25819998,9966519228
20260901,308170,KR7308170000,씨티알모빌리티,KOSPI,3640,10,.28,3680,3720,3565,1739,6368235,8610000,31340400000
20260901,308430,KR7308430008,셀비온,KOSDAQ,12610,-30,-.24,12640,12730,12400,5708,71733530,12905251,162735215110
20260901,309710,KR7309710002,아이티켐,KOSDAQ,21000,0,0,0,0,0,0,0,12783001,268443021000
20260901,309930,KR7309930006,조이웍스앤코,KOSDAQ,930,30,3.33,893,930,827,46735,41497835,19255889,17907976770
20260901,309960,KR7309960003,LB인베스트먼트,KOSDAQ,4245,-150,-3.41,4390,4390,4240,22656,96819760,23217239,98557179555
20260901,310200,KR7310200001,애니플러스,KOSDAQ,2105,45,2.18,2055,2125,2030,396476,828386544,52162836,109802769780
20260901,310210,KR7310210000,보로노이,KOSDAQ,166000,1000,.61,165100,171900,163300,70320,11751101850,18523548,3074908968000
20260901,310870,KR7310870001,디와이씨,KOSDAQ,1367,56,4.27,1320,1373,1291,89417,119196594,21922602,29968196934
20260901,311060,KR7311060008,엘에이티,KONEX,3280,-55,-1.65,3300,3300,3060,662,2083230,7872134,25820599520
20260901,311320,KR7311320006,지오엘리먼트,KOSDAQ,8720,200,2.35,8560,8810,8280,43921,374525225,12614560,109998963200
20260901,311390,KR7311390009,네오크레마,KOSDAQ,2495,-45,-1.77,2540,2600,2440,21495,53589835,12653789,31571203555
20260901,311690,KR7311690002,CJ 바이오사이언스,KOSDAQ,4085,15,.37,4070,4185,4000,5566,22671872,13065462,53372412270
20260901,311960,KR7311960009,인터로이드,KONEX,1799,0,0,1799,1799,1603,19,33590,3062664,5509732536
20260901,312610,KR7312610009,에이에프더블류,KOSDAQ,324,9,2.86,304,400,299,1552624,543836241,20256888,6563231712
20260901,313760,KR7313760001,캐리,KOSDAQ,468,0,0,0,0,0,0,0,11207186,5244963048
20260901,314130,KR7314130006,지놈앤컴퍼니,KOSDAQ,3810,55,1.46,3755,3875,3605,255370,945007339,52299425,199260809250
20260901,314140,KR7314140005,알피바이오,KOSDAQ,6240,-40,-.64,6280,6290,5930,30492,186007160,8666361,54078092640
20260901,314930,KR7314930009,바이오다인,KOSDAQ,7330,-70,-.95,7400,7470,7190,43755,318964980,29764103,218170874990
20260901,315640,KR7315640003,딥노이드,KOSDAQ,1721,-3,-.17,1715,1769,1698,35578,61232169,29372232,50549611272
20260901,316140,KR7316140003,우리금융지주,KOSPI,34550,750,2.22,33450,34600,33350,2086698,71585204300,736786557,25455975544350
20260901,317120,KR7317120004,라닉스,KOSDAQ,1455,-15,-1.02,1470,1485,1434,15514,22494931,15260000,22203300000
20260901,317240,KR7317240000,TS트릴리온,KOSDAQ,1200,14,1.18,1186,1279,1165,765430,934348911,29176711,35012053200
20260901,317330,KR7317330009,덕산테코피아,KOSDAQ,13320,-210,-1.55,13270,14760,13050,359824,5009500150,20476584,272748098880
20260901,317400,KR7317400000,자이에스앤디,KOSPI,10830,-740,-6.4,11570,11920,10660,1141795,12934279910,38782520,420014691600
20260901,317450,KR7317450005,명인제약,KOSPI,45800,-300,-.65,45600,46250,45450,11124,509496225,14600000,668680000000
20260901,317530,KR7317530004,에피소드컴퍼니,KOSDAQ,2855,-95,-3.22,3130,3145,2855,6705,20171495,17494882,49947888110
20260901,317690,KR7317690006,퀀타매트릭스,KOSDAQ,2495,100,4.18,2350,2525,2350,28119,68118085,20135029,50236897355
20260901,317770,KR7317770006,엑스페릭스,KOSDAQ,2450,0,0,2450,2480,2385,52812,127186410,36644144,89778152800
20260901,317830,KR7317830008,에스피시스템스,KOSDAQ,4595,-80,-1.71,4680,4720,4570,15397,70860377,10773818,49505693710
20260901,317850,KR7317850006,대모,KOSDAQ,5670,-110,-1.9,5720,5770,5600,28558,160932110,8324420,47199461400
20260901,317860,KR7317860005,노드메이슨,KONEX,4100,0,0,0,0,0,0,0,4513215,18504181500
20260901,317870,KR7317870004,엔바이오니아,KOSDAQ,5290,-20,-.38,5280,5520,5100,8363,43728010,8841895,46773624550
20260901,318000,KR7318000007,KBG,KOSDAQ,2825,-5,-.18,2840,2840,2820,3047,8617445,8740223,24691129975
20260901,318010,KR7318010006,팜스빌,KOSDAQ,3735,10,.27,3745,3745,3675,71,263755,7929338,29616077430
20260901,318020,KR7318020005,포인트모바일,KOSDAQ,2715,65,2.45,2720,2730,2655,12290,33117067,12301272,33397953480
20260901,318060,KR7318060001,그래피,KOSDAQ,18820,1430,8.22,17600,19000,17140,100524,1818658910,11187177,210542671140
20260901,318160,KR7318160009,셀바이오휴먼텍,KOSDAQ,6630,-140,-2.07,6700,6950,6470,78396,518953660,9337513,61907711190
20260901,318410,KR7318410008,비비씨,KOSDAQ,6550,-50,-.76,6600,6640,6480,4212,27629790,5555243,36386841650
20260901,318660,KR7318660008,타임기술,KONEX,3900,110,2.9,3600,4000,3600,47,181760,2152101,8393193900
20260901,319400,KR7319400008,현대무벡스,KOSDAQ,22850,-650,-2.77,23600,23900,22600,602349,13787445100,111376039,2544942491150
20260901,319660,KR7319660007,피에스케이,KOSDAQ,125700,-2000,-1.57,124000,126600,122100,193410,24109572250,28966714,3641115949800
20260901,320000,KR7320000003,한울반도체,KOSDAQ,11500,2650,29.94,9210,11500,9000,564760,6246776715,6913670,79507205000
20260901,321260,KR7321260002,프로이천,KOSDAQ,1650,-36,-2.14,1650,1684,1625,68932,113025343,28192084,46516938600
20260901,321370,KR7321370009,센서뷰,KOSDAQ,1134,-134,-10.57,1150,1182,1106,5558533,6358314357,51664906,58588003404
20260901,321550,KR7321550006,티움바이오,KOSDAQ,4390,140,3.29,4250,4390,4180,56186,240683895,30038475,131868905250
20260901,321820,KR7321820003,아티스트컴퍼니,KOSDAQ,2480,35,1.43,2420,2660,2405,40630,102821776,15591376,38666612480
20260901,322000,KR7322000001,HD현대에너지솔루션,KOSPI,133900,-8400,-5.9,144000,147100,131800,186388,25416699300,11200000,1499680000000
20260901,322180,KR7322180001,LS티라유텍,KOSDAQ,4090,-80,-1.92,4170,4170,4045,32441,132082997,21496106,87919073540
20260901,322310,KR7322310004,오로스테크놀로지,KOSDAQ,13060,-10,-.08,12980,13060,12650,58916,756269750,9366542,122327038520
20260901,322510,KR7322510009,제이엘케이,KOSDAQ,4860,-80,-1.62,4960,4960,4825,32938,160184709,25725892,125027835120
20260901,322780,KR7322780008,코퍼스코리아,KOSDAQ,1883,-42,-2.18,2000,2000,1854,24793,46415304,8974830,16899604890
20260901,322970,KR7322970005,무진메디,KONEX,1949,-41,-2.06,1990,1990,1900,3841,7318628,10085689,19657007861
20260901,323280,KR7323280008,태성,KOSDAQ,48000,-1000,-2.04,48800,49250,47600,121001,5809055825,30537980,1465823040000
20260901,323350,KR7323350009,다원넥스뷰,KOSDAQ,7540,150,2.03,7180,7600,7150,23244,170142310,8010772,60401220880
20260901,323410,KR7323410001,카카오뱅크,KOSPI,21950,100,.46,21650,22050,21550,556497,12126354225,477120437,10472793592150
20260901,323990,KR7323990002,박셀바이오,KOSDAQ,5070,1065,26.59,3925,5190,3910,539287,2424759926,23257345,117914739150
20260901,326030,KR7326030004,SK바이오팜,KOSPI,89000,1700,1.95,86900,90400,86900,156029,13896808800,78313250,6969879250000
20260901,327260,KR7327260006,RF머트리얼즈,KOSDAQ,34950,-1800,-4.9,37100,37150,34600,447750,15838062175,17988839,628709923050
20260901,328130,KR7328130000,루닛,KOSDAQ,9090,0,0,9000,9200,9000,197736,1794927195,74458180,676824856200
20260901,328380,KR7328380001,솔트웨어,KOSDAQ,4225,35,.84,4190,4360,3985,29667,124089165,6852555,28952044875
20260901,329180,KR7329180004,HD현대중공업,KOSPI,453000,3500,.78,449500,456000,439000,141872,63437535000,104961225,47547434925000
20260901,330350,KR7330350000,위더스제약,KOSDAQ,8320,460,5.85,7860,9240,7200,9375642,81416756855,13199680,109821337600
20260901,330590,KR7330590001,롯데리츠,KOSPI,3850,-85,-2.16,3930,3930,3850,67747,262455475,288968884,1112530203400
20260901,330730,KR7330730003,스톤브릿지벤처스,KOSDAQ,4860,15,.31,4790,4860,4775,7043,33893490,18217830,88538653800
20260901,330860,KR7330860008,네패스아크,KOSDAQ,24850,-750,-2.93,25550,25550,24150,151626,3729299225,12184045,302773518250
20260901,331380,KR7331380006,포커스에이아이,KOSDAQ,1950,-47,-2.35,1997,2075,1923,34463,67164369,36560866,71293688700
20260901,331520,KR7331520007,밸로프,KOSDAQ,2465,-60,-2.38,2525,2525,2440,26408,65852025,9801186,24159923490
20260901,331660,KR7331660001,한국미라클피플사,KONEX,4050,-120,-2.88,4170,4185,4050,368,1511580,5500000,22275000000
20260901,331740,KR7331740001,아우토크립트,KOSDAQ,7060,600,9.29,6890,7120,6530,28541,195478360,9750991,68841996460
20260901,331920,KR7331920009,셀레믹스,KOSDAQ,14360,1290,9.87,13080,15000,12870,129951,1841855165,11181555,160567129800
20260901,332190,KR7332190008,오션스바이오,KONEX,2770,360,14.94,2480,2770,2480,409,1014900,1477839,4093614030
20260901,332290,KR7332290006,누보,KOSDAQ,897,0,0,0,0,0,0,0,39696247,35607533559
20260901,332370,KR7332370006,아이디피,KOSDAQ,5400,0,0,5330,5520,5320,5951,32567730,13273726,71678120400
20260901,332570,KR7332570001,PS일렉트로닉스,KOSDAQ,7820,250,3.3,7570,7990,7500,2438989,19068192955,46711563,365284422660
20260901,333050,KR7333050003,이노테나,KOSDAQ,5080,90,1.8,4950,5080,4835,11421,55942970,4924420,25016053600
20260901,333430,KR7333430007,일승,KOSDAQ,3715,-50,-1.33,3755,3775,3660,58485,216856766,30726747,114149865105
20260901,333620,KR7333620003,엔시스,KOSDAQ,5290,50,.95,5180,5290,5110,6197,32121600,10997910,58178943900
20260901,334890,KR7334890001,이지스밸류플러스리츠,KOSPI,4050,25,.62,4025,4050,3940,78315,313408830,69448683,281267166150
20260901,334970,KR7334970001,프레스티지바이오로직스,KOSDAQ,1787,-4,-.22,1791,1797,1731,190046,337185656,77752637,138943962319
20260901,335810,KR7335810008,프리시젼바이오,KOSDAQ,1576,-1,-.06,1577,1628,1543,9991,15823425,21949506,34592421456
20260901,335870,KR7335870002,윙스풋,KOSDAQ,5020,220,4.58,4920,5450,4865,8963,45980215,3350094,16817471880
20260901,336040,KR7336040001,타스컴,KONEX,4150,50,1.22,4100,4200,4100,8,32950,5789929,24028205350
20260901,336060,KR7336060009,웨이버스,KOSDAQ,3090,20,.65,2920,3180,2920,11897,36188315,9631040,29759913600
20260901,336260,KR7336260005,두산퓨얼셀,KOSPI,44350,-800,-1.77,44950,45450,41250,656474,28391548000,65493726,2904646748100
20260901,33626K,KR733626K013,두산퓨얼셀1우,KOSPI,5930,150,2.6,5840,5930,5450,16160,90726230,13364200,79249706000
20260901,33626L,KR733626K021,두산퓨얼셀2우B,KOSPI,7490,0,0,7490,7670,7310,310,2307870,2986300,22367387000
20260901,336370,KR7336370002,솔루스첨단소재,KOSPI,7950,-60,-.75,8150,8210,7870,78457,629011060,70212298,558187769100
20260901,33637K,KR733637K010,솔루스첨단소재1우,KOSPI,1446,5,.35,1458,1458,1436,9965,14383808,16907094,24447657924
20260901,33637L,KR733637K028,솔루스첨단소재2우B,KOSPI,2380,15,.63,2375,2385,2330,357,835525,3777892,8991382960
20260901,336570,KR7336570007,원텍,KOSDAQ,5060,10,.2,5050,5130,5000,238266,1203051575,89280646,451760068760
20260901,336680,KR7336680004,탑런토탈솔루션,KOSDAQ,2700,-10,-.37,2665,2925,2665,74465,206709285,39145558,105693006600
20260901,337840,KR7337840003,유엑스엔,KONEX,6300,-50,-.79,6020,6370,6020,85,531090,4977398,31357607400
20260901,337930,KR7337930002,젝시믹스,KOSDAQ,2725,-70,-2.5,2795,2795,2700,128059,348830792,29676475,80868394375
20260901,338100,KR7338100001,NH프라임리츠,KOSPI,3865,10,.26,3860,3870,3840,26160,100895963,18660000,72120900000
20260901,338220,KR7338220007,뷰노,KOSDAQ,5560,-30,-.54,5630,5740,5430,87230,480697015,14001823,77850135880
20260901,338840,KR7338840002,와이바이오로직스,KOSDAQ,8690,-60,-.69,8800,8800,8550,30419,262695840,15403863,133859569470
20260901,339770,KR7339770000,교촌에프앤비,KOSPI,3845,15,.39,3825,3850,3810,41667,159382830,49965080,192115732600
20260901,339950,KR7339950008,아이비김영,KOSDAQ,2600,30,1.17,2550,2620,2550,35330,91610089,44946655,116861303000
20260901,340360,KR7340360007,다보링크,KOSDAQ,951,38,4.16,913,970,875,360959,331910418,52062772,49511696172
20260901,340440,KR7340440007,세림B&G,KOSDAQ,751,1,.13,750,794,741,150100,113867794,28378364,21312151364
20260901,340450,KR7340450006,지씨지놈,KOSDAQ,5890,-30,-.51,5920,5920,5740,32139,186442310,23650793,139303170770
20260901,340570,KR7340570001,티앤엘,KOSDAQ,30650,-1100,-3.46,31250,31700,30200,94522,2895710925,16070120,492549178000
20260901,340810,KR7340810001,시선AI,KOSDAQ,3805,65,1.74,3740,3830,3660,87184,327768203,13949482,53077779010
20260901,340930,KR7340930007,성원에너텍,KOSDAQ,806,0,0,0,0,0,0,0,68875785,55513882710
20260901,341170,KR7341170009,퓨쳐메디신,KONEX,496,0,0,0,0,0,0,0,10533205,5224469680
20260901,342870,KR7342870003,오아,KOSDAQ,3620,-50,-1.36,3595,3665,3580,1768,6381450,5450197,19729713140
20260901,344820,KR7344820006,KCC글라스,KOSPI,25350,100,.4,24800,25650,24800,6116,154402325,15970512,404852479200
20260901,344860,KR7344860002,이노진,KOSDAQ,1365,49,3.72,1304,1428,1304,95369,129876589,14430000,19696950000
20260901,346010,KR7346010002,타이드,KONEX,1000,0,0,0,0,0,0,0,4860062,4860062000
20260901,347000,KR7347000002,센코,KOSDAQ,1883,6,.32,1870,1891,1855,56747,106563559,37810846,71197823018
20260901,347700,KR7347700007,스피어,KOSDAQ,20100,-900,-4.29,21200,21375,19960,684083,13873554645,51551362,1036182376200
20260901,347740,KR7347740003,피엔케이피부임상연구센타,KOSDAQ,1827,-5,-.27,1822,1830,1790,14289,25896038,30010576,54829322352
20260901,347770,KR7347770000,핌스,KOSDAQ,951,-23,-2.36,973,983,936,24777,23647161,22659702,21549376602
20260901,347850,KR7347850000,디앤디파마텍,KOSDAQ,51800,-1700,-3.18,53500,53500,51000,512867,26678146950,45837609,2374388146200
20260901,347860,KR7347860009,알체라,KOSDAQ,1330,-32,-2.35,1362,1362,1293,107450,142109596,42153647,56064350510
20260901,347890,KR7347890006,엠엑스온,KOSDAQ,4590,0,0,4595,4595,4415,14755,65931500,17013204,78090606360
20260901,348030,KR7348030008,모비릭스,KOSDAQ,3430,-100,-2.83,3580,3580,3225,55549,190926524,9603800,32941034000
20260901,348080,KR7348080003,큐라티스,KOSDAQ,2795,45,1.64,2755,2890,2700,14512,40477625,12827753,35853569635
20260901,348150,KR7348150004,고바이오랩,KOSDAQ,2980,45,1.53,2935,2985,2920,15156,44698760,19418889,57868289220
20260901,348210,KR7348210006,넥스틴,KOSDAQ,31400,-100,-.32,31100,31950,30400,54266,1689766450,10477005,328977957000
20260901,348340,KR7348340001,뉴로메카,KOSDAQ,17760,-760,-4.1,18350,18450,17380,309364,5480687245,23408424,415733610240
20260901,348350,KR7348350000,위드텍,KOSDAQ,9630,-130,-1.33,10180,10180,9430,17686,169110740,9773600,94119768000
20260901,348370,KR7348370008,엔켐,KOSDAQ,20400,-1450,-6.64,21650,21650,20150,264811,5469421550,21910994,446984277600
20260901,348950,KR7348950007,제이알글로벌리츠,KOSPI,1182,0,0,0,0,0,0,0,197376000,233298432000
20260901,350520,KR7350520003,이지스레지던스리츠,KOSPI,3410,75,2.25,3335,3410,3310,34901,117290590,36866202,125713748820
20260901,351020,KR7351020003,미쥬,KONEX,7780,-230,-2.87,7780,7780,7780,129,1003620,2075000,16143500000
20260901,351320,KR7351320007,넥사다이내믹스,KOSDAQ,3120,185,6.3,3060,3445,2955,1408138,4492833672,29698642,92659763040
20260901,351330,KR7351330006,이삭엔지니어링,KOSDAQ,3555,-55,-1.52,3610,3650,3550,3012,10768440,8288520,29465688600
20260901,351870,KR7351870001,차이커뮤니케이션,KOSDAQ,2570,-115,-4.28,2685,2685,2510,30326,77672690,11160642,28682849940
20260901,352090,KR7352090005,스톰테크,KOSDAQ,3675,0,0,3720,3720,3630,26161,95531840,26872998,98758267650
20260901,352480,KR7352480008,씨앤씨인터내셔널,KOSDAQ,22400,-350,-1.54,22600,22700,21750,17753,394457600,13629901,305309782400
20260901,352700,KR7352700009,씨앤투스,KOSDAQ,1429,9,.63,1408,1429,1402,10550,14879310,26276899,37549688671
20260901,352770,KR7352770002,셀레스트라,KOSDAQ,5250,0,0,0,0,0,0,0,2592407,13610136750
20260901,352820,KR7352820005,하이브,KOSPI,178000,-1400,-.78,177200,182100,177100,116492,20817426600,43106836,7673016808000
20260901,352910,KR7352910004,오비고,KOSDAQ,4650,0,0,4695,4725,4300,7923,35978710,12637802,58765779300
20260901,352940,KR7352940001,인바이오,KOSDAQ,2000,0,0,2000,2010,1997,1613,3227179,10867730,21735460000
20260901,353190,KR7353190002,휴럼,KOSDAQ,2720,-5,-.18,2720,2725,2695,8141,22096758,7875684,21421860480
20260901,353200,KR7353200009,대덕전자,KOSPI,111500,-1200,-1.06,111700,112400,108300,551834,60859270600,49416925,5509987137500
20260901,35320K,KR735320K011,대덕전자1우,KOSPI,23350,-150,-.64,23500,23500,22750,3887,89805550,2095519,48930368650
20260901,353590,KR7353590003,오토앤,KOSDAQ,1698,43,2.6,1744,1744,1660,3952,6646718,12875570,21862717860
20260901,353810,KR7353810005,이지바이오,KOSDAQ,6610,-220,-3.22,6840,6840,6570,86657,576656830,33081920,218671491200
20260901,354200,KR7354200008,엔젠바이오,KOSDAQ,1768,-78,-4.23,1794,1839,1708,90769,158837931,8936583,15799878744
20260901,354320,KR7354320004,알멕,KOSDAQ,28600,-1200,-4.03,29300,29800,28100,22820,651102225,6391381,182793496600
20260901,354390,KR7354390007,바스칸바이오제약,KONEX,3300,-180,-5.17,3305,3305,3300,25,82550,7018247,23160215100
20260901,355150,KR7355150004,코스텍시스,KOSDAQ,20050,-1200,-5.65,21250,21250,19450,94306,1878903600,7797350,156336867500
20260901,355390,KR7355390006,크라우드웍스,KOSDAQ,1320,101,8.29,1305,1540,1250,1323940,1830932095,15874344,20954134080
20260901,355690,KR7355690009,에이텀,KOSDAQ,4460,40,.9,4420,4470,4295,33282,145954035,9570389,42683934940
20260901,356680,KR7356680009,엑스게이트,KOSDAQ,11560,-250,-2.12,11810,11890,11400,332267,3852071450,28543492,329962767520
20260901,356860,KR7356860007,티엘비,KOSDAQ,41200,-800,-1.9,41500,42250,40150,427900,17720330300,23701260,976491912000
20260901,356890,KR7356890004,싸이버원,KOSDAQ,2355,25,1.07,2345,2370,2315,12962,30298980,11953825,28151257875
20260901,357120,KR7357120005,코람코라이프인프라리츠,KOSPI,4185,-25,-.59,4200,4200,4110,47698,197575035,97335354,407348456490
20260901,357230,KR7357230002,에이치피오,KOSDAQ,2180,0,0,2180,2250,2160,16328,35830765,41293476,90019777680
20260901,357250,KR7357250000,미래에셋맵스리츠,KOSPI,1900,10,.53,1900,1906,1883,26045,49315567,24995105,47490699500
20260901,357430,KR7357430008,마스턴프리미어리츠,KOSPI,930,8,.87,922,931,910,15503,14239457,30505307,28369935510
20260901,357550,KR7357550003,석경에이티,KOSDAQ,34450,0,0,34450,34700,33700,2448,83464750,5455000,187924750000
20260901,357580,KR7357580000,아모센스,KOSDAQ,5110,40,.79,5070,5170,5000,26716,135689720,11789762,60245683820
20260901,357780,KR7357780006,솔브레인,KOSDAQ,340000,-2500,-.73,339000,354500,337500,22064,7590906000,7778566,2644712440000
20260901,357880,KR7357880004,SKAI,KOSDAQ,1821,-69,-3.65,1920,1920,1811,347504,639347110,54182120,98665640520
20260901,358570,KR7358570000,지아이이노베이션,KOSDAQ,7890,-290,-3.55,8000,8140,7790,299547,2372723930,64516006,509031287340
20260901,359090,KR7359090008,씨엔알리서치,KOSDAQ,1983,-10,-.5,2000,2000,1977,4542,9032907,11494143,22792885569
20260901,360070,KR7360070007,탑머티리얼,KOSDAQ,8890,-170,-1.88,9220,9230,8780,16379,146622340,8192043,72827262270
20260901,360350,KR7360350003,코셈,KOSDAQ,5410,-30,-.55,5410,5450,5220,5477,29163730,5437970,29419417700
20260901,361390,KR7361390008,제노코,KOSDAQ,12420,-400,-3.12,12880,13050,12330,18673,232655440,9736381,120925852020
20260901,361570,KR7361570005,알비더블유,KOSDAQ,1616,16,1,1584,1616,1580,37069,58976863,28743291,46449158256
20260901,361610,KR7361610009,SK아이이테크놀로지,KOSPI,16140,-50,-.31,16190,16500,15890,520664,8424459715,81787100,1320043794000
20260901,361670,KR7361670003,삼영에스앤씨,KOSDAQ,3650,40,1.11,3655,3655,3575,5067,18315622,5667658,20686951700
20260901,362320,KR7362320004,청담글로벌,KOSDAQ,4795,-85,-1.74,4820,4870,4735,26549,127387555,20692917,99222537015
20260901,362990,KR7362990004,드림인사이트,KOSDAQ,1232,-5,-.4,1236,1236,1220,23826,29294313,16800574,20698307168
20260901,363250,KR7363250002,진시스템,KOSDAQ,4040,0,0,4040,4060,3970,2046,8224920,8508382,34373863280
20260901,363260,KR7363260001,모비데이즈,KOSDAQ,916,0,0,0,0,0,0,0,32163769,29462012404
20260901,363280,KR7363280009,티와이홀딩스,KOSPI,1968,3,.15,1965,1969,1963,4481,8809259,45497333,89538751344
20260901,36328K,KR736328K013,티와이홀딩스우,KOSPI,2645,5,.19,2705,2705,2560,6913,18412330,1174949,3107740105
20260901,364950,KR7364950006,에이아이코리아,KOSDAQ,3425,-25,-.72,3335,3550,3335,11657,40098780,8296445,28415324125
20260901,365270,KR7365270008,큐라클,KOSDAQ,10330,-210,-1.99,10540,10950,10220,54131,558608340,22156992,228881727360
20260901,365330,KR7365330000,에스와이스틸텍,KOSDAQ,1507,-53,-3.4,1559,1559,1482,325853,489789012,50171000,75607697000
20260901,365340,KR7365340009,성일하이텍,KOSDAQ,37150,-1400,-3.63,39200,39200,37000,41423,1567976275,12921115,480019422250
20260901,365550,KR7365550003,ESR켄달스퀘어리츠,KOSPI,3190,65,2.08,3125,3195,3100,221164,700702879,246089000,785023910000
20260901,365590,KR7365590009,하이딥,KOSDAQ,783,0,0,0,0,0,0,0,36814550,28825792650
20260901,365660,KR7365660000,레몬헬스케어,KOSDAQ,5190,405,8.46,4830,5620,4785,3808242,20094425490,13455559,69834351210
20260901,365900,KR7365900000,브이씨,KOSDAQ,2430,-195,-7.43,2620,2620,2370,90867,219964870,7310300,17764029000
20260901,366030,KR7366030005,나인앤컴퍼니,KOSDAQ,5060,-100,-1.94,5120,5180,5000,23523,119313530,22653850,114628481000
20260901,367000,KR7367000007,플래티어,KOSDAQ,3410,-55,-1.59,3465,3465,3365,2159,7351285,8388207,28603785870
20260901,368600,KR7368600003,아이씨에이치,KOSDAQ,961,51,5.6,910,1093,886,6133401,6275476558,25795415,24789393815
20260901,368770,KR7368770004,파이버프로,KOSDAQ,11990,90,.76,12130,12350,11510,145624,1723558445,32854225,393922157750
20260901,368970,KR7368970000,오에스피,KOSDAQ,2540,135,5.61,2405,2540,2360,32779,79786460,11239718,28548883720
20260901,369370,KR7369370002,블리츠웨이엔터테인먼트,KOSDAQ,3735,-35,-.93,3755,3790,3675,6254,23208720,9974382,37254316770
20260901,370090,KR7370090003,퓨런티어,KOSDAQ,6990,10,.14,6980,7090,6680,34469,236443530,8556830,59812241700
20260901,371950,KR7371950007,풍원정밀,KOSDAQ,3455,95,2.83,3360,3530,3280,27881,95213948,22779670,78703759850
20260901,372170,KR7372170001,윤성에프앤씨,KOSDAQ,22050,100,.46,22200,22800,21600,10475,231877275,7979048,175938008400
20260901,372320,KR7372320002,큐로셀,KOSDAQ,23950,-450,-1.84,24400,24450,23550,17033,405722200,15227152,364690290400
20260901,372800,KR7372800003,아이티아이즈,KOSDAQ,2995,30,1.01,2990,3000,2860,25452,74822337,7037189,21076381055
20260901,372910,KR7372910000,한컴라이프케어,KOSPI,1857,0,0,1860,1861,1824,42359,77855668,27674406,51391371942
20260901,373110,KR7373110006,엑셀세라퓨틱스,KOSDAQ,1178,-14,-1.17,1191,1230,1174,103367,122862332,17294394,20372796132
20260901,373160,KR7373160001,데이원컴퍼니,KOSDAQ,3080,75,2.5,3005,3105,3005,4428,13527250,13807469,42527004520
20260901,373170,KR7373170000,엠아이큐브솔루션,KOSDAQ,1700,-7,-.41,1707,1729,1675,16041,27242675,15113790,25693443000
20260901,373200,KR7373200005,엑스플러스,KOSDAQ,1745,41,2.41,1675,1750,1637,24178,40281342,25043237,43700448565
20260901,373220,KR7373220003,LG에너지솔루션,KOSPI,367000,-11000,-2.91,378000,387000,366500,330966,124257940000,234000000,85878000000000
20260901,375500,KR7375500006,DL이앤씨,KOSPI,71500,-500,-.69,71200,72400,70200,273008,19418041950,38693623,2766594044500
20260901,37550K,KR737550K011,DL이앤씨우,KOSPI,24600,200,.82,24400,24850,24150,1043,25742250,2113885,52001571000
20260901,37550L,KR737550K029,DL이앤씨2우(전환),KOSPI,47250,50,.11,45650,47450,45500,2101,97052300,2111951,99789684750
20260901,376180,KR7376180006,피코그램,KOSDAQ,1515,-13,-.85,1500,1589,1500,19645,29857489,18561038,28119972570
20260901,376270,KR7376270005,HEM파마,KOSDAQ,39450,-50,-.13,39850,40200,38700,6623,257826300,7219147,284795349150
20260901,376290,KR7376290003,씨유테크,KOSDAQ,2860,-80,-2.72,2940,2975,2800,13156,37719355,17657500,50500450000
20260901,376300,KR7376300000,디어유,KOSDAQ,18650,90,.48,18400,18800,18370,57884,1074158140,23738406,442721271900
20260901,376900,KR7376900007,로킷헬스케어,KOSDAQ,26000,-1300,-4.76,27050,27050,25650,74773,1959300150,17409290,452641540000
20260901,376930,KR7376930004,노을,KOSDAQ,334,0,0,0,0,0,0,0,51291323,17131301882
20260901,376980,KR7376980009,원티드랩,KOSDAQ,3385,-25,-.73,3410,3425,3350,5664,19162675,9766394,33059243690
20260901,377030,KR7377030002,비트맥스,KOSDAQ,1796,15,.84,1858,1859,1675,28392,49845425,14291702,25667896792
20260901,377190,KR7377190004,디앤디플랫폼리츠,KOSPI,2220,20,.91,2200,2235,2190,115859,256164780,88400000,196248000000
20260901,377220,KR7377220009,프롬바이오,KOSDAQ,3000,40,1.35,2960,3305,2930,150364,469917056,5662000,16986000000
20260901,377300,KR7377300009,카카오페이,KOSPI,45900,-550,-1.18,46800,47300,45150,227816,10436682100,135272685,6209016241500
20260901,377330,KR7377330006,이지트로닉스,KOSDAQ,2680,40,1.52,2720,2720,2595,2354,6269255,8139954,21815076720
20260901,377450,KR7377450002,리파인,KOSDAQ,16710,0,0,16700,16770,16630,215703,3603386280,17330000,289584300000
20260901,377460,KR7377460001,큐에이드,KOSDAQ,4080,0,0,0,0,0,0,0,62055687,253187202960
20260901,377480,KR7377480009,마음AI,KOSDAQ,10160,-40,-.39,10200,10290,10000,23190,234003275,7110275,72240394000
20260901,377740,KR7377740006,바이오노트,KOSPI,4800,30,.63,4755,4835,4720,40996,194890720,101886048,489053030400
20260901,378340,KR7378340004,필에너지,KOSDAQ,11810,600,5.35,12430,12510,11670,200729,2415335015,21643882,255614246420
20260901,378800,KR7378800007,샤페론,KOSDAQ,502,-5,-.99,510,513,488,292672,145359564,46243031,23214001562
20260901,378850,KR7378850002,화승알앤에이,KOSPI,3040,30,1,2970,3040,2950,51226,153025781,18993623,57740613920
20260901,379390,KR7379390008,이성씨엔아이,KONEX,5600,0,0,0,0,0,0,0,2841460,15912176000
20260901,380540,KR7380540005,옵티코어,KOSDAQ,8450,0,0,0,0,0,0,0,24456583,206658126350
20260901,380550,KR7380550004,뉴로핏,KOSDAQ,7770,-70,-.89,7990,7990,7490,19913,154764780,12198866,94785188820
20260901,381620,KR7381620004,제닉스로보틱스,KOSDAQ,6050,40,.67,6030,6080,5910,40471,242277110,13117920,79363416000
20260901,381970,KR7381970003,케이카,KOSPI,6430,60,.94,6370,6430,6320,36900,235477480,48820848,313918052640
20260901,382150,KR7382150001,온코크로스,KOSDAQ,3795,0,0,3830,4540,3600,604004,2499314522,13046354,49510913430
20260901,382480,KR7382480002,지아이텍,KOSDAQ,1645,6,.37,1639,1656,1618,128899,210344084,39357140,64742495300
20260901,382800,KR7382800001,지앤비에스 에코,KOSDAQ,5090,-250,-4.68,5360,5360,5060,615376,3161180445,31831041,162019998690
20260901,382840,KR7382840007,원준,KOSDAQ,5160,-150,-2.82,5260,5300,5090,68280,352669125,15271581,78801357960
20260901,382900,KR7382900009,범한퓨얼셀,KOSDAQ,16850,-420,-2.43,17240,17250,16650,31997,538304375,8761000,147622850000
20260901,383220,KR7383220001,F&F,KOSPI,68300,1400,2.09,65900,69000,65100,78448,5287050950,38307075,2616373222500
20260901,383310,KR7383310000,에코프로에이치엔,KOSDAQ,24050,-1300,-5.13,25450,27950,23850,662389,16966722200,20974932,504447114600
20260901,383800,KR7383800000,LX홀딩스,KOSPI,8270,90,1.1,8200,8290,8170,83310,686010800,76280690,630841306300
20260901,38380K,KR738380K012,LX홀딩스1우,KOSPI,7730,10,.13,7750,7750,7530,567,4327120,1465285,11326653050
20260901,383930,KR7383930005,디티앤씨알오,KOSDAQ,1550,2,.13,1589,1589,1485,48678,73033003,12784128,19815398400
20260901,384470,KR7384470001,코어라인소프트,KOSDAQ,2585,-35,-1.34,2620,2690,2520,25649,65369032,17946692,46392198820
20260901,387570,KR7387570005,파인메딕스,KOSDAQ,6500,0,0,6410,6500,6300,8713,55769660,5625900,36568350000
20260901,387690,KR7387690001,레메디,KOSDAQ,14490,-70,-.48,14410,15220,14060,1455506,21336044690,7625791,110497711590
20260901,388050,KR7388050007,지투파워,KOSDAQ,9600,-310,-3.13,9910,10040,9450,442891,4287727810,18709437,179610595200
20260901,388210,KR7388210007,씨엠티엑스,KOSDAQ,71800,-800,-1.1,73100,73100,70500,16049,1147416100,9654438,693188648400
20260901,388610,KR7388610008,지에프씨생명과학,KOSDAQ,5350,80,1.52,5420,5420,5200,8548,45282840,5325383,28490799050
20260901,388720,KR7388720005,유일로보틱스,KOSDAQ,65300,-1100,-1.66,66600,68300,65000,23649,1560643650,11781345,769321828500
20260901,388790,KR7388790008,라이콤,KOSDAQ,4215,-245,-5.49,4500,4500,4145,290872,1229524436,30614160,129038684400
20260901,388870,KR7388870008,파로스아이바이오,KOSDAQ,5400,270,5.26,5060,5400,5030,29450,151250550,12945932,69908032800
20260901,389020,KR7389020009,자람테크놀로지,KOSDAQ,22150,-550,-2.42,22350,22950,22150,12347,276562925,6905082,152947566300
20260901,389030,KR7389030008,지니너스,KOSDAQ,1875,-56,-2.9,1913,1915,1811,410083,757785607,39392271,73860508125
20260901,389140,KR7389140005,포바이포,KOSDAQ,5160,-80,-1.53,5140,5250,5130,25279,130980965,14269735,73631832600
20260901,389260,KR7389260001,대명에너지,KOSDAQ,13180,-150,-1.13,13330,13380,12920,54081,707171555,17916325,236137163500
20260901,389470,KR7389470006,인벤티지랩,KOSDAQ,29500,1150,4.06,28850,29700,28250,31895,924290200,13307708,392577386000
20260901,389500,KR7389500000,에스비비테크,KOSDAQ,37200,-750,-1.98,38600,38650,36300,58537,2155352375,6663472,247881158400
20260901,389650,KR7389650003,넥스트바이오메디컬,KOSDAQ,33350,150,.45,32900,34500,32200,22692,752427325,8277286,276047488100
20260901,389680,KR7389680000,유디엠텍,KOSDAQ,1850,-78,-4.05,2120,2120,1839,109502,208989193,8320693,15393282050
20260901,390110,KR7390110005,애니메디솔루션,KONEX,278,-48,-14.72,330,330,278,1638,455936,9697047,2695779066
20260901,391710,KR7391710001,코닉오토메이션,KOSDAQ,1182,-21,-1.75,1178,1262,1152,17814,20999701,42620470,50377395540
20260901,393210,KR7393210000,토마토시스템,KOSDAQ,2370,10,.42,2380,2385,2305,11183,26190285,15614544,37006469280
20260901,393890,KR7393890009,더블유씨피,KOSDAQ,10960,1100,11.16,10020,11800,9700,1363280,15103374105,33843144,370920858240
20260901,393970,KR7393970009,대진첨단소재,KOSDAQ,2825,0,0,0,0,0,0,0,17850820,50428566500
20260901,394280,KR7394280002,오픈엣지테크놀로지,KOSDAQ,9010,-230,-2.49,9280,9280,8940,32596,293909010,26346530,237382235300
20260901,394420,KR7394420004,리센스메디컬,KOSDAQ,10400,-960,-8.45,11650,11700,10150,129239,1372233180,10999701,114396890400
20260901,394800,KR7394800007,쓰리빌리언,KOSDAQ,5060,-120,-2.32,5220,5330,4980,104216,527206140,31822553,161022118180
20260901,395400,KR7395400005,SK리츠,KOSPI,5390,-70,-1.28,5400,5400,5270,275364,1466509070,301017620,1622484971800
20260901,396270,KR7396270001,넥스트칩,KOSDAQ,2035,15,.74,2020,2070,1980,114696,232340433,32887431,66925922085
20260901,396300,KR7396300006,세아메카닉스,KOSDAQ,5200,630,13.79,4600,5350,4575,5515275,28337285315,26489500,137745400000
20260901,396470,KR7396470007,워트,KOSDAQ,6300,-130,-2.02,6320,6420,6250,55826,352210765,16120000,101556000000
20260901,396690,KR7396690000,미래에셋글로벌리츠,KOSPI,1522,7,.46,1515,1530,1505,19173,29064724,39605940,60280240680
20260901,397030,KR7397030008,에이프릴바이오,KOSDAQ,18020,110,.61,17750,18490,17650,191781,3466574280,27558782,496609251640
20260901,397810,KR7397810003,애드포러스,KOSDAQ,6980,0,0,6810,7090,6630,10673,73121755,5160770,36022174600
20260901,398120,KR7398120006,에스지헬스케어,KOSDAQ,1777,-50,-2.74,1827,1844,1694,123024,213449271,11841511,21042365047
20260901,399720,KR7399720002,가온칩스,KOSDAQ,43550,-500,-1.14,44000,44050,42950,42628,1847081300,11858844,516452656200
20260901,400760,KR7400760005,NH올원리츠,KOSPI,2870,-10,-.35,2880,2880,2835,54648,155894185,54929275,157647019250
20260901,402030,KR7402030001,코난테크놀로지,KOSDAQ,14170,20,.14,14200,14430,14000,13147,186140940,12517488,177372804960
20260901,402340,KR7402340004,SK스퀘어,KOSPI,1067000,30000,2.89,1016000,1072000,1010000,461669,482430394000,131923998,140762905866000
20260901,402420,KR7402420004,켈스,KONEX,1700,0,0,1700,1899,1700,33,57399,2348763,3992897100
20260901,402490,KR7402490007,그린리소스,KOSDAQ,6550,-150,-2.24,6630,6740,6540,36531,241297500,16935217,110925671350
20260901,403360,KR7403360001,라피치,KONEX,6020,70,1.18,6190,6190,5900,677,3995420,3767635,22681162700
20260901,403490,KR7403490006,우듬지팜,KOSDAQ,2490,110,4.62,2355,2490,2350,13377,32003219,9186492,22874365080
20260901,403550,KR7403550007,쏘카,KOSPI,11420,20,.18,11220,11500,11220,12433,141228750,37939942,433274137640
20260901,403810,KR7403810005,아이엘로보틱스,KONEX,2195,-35,-1.57,2190,2200,2190,3707,8152395,9937346,21812474470
20260901,403850,KR7403850001,더핑크퐁컴퍼니,KOSDAQ,13670,1950,16.64,12880,14000,11720,737691,9777586835,14351010,196178306700
20260901,403870,KR7403870009,HPSP,KOSDAQ,51000,800,1.59,49550,51750,48200,1734635,87352988725,82300000,4197300000000
20260901,404990,KR7404990004,신한서부티엔디리츠,KOSPI,3920,35,.9,3885,3920,3840,56084,217446260,61627860,241581211200
20260901,405000,KR7405000001,플라즈맵,KOSDAQ,3520,-90,-2.49,3605,3715,3500,5339,18905592,5373532,18914832640
20260901,405100,KR7405100009,큐알티,KOSDAQ,12630,180,1.45,12340,12730,12320,15794,196801260,12289301,155213871630
20260901,405920,KR7405920000,나라셀라,KOSDAQ,1768,9,.51,1759,1814,1737,3948,6938786,12878076,22768438368
20260901,406820,KR7406820001,뷰티스킨,KOSDAQ,2015,-35,-1.71,2060,2080,1972,126436,253012154,14136157,28484356355
20260901,407400,KR7407400001,꿈비,KOSDAQ,2145,30,1.42,2065,2210,2065,28841,61938732,14634534,31391075430
20260901,408470,KR7408470003,한패스,KOSDAQ,5560,320,6.11,5150,6190,5150,428962,2458912820,10572000,58780320000
20260901,408900,KR7408900009,스튜디오미르,KOSDAQ,1219,39,3.31,1163,1270,1110,214779,253708269,32752929,39925820451
20260901,408920,KR7408920007,메쎄이상,KOSDAQ,3255,0,0,3255,3315,3200,11758,38107270,43232455,140721641025
20260901,411080,KR7411080005,샌즈랩,KOSDAQ,4290,120,2.88,4170,4335,4075,79821,337389040,15267638,65498167020
20260901,412350,KR7412350001,레이저쎌,KOSDAQ,4600,230,5.26,4355,4620,4250,143942,648341736,14603043,67173997800
20260901,412540,KR7412540007,제일엠앤에스,KOSDAQ,3935,0,0,0,0,0,0,0,20600665,81063616775
20260901,413300,KR7413300005,티엘엔지니어링,KONEX,1997,-3,-.15,1997,1997,1997,1,1997,1351515,2698975455
20260901,413390,KR7413390006,엠오티,KOSDAQ,7700,-50,-.65,7750,7820,7330,23133,178190820,11580180,89167386000
20260901,413630,KR7413630005,씨피시스템,KOSDAQ,4380,340,8.42,4160,4380,4110,4718911,20071549993,36436605,159592329900
20260901,413640,KR7413640004,비아이매트릭스,KOSDAQ,5650,-50,-.88,5540,5700,5540,2628,14819460,7206940,40719211000
20260901,415380,KR7415380005,스튜디오삼익,KOSDAQ,2020,29,1.46,1991,2060,1951,23185,46816982,11442975,23114809500
20260901,415640,KR7415640002,KB발해인프라,KOSPI,10540,-40,-.38,10580,10580,10370,149339,1565144040,122545548,1291630075920
20260901,416180,KR7416180008,신성에스티,KOSDAQ,24950,-1000,-3.85,25600,26450,24950,18824,479251925,9039778,225542461100
20260901,417010,KR7417010006,나노팀,KOSDAQ,6860,-130,-1.86,6910,7570,6710,1481064,10556425660,20172728,138384914080
20260901,417030,KR7417030004,니어스랩,KOSDAQ,32200,3500,12.2,28750,32550,28500,934071,29074929900,5777556,186037303200
20260901,417180,KR7417180007,핑거스토리,KOSDAQ,4485,185,4.3,4265,4525,4200,5243,23252645,4309215,19326829275
20260901,417200,KR7417200003,LS머트리얼즈,KOSDAQ,11300,-320,-2.75,11510,11980,11190,308929,3500186575,67652659,764475046700
20260901,417310,KR7417310000,코람코더원리츠,KOSPI,2370,15,.64,2365,2370,2350,250791,592212794,40400000,95748000000
20260901,417500,KR7417500006,제이아이테크,KOSDAQ,3520,-80,-2.22,3565,3570,3475,74686,261704060,32784744,115402298880
20260901,417790,KR7417790003,트루엔,KOSDAQ,7100,160,2.31,6990,7100,6850,24096,168534680,10468391,74325576100
20260901,417840,KR7417840006,저스템,KOSDAQ,14110,210,1.51,14160,14180,13530,546122,7623023725,22869381,322686965910
20260901,417860,KR7417860004,오브젠,KOSDAQ,7080,-10,-.14,6950,7110,6950,3911,27433270,4706906,33324894480
20260901,417970,KR7417970001,모델솔루션,KOSDAQ,10540,-360,-3.3,10900,10910,10500,8744,92558570,6396700,67421218000
20260901,418250,KR7418250007,시큐레터,KOSDAQ,6550,0,0,0,0,0,0,0,7271605,47629012750
20260901,418420,KR7418420006,라온텍,KOSDAQ,4415,390,9.69,4020,5050,3930,2288964,10580280922,30774558,135869673570
20260901,418470,KR7418470001,KT밀리의서재,KOSDAQ,9820,-80,-.81,9890,9920,9750,17527,172228990,8565789,84116047980
20260901,418550,KR7418550000,제이오,KOSDAQ,4770,5,.1,4765,4875,4675,79021,376866585,32017673,152724300210
20260901,418620,KR7418620001,E8,KOSDAQ,514,-1,-.19,537,539,485,539825,272772613,19850477,10203145178
20260901,419050,KR7419050000,삼기에너지솔루션즈,KOSDAQ,1634,51,3.22,1584,1719,1584,2196397,3625365922,57196240,93458656160
20260901,419080,KR7419080007,엔젯,KOSDAQ,5440,-200,-3.55,5480,5590,5390,32037,174573780,10871817,59142684480
20260901,419120,KR7419120001,산돌,KOSDAQ,2365,0,0,2310,2395,2310,4787,11265154,14223089,33637605485
20260901,419530,KR7419530001,SAMG엔터,KOSDAQ,20250,250,1.25,20050,20600,19900,54962,1111987405,10207337,206698574250
20260901,419540,KR7419540000,비스토스,KOSDAQ,3345,-105,-3.04,3450,3505,3345,16602,56444050,5958253,19930356285
20260901,420570,KR7420570004,제이투케이바이오,KOSDAQ,10860,680,6.68,10180,11180,10180,118687,1273841555,5847483,63503665380
20260901,420770,KR7420770000,기가비스,KOSDAQ,104800,-7900,-7.01,108100,111000,100000,159085,16481369450,12675758,1328419438400
20260901,424760,KR7424760007,벨로크,KOSDAQ,2690,190,7.6,2490,2735,2485,108733,289580855,10054368,27046249920
20260901,424870,KR7424870004,이뮨온시아,KOSDAQ,2950,-50,-1.67,2995,2995,2905,110473,325574355,91337509,269445651550
20260901,424960,KR7424960003,스마트레이더시스템,KOSDAQ,3950,-40,-1,3990,4050,3800,14229,56168883,16485110,65116184500
20260901,424980,KR7424980001,마이크로투나노,KOSDAQ,7010,40,.57,6980,7210,6810,6603,45970260,5918890,41491418900
20260901,425040,KR7425040003,티이엠씨,KOSDAQ,8640,-220,-2.48,8870,8920,8590,95545,827587900,21922898,189413838720
20260901,425420,KR7425420007,티에프이,KOSDAQ,44700,-1550,-3.35,46250,46550,44050,70502,3155933025,12347181,551918990700
20260901,429270,KR7429270002,시지트로닉스,KOSDAQ,3655,105,2.96,3550,3720,3505,39570,143669295,6449231,23571939305
20260901,430690,KR7430690008,한싹,KOSDAQ,2550,5,.2,2470,2570,2470,30032,75954782,10895304,27783025200
20260901,431190,KR7431190008,케이쓰리아이,KOSDAQ,3045,165,5.73,2880,3045,2835,39074,114731340,7486442,22796215890
20260901,432320,KR7432320000,KB스타리츠,KOSPI,1449,4,.28,1443,1468,1433,147743,213915632,150764285,218457448965
20260901,432430,KR7432430007,와이랩,KOSDAQ,2145,35,1.66,2115,2165,2090,4773,10112420,16508320,35410346400
20260901,432470,KR7432470003,케이엔에스,KOSDAQ,10730,800,8.06,9940,10980,9860,576816,6109390930,8771556,94118795880
20260901,432720,KR7432720001,퀄리타스반도체,KOSDAQ,8890,-180,-1.98,9060,9060,8790,26401,234708795,14187572,126127515080
20260901,432980,KR7432980001,엠에프씨,KOSDAQ,2525,-70,-2.7,2595,2600,2525,5536,14150120,8591742,21694148550
20260901,434190,KR7434190005,탈로스,KONEX,2655,75,2.91,2595,2685,2405,370,905590,7369434,19565847270
20260901,434480,KR7434480000,모니터랩,KOSDAQ,2675,0,0,2700,2700,2610,7326,19282765,12310300,32930052500
20260901,435570,KR7435570007,에르코스,KOSDAQ,7240,50,.7,6960,7350,6910,8115,58262970,7616983,55146956920
20260901,437730,KR7437730005,삼현,KOSDAQ,31050,-1050,-3.27,32600,32950,31000,87453,2751971925,31707567,984519955350
20260901,438700,KR7438700007,버넥트,KOSDAQ,1875,-45,-2.34,1938,1965,1867,64023,121027889,11144890,20896668750
20260901,439090,KR7439090002,마녀공장,KOSDAQ,17090,-330,-1.89,17360,17530,16900,82568,1414613375,16393260,280160813400
20260901,439260,KR7439260001,대한조선,KOSPI,47250,-250,-.53,47300,47700,46600,36168,1700107075,38088730,1799692492500
20260901,439580,KR7439580002,블루엠텍,KOSDAQ,1924,-37,-1.89,1961,1995,1888,88755,170066519,33846547,65120756428
20260901,439960,KR7439960006,코스모로보틱스,KOSDAQ,12440,-10,-.08,12650,12660,12090,507864,6242075330,32450626,403685787440
20260901,440110,KR7440110005,파두,KOSDAQ,63100,-2600,-3.96,64700,65000,62100,241652,15235256100,50111027,3162005803700
20260901,440290,KR7440290005,HB인베스트먼트,KOSDAQ,1750,8,.46,1740,1753,1731,28072,48847542,27506430,48136252500
20260901,440320,KR7440320000,오픈놀,KOSDAQ,2375,-85,-3.46,2460,2530,2350,11644,27739743,9980000,23702500000
20260901,441270,KR7441270006,파인엠텍,KOSDAQ,8370,50,.6,8450,8490,8090,431194,3577356155,42204932,353255280840
20260901,443060,KR7443060009,HD현대마린솔루션,KOSPI,203000,-4500,-2.17,207000,209000,201000,56403,11491782500,44833460,9101192380000
20260901,443250,KR7443250006,레뷰코퍼레이션,KOSDAQ,5700,-170,-2.9,5800,6750,5700,100159,619086530,10809817,61615956900
20260901,443670,KR7443670005,에스피소프트,KOSDAQ,3820,80,2.14,3715,4160,3685,4297084,16972920944,24010564,91720354480
20260901,444530,KR7444530000,심플랫폼,KOSDAQ,4640,-15,-.32,4655,4835,4640,2724,12792680,6431786,29843487040
20260901,445090,KR7445090004,에이직랜드,KOSDAQ,20600,-150,-.72,20400,20750,20200,13039,266067250,10925658,225068554800
20260901,445180,KR7445180003,퓨릿,KOSDAQ,8520,-20,-.23,8380,8520,8370,9494,79893860,17189188,146451881760
20260901,445680,KR7445680002,큐리옥스바이오시스템즈,KOSDAQ,51200,-500,-.97,50700,51700,50100,54746,2783216150,17211487,881228134400
20260901,446070,KR7446070005,유니드비티플러스,KOSPI,3945,-5,-.13,3915,3945,3865,27553,107662077,10611215,41861243175
20260901,446440,KR7446440000,에피바이오텍,KONEX,12700,-1690,-11.74,14390,14390,12240,206,2549770,2306879,29297363300
20260901,446540,KR7446540007,메가터치,KOSDAQ,7260,140,1.97,7260,7350,6880,106367,760759960,29079111,211114345860
20260901,446840,KR7446840001,지슨,KOSDAQ,3475,160,4.83,3315,3600,3235,30411,107006110,11016616,38282740600
20260901,447690,KR7447690009,아이오바이오,KONEX,2455,-125,-4.84,2575,2575,2455,2,5030,2772756,6807115980
20260901,448280,KR7448280008,에코아이,KOSDAQ,9450,-190,-1.97,9410,9680,9390,5531,52632580,29631129,280014169050
20260901,448710,KR7448710004,코츠테크놀로지,KOSDAQ,11860,-70,-.59,11950,12080,11730,8081,95325980,5285292,62683563120
20260901,448730,KR7448730002,삼성FN리츠,KOSPI,5530,30,.55,5500,5530,5390,11872,64899760,91050000,503506500000
20260901,448780,KR7448780007,마이크로엔엑스,KONEX,800,38,4.99,800,800,800,1,800,2677680,2142144000
20260901,448900,KR7448900001,한국피아이엠,KOSDAQ,49900,-700,-1.38,51100,52200,48750,44181,2224178575,6074457,303115404300
20260901,450080,KR7450080007,에코프로머티,KOSPI,37400,-1300,-3.36,38600,40200,37200,378520,14538467350,70813870,2648438738000
20260901,450330,KR7450330006,하스,KOSDAQ,5070,-30,-.59,5070,5120,5020,1987,10032515,8186843,41507294010
20260901,450520,KR7450520002,인스웨이브,KOSDAQ,1845,-55,-2.89,1953,1953,1836,3381,6305225,14704578,27129946410
20260901,450950,KR7450950001,아스테라시스,KOSDAQ,5360,-40,-.74,5430,5430,5180,9806,51602030,37627592,201683893120
20260901,451220,KR7451220008,아이엠티,KOSDAQ,8850,-100,-1.12,8950,8950,8610,8806,76797800,7874611,69690307350
20260901,451250,KR7451250005,삐아,KOSDAQ,7860,160,2.08,7680,7860,7630,22673,175460220,10225877,80375393220
20260901,451760,KR7451760003,컨텍,KOSDAQ,7140,-50,-.7,7280,7330,7040,33570,238893075,16507774,117865506360
20260901,451800,KR7451800007,한화리츠,KOSPI,5280,-70,-1.31,5350,5350,5230,28730,151564880,179600000,948288000000
20260901,452160,KR7452160005,제이엔비,KOSDAQ,3210,-15,-.47,3195,3210,3105,2722,8595137,9617527,30872261670
20260901,452190,KR7452190002,한빛레이저,KOSDAQ,3990,50,1.27,3940,4175,3870,485077,1945001651,23920557,95443022430
20260901,452200,KR7452200009,민테크,KOSDAQ,1660,-17,-1.01,1677,1693,1610,54754,89631892,24332800,40392448000
20260901,452260,KR7452260003,한화갤러리아,KOSPI,2115,70,3.42,2005,2150,2005,1260922,2604387954,193859610,410013075150
20260901,45226K,KR745226K018,한화갤러리아우,KOSPI,4075,40,.99,4080,4080,3965,5029,20224920,2904470,11835715250
20260901,452280,KR7452280001,한선엔지니어링,KOSDAQ,10290,-360,-3.38,10600,10690,9760,412694,4153708035,19247670,198058524300
20260901,452300,KR7452300007,캡스톤파트너스,KOSDAQ,2295,-40,-1.71,2360,2560,2270,523403,1261808720,14169505,32519013975
20260901,452400,KR7452400005,이닉스,KOSDAQ,6050,20,.33,6100,6100,5950,4237,25450620,9071428,54882139400
20260901,452430,KR7452430002,사피엔반도체,KOSDAQ,29300,-650,-2.17,29650,30750,29000,12014,353394800,8255421,241883835300
20260901,452450,KR7452450000,피아이이,KOSDAQ,3425,105,3.16,3320,3485,3220,49030,166182440,36028500,123397612500
20260901,453340,KR7453340002,현대그린푸드,KOSPI,18900,0,0,18900,19000,18610,27717,520809990,32471587,613712994300
20260901,453450,KR7453450009,그리드위즈,KOSDAQ,13530,-650,-4.58,13920,14230,13270,34170,460407525,7942750,107465407500
20260901,453860,KR7453860009,에이에스텍,KOSDAQ,8470,-150,-1.74,8650,8650,8190,7947,66043470,6444423,54584262810
20260901,454910,KR7454910001,두산로보틱스,KOSPI,69000,-2000,-2.82,71000,71800,68600,274750,19042368950,64819980,4472578620000
20260901,455180,KR7455180000,케이지에이,KOSDAQ,1334,-58,-4.17,1383,1383,1312,20543,27547410,14699056,19608540704
20260901,455900,KR7455900001,엔젤로보틱스,KOSDAQ,20250,-550,-2.64,20900,20950,20250,27603,563645700,15392981,311707865250
20260901,456010,KR7456010008,아이씨티케이,KOSDAQ,15430,-390,-2.47,15700,15700,15240,90753,1395476440,14502350,223771260500
20260901,456040,KR7456040005,OCI,KOSPI,80700,-2200,-2.65,83100,84000,80200,31155,2531223850,8952495,722466346500
20260901,456070,KR7456070002,이엔셀,KOSDAQ,5800,-120,-2.03,5920,5920,5740,20092,116373820,11029517,63971198600
20260901,456160,KR7456160001,지투지바이오,KOSDAQ,38600,-2750,-6.65,40850,41100,38100,136010,5319259175,16629426,641895843600
20260901,456190,KR7456190008,큐라켐,KONEX,7210,0,0,0,0,0,0,0,1834286,13225202060
20260901,456570,KR7456570001,아이엠지티,KONEX,13570,270,2.03,13600,13600,13100,166,2210490,5264804,71443390280
20260901,457190,KR7457190007,이수스페셜티케미컬,KOSPI,69600,-400,-.57,69900,75700,68100,308786,22211141400,30218872,2103233491200
20260901,457370,KR7457370005,한켐,KOSDAQ,8690,120,1.4,8470,9100,8440,856683,7563076805,8067134,70103394460
20260901,457550,KR7457550002,우진엔텍,KOSDAQ,13350,-260,-1.91,13610,13770,13160,53806,716147640,9318958,124408089300
20260901,457600,KR7457600005,벡트,KOSDAQ,5470,0,0,5480,5700,5000,232584,1264873190,13707500,74980025000
20260901,458350,KR7458350006,에스팀,KOSDAQ,3405,5,.15,3345,3550,3345,12265,41496690,8683200,29566296000
20260901,458650,KR7458650009,성우,KOSDAQ,8110,170,2.14,7930,8190,7900,15586,125557630,15045670,122020383700
20260901,458870,KR7458870003,씨어스,KOSDAQ,21000,-150,-.71,21150,21250,20550,107136,2235478375,38345362,805252602000
20260901,459100,KR7459100004,위츠,KOSDAQ,4245,0,0,4205,4245,4150,10826,45356875,13466100,57163594500
20260901,459510,KR7459510004,나우로보틱스,KOSDAQ,14650,-190,-1.28,15150,15150,14600,24709,364283420,12978382,190133296300
20260901,459550,KR7459550000,알트,KOSDAQ,2225,-75,-3.26,2345,2345,2205,1152237,2605337092,25220761,56116193225
20260901,460470,KR7460470008,아이빔테크놀로지,KOSDAQ,2895,50,1.76,2845,2895,2785,10553,29994015,15119370,43770576150
20260901,460850,KR7460850001,동국씨엠,KOSPI,5320,20,.38,5300,5370,5230,24738,130308450,29898656,159060849920
20260901,460860,KR7460860000,동국제강,KOSPI,10390,180,1.76,10320,10820,10200,181447,1908758320,49608017,515427296630
20260901,460870,KR7460870009,에스엠씨지,KOSDAQ,2930,-15,-.51,2880,2980,2880,37421,109182620,20073304,58814780720
20260901,460930,KR7460930001,현대힘스,KOSDAQ,13740,250,1.85,13500,14350,13200,284993,3877813495,35510671,487916619540
20260901,460940,KR7460940000,피앤에스로보틱스,KOSDAQ,5090,-10,-.2,5200,5300,5060,30721,156742050,13455280,68487375200
20260901,461030,KR7461030009,아이엠비디엑스,KOSDAQ,3005,-25,-.83,2910,3035,2910,27852,83345887,14334517,43075223585
20260901,461300,KR7461300006,아이스크림미디어,KOSDAQ,19470,70,.36,19440,19740,19220,23146,450147440,13333933,259611675510
20260901,462310,KR7462310004,뉴키즈온,KOSDAQ,3910,-90,-2.25,4000,4000,3800,19943,77511081,7898605,30883545550
20260901,462350,KR7462350000,이노스페이스,KOSDAQ,5860,-130,-2.17,5990,6040,5790,132889,778590220,33881572,198546011920
20260901,462510,KR7462510009,라메디텍,KOSDAQ,2840,-30,-1.05,2880,3000,2780,9515,27034955,8802965,25000420600
20260901,462520,KR7462520008,조선내화,KOSPI,13230,100,.76,13130,13230,13090,4664,61259325,11855168,156843872640
20260901,462860,KR7462860008,더즌,KOSDAQ,3260,315,10.7,3120,3315,3035,6796694,21665469605,71756523,233926264980
20260901,462870,KR7462870007,시프트업,KOSPI,33050,400,1.23,32450,33600,32100,30366,1002381275,58741890,1941419464500
20260901,462980,KR7462980004,아이지넷,KOSDAQ,1563,-7,-.45,1571,1587,1540,31253,49422899,18234437,28500425031
20260901,463020,KR7463020008,뉴엔AI,KOSDAQ,8750,-150,-1.69,8900,8900,8590,49521,431914555,8987200,78638000000
20260901,463480,KR7463480004,모티브링크,KOSDAQ,4025,-20,-.49,3925,4055,3925,5865,23344905,12390358,49871190950
20260901,464080,KR7464080001,에스오에스랩,KOSDAQ,10110,-30,-.3,10140,10350,9860,63612,639055160,18013569,182117182590
20260901,464280,KR7464280007,티디에스팜,KOSDAQ,6190,130,2.15,6010,6240,6010,21761,133726090,5530000,34230700000
20260901,464490,KR7464490002,쿼드메디슨,KOSDAQ,5060,-10,-.2,5160,5160,4990,16424,82642425,11482113,58099491780
20260901,464500,KR7464500008,아이언디바이스,KOSDAQ,1773,-79,-4.27,1852,1852,1735,51679,91614570,13993263,24810055299
20260901,464580,KR7464580000,닷밀,KOSDAQ,1642,-4,-.24,1591,1650,1563,11692,18696596,18406089,30222798138
20260901,465320,KR7465320000,교보15호스팩,KOSDAQ,2135,0,0,2140,2140,2135,83325,178038127,3810000,8134350000
20260901,465480,KR7465480002,인스피언,KOSDAQ,3460,-25,-.72,3555,3680,3375,7778,27057430,10137772,35076691120
20260901,465770,KR7465770006,STX그린로지스,KOSPI,3020,-220,-6.79,3155,3425,3000,671952,2147089223,7218380,21799507600
20260901,466100,KR7466100005,클로봇,KOSDAQ,25350,50,.2,26300,26350,25200,225372,5752034325,25459239,645391708650
20260901,466410,KR7466410008,사이냅소프트,KOSDAQ,8800,190,2.21,8700,8900,8580,6049,52787460,5037023,44325802400
20260901,466690,KR7466690005,키움히어로제1호스팩,KOSDAQ,2010,10,.5,2020,2020,2005,335,673330,5095000,10240950000
20260901,468530,KR7468530001,프로티나,KOSDAQ,34400,-650,-1.85,34550,34850,33100,63030,2149567675,11035208,379611155200
20260901,468760,KR7468760004,유진스팩10호,KOSDAQ,2080,0,0,0,0,0,0,0,4240000,8819200000
20260901,469480,KR7469480008,IBKS제24호스팩,KOSDAQ,2130,0,0,0,0,0,0,0,4230000,9009900000
20260901,469610,KR7469610000,이노테크,KOSDAQ,15730,-70,-.44,15790,16080,15540,44101,693026690,8942900,140671817000
20260901,469750,KR7469750004,아이비젼웍스,KOSDAQ,987,42,4.44,945,987,911,126916,120735268,34456481,34008546747
20260901,469900,KR7469900005,하나31호스팩,KOSDAQ,2097,2,.1,2095,2100,2095,84416,177155920,5605000,11753685000
20260901,471820,KR7471820001,셀로맥스사이언스,KOSDAQ,4065,-40,-.97,4040,4180,4040,1757,7185720,11302879,45946203135
20260901,472220,KR7472220003,신영스팩10호,KOSDAQ,2110,0,0,0,0,0,0,0,4690000,9895900000
20260901,472230,KR7472230002,에스케이증권제11호스팩,KOSDAQ,2105,0,0,2100,2105,2100,26722,56152700,4155000,8746275000
20260901,472850,KR7472850007,폰드그룹,KOSDAQ,5200,-160,-2.99,5320,5320,4990,186429,950125335,57571652,299372590400
20260901,473000,KR7473000008,에스케이증권제12호스팩,KOSDAQ,2085,10,.48,2075,2085,2075,1530,3182365,3310000,6901350000
20260901,473050,KR7473050003,유안타제15호스팩,KOSDAQ,2105,0,0,2105,2105,2100,36750,77246765,7010000,14756050000
20260901,473950,KR7473950004,에스케이증권제13호스팩,KOSDAQ,2060,10,.49,2055,2060,2055,12,24710,4420000,9105200000
20260901,473980,KR7473980001,노머스,KOSDAQ,11460,-340,-2.88,11800,12000,11350,30993,358133235,10882752,124716337920
20260901,474170,KR7474170008,루미르,KOSDAQ,6320,-190,-2.92,6500,6540,6250,26615,169514920,17817696,112607838720
20260901,474490,KR7474490000,유안타제16호스팩,KOSDAQ,2075,0,0,2080,2080,2075,6241,12981165,5510000,11433250000
20260901,474610,KR7474610003,RF시스템즈,KOSDAQ,7100,-360,-4.83,7390,7500,6940,60459,430458280,14415220,102348062000
20260901,474650,KR7474650009,링크솔루션,KOSDAQ,24200,-750,-3.01,24750,24750,23500,19874,475339700,5752032,139199174400
20260901,474660,KR7474660008,신한제12호스팩,KOSDAQ,2085,-5,-.24,2085,2095,2085,20344,42417275,5520000,11509200000
20260901,474930,KR7474930005,신한제13호스팩,KOSDAQ,2105,5,.24,2105,2105,2105,2,4210,3620000,7620100000
20260901,475040,KR7475040002,스트라드비젼,KOSDAQ,3075,20,.65,3045,3120,3030,281632,863037243,53825322,165512865150
20260901,475150,KR7475150009,SK이터닉스,KOSPI,51800,-3200,-5.82,55000,55000,51800,1060260,55843207150,34067004,1764670807200
20260901,475230,KR7475230009,엔알비,KOSDAQ,10100,-540,-5.08,10640,10650,10100,63338,652758190,10898683,110076698300
20260901,475240,KR7475240008,하나32호스팩,KOSDAQ,2095,0,0,2105,2105,2092,23,48160,3200000,6704000000
20260901,475250,KR7475250007,하나33호스팩,KOSDAQ,2085,0,0,2085,2085,2085,2773,5781705,3700000,7714500000
20260901,475400,KR7475400008,씨메스로보틱스,KOSDAQ,17970,-330,-1.8,18490,18490,17830,18171,326565210,11806894,212169885180
20260901,475430,KR7475430005,키스트론,KOSDAQ,4250,-60,-1.39,4260,4345,4220,70572,300655419,17848110,75854467500
20260901,475460,KR7475460002,미트박스,KOSDAQ,6800,130,1.95,6690,6810,6610,9633,64872190,5646525,38396370000
20260901,475560,KR7475560009,더본코리아,KOSPI,16480,330,2.04,16000,16620,16000,66235,1081240830,14827970,244364945600
20260901,475580,KR7475580007,에이럭스,KOSDAQ,7420,-70,-.93,7320,7570,7320,31879,236666180,13624900,101096758000
20260901,475660,KR7475660007,에스켐,KOSDAQ,3410,-10,-.29,3405,3420,3320,3447,11534205,7929835,27040737350
20260901,475830,KR7475830006,오름테라퓨틱,KOSDAQ,59200,-5800,-8.92,63500,64100,58500,151982,9105061250,21719590,1285799728000
20260901,475960,KR7475960001,토모큐브,KOSDAQ,29450,-1050,-3.44,30500,30700,29000,33300,979969725,13476174,396873324300
20260901,476040,KR7476040001,오가노이드사이언스,KOSDAQ,6920,-60,-.86,7150,7230,6790,14953,103279840,6585760,45573459200
20260901,476060,KR7476060009,온코닉테라퓨틱스,KOSDAQ,17990,-40,-.22,17430,18440,16900,2945540,52449506155,45407840,816887041600
20260901,476080,KR7476080007,M83,KOSDAQ,4035,-50,-1.22,4060,4115,3905,23202,93034257,8077000,32590695000
20260901,476710,KR7476710009,타조이엔터테인먼트,KONEX,17000,0,0,0,0,0,0,0,1000000,17000000000
20260901,476830,KR7476830005,알지노믹스,KOSDAQ,28750,-1350,-4.49,29850,30150,28600,149141,4326978175,28055436,806593785000
20260901,477340,KR7477340004,에이치엠씨제7호스팩,KOSDAQ,2060,0,0,2055,2060,2055,485,998995,7510000,15470600000
20260901,477380,KR7477380000,미래에셋비전스팩4호,KOSDAQ,2090,-5,-.24,2095,2095,2080,3107,6493185,8100000,16929000000
20260901,477470,KR7477470009,미래에셋비전스팩5호,KOSDAQ,2095,0,0,2095,2095,2070,52,107715,5480000,11480600000
20260901,477760,KR7477760003,DB금융스팩12호,KOSDAQ,2065,0,0,2075,2080,2060,2682,5525400,5840000,12059600000
20260901,477850,KR7477850002,마키나락스,KOSDAQ,24000,-50,-.21,24350,24850,23100,592410,14185685075,17754736,426113664000
20260901,478110,KR7478110000,이베스트스팩6호,KOSDAQ,2055,0,0,2055,2055,2055,434,891870,5020000,10316100000
20260901,478340,KR7478340003,나라스페이스테크놀로지,KOSDAQ,10220,-100,-.97,10320,10320,9900,39962,400996530,11570133,118246759260
20260901,478390,KR7478390008,KB제29호스팩,KOSDAQ,2070,-5,-.24,2075,2080,2070,5238,10842675,6220000,12875400000
20260901,478440,KR7478440001,미래에셋비전스팩6호,KOSDAQ,2070,0,0,2060,2075,2060,304,627760,6930000,14345100000
20260901,478560,KR7478560006,블랙야크아이앤씨,KOSDAQ,3355,50,1.51,3210,3395,3200,52457,172271092,25830298,86660649790
20260901,479880,KR7479880007,한국제15호스팩,KOSDAQ,2065,-5,-.24,2075,2075,2055,10078,20774212,6870000,14186550000
20260901,479960,KR7479960007,위너스일렉,KOSDAQ,6080,-20,-.33,6100,6100,5930,3503,21033910,7126000,43326080000
20260901,480370,KR7480370006,씨케이솔루션,KOSPI,1435,-30,-2.05,1430,1459,1417,38653,55207524,32481408,46610820480
20260901,481070,KR7481070001,에이유브랜즈,KOSDAQ,19950,-600,-2.92,20450,21700,19570,16269,324940650,14330250,285888487500
20260901,481850,KR7481850006,신한글로벌액티브리츠,KOSPI,985,10,1.03,975,986,973,18768,18329740,43477664,42825499040
20260901,481890,KR7481890002,엔에이치스팩31호,KOSDAQ,2070,0,0,2075,2075,2065,7469,15458015,6345000,13134150000
20260901,482520,KR7482520004,교보16호스팩,KOSDAQ,2055,0,0,2055,2055,2050,25392,52054527,6100000,12535500000
20260901,482630,KR7482630001,삼양엔씨켐,KOSDAQ,12980,-140,-1.07,12990,13190,12830,40203,521859205,21888280,284109874400
20260901,482680,KR7482680006,미래에셋비전스팩7호,KOSDAQ,2055,0,0,0,0,0,0,0,8215000,16881825000
20260901,482690,KR7482690005,대신밸런스제19호스팩,KOSDAQ,2070,0,0,2065,2070,2060,7299,15088390,5615000,11623050000
20260901,483350,KR7483350005,딜리셔스,KOSDAQ,3015,-215,-6.66,3205,3285,3015,766629,2351136118,21878960,65965064400
20260901,483650,KR7483650008,달바글로벌,KOSPI,207500,-12500,-5.68,220500,222000,205500,162531,34285961250,12525915,2599127362500
20260901,484120,KR7484120001,도우인시스,KOSDAQ,18300,-200,-1.08,18500,18640,17990,11636,211645115,10957422,200520822600
20260901,484130,KR7484130000,하나34호스팩,KOSDAQ,2035,-5,-.25,2050,2060,2030,4629,9411062,4520000,9198200000
20260901,484590,KR7484590005,삼양컴텍,KOSDAQ,6700,-180,-2.62,6880,7010,6540,130992,873929650,41210450,276110015000
20260901,484810,KR7484810007,티엑스알로보틱스,KOSDAQ,13430,-350,-2.54,13850,13860,13320,156174,2113321875,15450915,207505788450
20260901,484870,KR7484870001,엠앤씨솔루션,KOSPI,18400,100,.55,18050,18700,17490,233567,4221027750,27461700,505295280000
20260901,486630,KR7486630007,KB제30호스팩,KOSDAQ,2050,-10,-.49,2055,2065,2040,343,704640,5310000,10885500000
20260901,486990,KR7486990005,노타,KOSDAQ,18500,-270,-1.44,18810,18950,18300,73756,1372225300,21392430,395759955000
20260901,487360,KR7487360000,신한제14호스팩,KOSDAQ,2030,-5,-.25,2035,2035,2030,210,426795,5640000,11449200000
20260901,487400,KR7487400004,케이앤에스아이앤씨,KOSDAQ,8030,-530,-6.19,8560,8660,7950,449545,3696940495,10260882,82394882460
20260901,487570,KR7487570004,HS효성,KOSPI,48150,250,.52,46850,48400,46850,1398,66831575,3725927,179403385050
20260901,487580,KR7487580003,폴레드,KOSDAQ,3235,-45,-1.37,3220,3310,3190,94536,305394612,25182861,81466555335
20260901,487720,KR7487720005,키움제10호스팩,KOSDAQ,2040,-15,-.73,2035,2040,2035,81,165235,4230000,8629200000
20260901,487830,KR7487830002,신한제15호스팩,KOSDAQ,2060,0,0,2050,2060,2040,100,205265,4350000,8961000000
20260901,488060,KR7488060005,유진스팩11호,KOSDAQ,2030,-5,-.25,2035,2040,2030,3335,6786245,4720000,9581600000
20260901,488280,KR7488280009,에스투더블유,KOSDAQ,10210,-210,-2.02,10310,10320,10050,36889,374178040,10825486,110528212060
20260901,488900,KR7488900002,비츠로넥스텍,KOSDAQ,9390,-140,-1.47,9470,9600,9320,27206,256527245,28976443,272088799770
20260901,489210,KR7489210005,교보17호스팩,KOSDAQ,2060,-15,-.72,2050,2065,2050,67,138040,5180000,10670800000
20260901,489460,KR7489460006,바이오비쥬,KOSDAQ,12030,-90,-.74,12120,12550,11550,200293,2426745420,14753287,177482042610
20260901,489480,KR7489480004,키움제11호스팩,KOSDAQ,2180,-20,-.91,2150,2205,2150,23828,52111960,6600000,14388000000
20260901,489500,KR7489500009,엘케이켐,KOSDAQ,20650,-300,-1.43,21200,21350,20600,7073,148262050,6391238,131979064700
20260901,489730,KR7489730002,디비금융제13호스팩,KOSDAQ,2055,0,0,2040,2055,2040,203,416985,6332000,13012260000
20260901,489790,KR7489790006,한화비전,KOSPI,49700,-400,-.8,50100,50500,49150,73290,3653104825,50488390,2509272983000
20260901,490470,KR7490470002,세미파이브,KOSDAQ,15390,0,0,15460,15700,14800,191449,2912830430,34025440,523651521600
20260901,491000,KR7491000006,리브스메드,KOSDAQ,33350,-250,-.74,34100,34100,32850,108573,3607411050,25255271,842263287850
20260901,492220,KR7492220009,KB제31호스팩,KOSDAQ,2035,0,0,2040,2040,2030,617,1255035,6210000,12637350000
20260901,493280,KR7493280002,아이엠바이오로직스,KOSDAQ,15300,-780,-4.85,15800,16070,15040,61026,936065640,14836549,226999199700
20260901,493330,KR7493330005,지에프아이,KOSDAQ,13600,1000,7.94,12580,15000,12470,320489,4427487830,8039513,109337376800
20260901,493790,KR7493790000,유안타제17호스팩,KOSDAQ,2020,-15,-.74,2020,2030,2020,2944,5946910,5310000,10726200000
20260901,494120,KR7494120009,큐리오시스,KOSDAQ,8740,-380,-4.17,9020,9070,8610,51278,448619690,15259764,133370337360
20260901,495810,KR7495810004,유비씨,KONEX,13120,0,0,0,0,0,0,0,2500000,32800000000
20260901,496070,KR7496070004,신한제16호스팩,KOSDAQ,2010,0,0,2010,2010,2005,108,216580,5620000,11296200000
20260901,496320,KR7496320003,본시스템즈,KONEX,1023000,0,0,0,0,0,0,0,1015973,1039340379000
20260901,498390,KR7498390004,한화플러스제5호스팩,KOSDAQ,2035,0,0,0,0,0,0,0,4960000,10093600000
20260901,499790,KR7499790004,GS피앤엘,KOSPI,45300,1450,3.31,44100,45700,43200,81854,3667458700,19830841,898337097300
20260901,950190,KR8344390008,고스트스튜디오,KOSDAQ,9900,-160,-1.59,10000,10150,9860,21961,218711420,13017059,128868884100
20260901,950170,KR8392080006,JTC,KOSDAQ,4370,30,.69,4385,4405,4340,2347,10297890,48773115,213138512550
20260901,950210,KR8702070002,프레스티지바이오파마,KOSPI,6520,20,.31,6380,6600,6240,47014,300637110,60096155,391826930600
20260901,950250,KR8826050005,테라뷰,KOSDAQ,2355,40,1.73,2315,2385,2300,49214,115365297,35517731,83644256505
20260901,950130,KR8840090003,엑세스바이오,KOSDAQ,2570,0,0,2575,2585,2430,135245,338080862,35173834,90396753380
20260901,950140,KR8840110108,잉글우드랩,KOSDAQ,8840,-180,-2,8950,9020,8800,25720,227641610,19867866,175631935440
20260901,950160,KR8840120008,코오롱티슈진,KOSDAQ,17940,320,1.82,17830,18800,17490,1291293,23151942720,84970160,1524364670400
20260901,950220,KR8840140006,네오이뮨텍,KOSDAQ,2590,85,3.39,2505,2650,2470,840828,2155099367,34211840,88608665600
20260901,950200,KR8840150005,소마젠,KOSDAQ,3595,120,3.45,3410,4085,3335,2039666,7725275846,19236053,69153610535
20260901,950260,KR8840280000,인제니아테라퓨틱스(Reg.S),KOSDAQ,19290,1650,9.35,17440,19390,17360,7720682,143883953755,49444607,953786469030
20260901,900120,KYG2114A1094,씨엑스아이,KOSDAQ,1040,0,0,0,0,0,0,0,16669660,17336446400
20260901,900250,KYG2115T1076,크리스탈신소재,KOSDAQ,1178,-12,-1.01,1190,1193,1165,82349,96628744,35815001,42190071178
20260901,900070,KYG3931T1076,글로벌에스엠,KOSDAQ,1025,17,1.69,1024,1029,1004,62787,63832509,26871984,27543783600
20260901,900140,KYG5307W1015,엘브이엠씨홀딩스,KOSPI,1231,-29,-2.3,1260,1276,1220,343192,422630747,193240432,237878971792
20260901,900100,USU652221081,파이온엑스,KOSDAQ,2350,541,29.91,2350,2350,2210,299025,702089795,5276050,12398717500
